token,score
muhammad,1667.179
god,1577.600
certainly,1511.328
believers,1432.674
torment,1244.768
quran,810.390
unbelievers,787.907
revelations,734.200
guidance,730.740
messenger,710.514
deeds,663.177
unjust,648.771
hell,579.330
created,534.953
evidence,529.185
disbelievers,494.092
heavens,464.960
reward,452.817
judgment,451.575
people,440.336
shall,438.300
israel,425.013
ones,423.793
revealed,409.638
suffer,397.187
wants,384.284
favors,384.080
ask,375.467
king,371.466
forgiving,370.227
truth,367.817
book,362.637
human,356.128
worship,352.984
true,345.210
merciful,339.130
knows,334.663
replied,330.100
majestic,328.551
pious,327.497
equal,320.053
paradise,317.824
messengers,316.874
man,315.303
righteously,309.510
disbelief,300.520
pagans,296.025
guide,291.278
worldly,280.659
guardian,278.971
jinn,278.047
sustenance,272.978
believe,272.477
fact,260.401
existence,260.074
rejected,257.651
path,257.524
aware,252.365
forgiveness,247.159
want,245.938
painful,244.817
best,242.734
beneficent,242.106
mankind,241.153
went,240.564
house,238.844
religion,235.886
striving,234.787
son,228.847
benefit,228.200
knowing,228.075
tell,224.028
terrible,222.843
news,217.558
astray,217.476
sky,210.946
faith,210.781
ot,209.849
follow,208.350
hand,204.965
belief,204.335
wanted,202.584
injustice,197.733
miracles,196.765
universe,192.718
men,192.141
cause,185.194
try,184.070
belongs,183.799
think,183.761
gardens,183.308
came,182.386
punishment,182.380
happiness,181.908
help,181.507
life,180.595
hearts,178.765
recompense,174.921
told,172.771
satan,167.541
sons,166.963
patience,166.057
unseen,165.795
said,164.698
group,164.648
lord,163.027
says,162.773
dwellers,159.493
whomever,155.631
clear,154.290
receive,152.770
judah,152.615
granted,151.632
david,150.556
jerusalem,149.423
doers,149.058
hardship,149.058
considered,148.105
say,148.028
angels,147.835
virtuous,146.050
town,145.641
sufficient,144.908
respite,138.882
falsehood,138.302
property,138.302
steadfast,137.370
knowledge,136.952
saying,135.530
disbelieve,134.397
protect,132.613
believing,132.097
sinful,132.027
jesus,130.105
story,129.247
revelation,128.718
warn,127.778
followers,125.656
retribution,125.429
worshipped,125.429
consider,124.200
according,123.116
virtue,121.222
beings,120.945
lived,120.520
permission,119.294
result,119.183
city,119.096
share,118.814
took,117.075
ignore,116.462
relations,116.462
piety,114.707
unlawful,114.707
streams,113.487
forgive,113.423
behold,113.055
homes,112.365
reply,112.365
heart,112.110
bounties,111.979
exercise,110.847
religious,110.233
truthful,110.233
deny,109.538
grant,108.541
muslims,107.496
responsible,107.496
father,107.259
christ,106.207
prevent,105.760
day,105.490
public,104.465
warning,102.869
children,102.565
promise,100.270
single,100.017
idols,99.884
egypt,99.802
error,99.615
prostrate,99.110
spoke,98.905
attractive,98.532
illustrious,98.532
thamud,98.532
fear,98.313
lost,98.106
noah,97.025
differences,96.816
pay,96.570
experience,95.573
groups,95.573
days,94.873
criminals,94.701
worshipping,94.050
doubt,93.860
submitted,92.346
spend,92.336
land,91.200
recall,91.132
started,91.132
person,90.626
fruits,89.629
admit,89.569
disregard,89.569
guided,89.479
earth,89.193
flow,87.969
recite,87.878
supreme,87.878
better,87.781
creation,87.560
offering,86.946
heaven,86.788
word,86.427
priest,85.983
reminder,85.902
mere,85.520
create,85.259
ad,85.087
mosque,85.087
torah,85.087
repentance,84.319
prayers,84.099
genuine,83.411
grants,83.411
invented,83.411
realize,83.411
reject,82.317
holy,81.632
voice,81.556
magic,81.513
subservient,80.606
wealth,80.165
heard,78.813
answered,78.151
asked,77.955
souls,77.536
rewards,77.132
mercy,77.090
deserves,76.747
liars,76.747
suffering,76.673
argue,76.126
authoritative,76.126
humiliating,76.126
inevitable,76.126
resurrected,76.126
saw,76.086
act,75.989
evil,75.975
sword,74.774
preference,73.410
hypocrites,72.760
wronged,72.746
deserve,72.430
receiving,72.430
ancient,72.407
glorify,72.385
miracle,72.350
mouth,71.732
islam,71.645
lesson,71.645
mecca,71.645
verses,71.645
victory,71.027
reveal,70.299
set,70.054
decree,69.315
wrong,69.254
different,68.838
guides,68.284
easy,68.127
severe,68.003
brethren,67.705
admitted,67.165
mim,67.165
ungrateful,67.165
priests,67.075
saul,66.945
expel,65.563
recited,65.563
spirit,65.108
prayer,64.292
message,64.178
proper,64.122
claim,64.047
decreed,63.841
cities,63.604
glad,62.959
achieve,62.686
angelic,62.686
pairs,62.686
warner,62.686
temple,62.520
altar,62.463
law,61.385
bread,61.382
replace,61.108
questioned,60.181
accept,60.131
instead,60.029
surely,59.990
work,59.765
gains,59.682
orphans,59.572
harm,58.468
alif,58.206
barrier,58.206
bible,58.206
consequences,58.206
dislike,58.206
disobey,58.206
hostility,58.206
ignored,58.206
lam,58.206
mislead,58.206
muslim,58.206
salih,58.206
spouses,58.206
affairs,57.744
maintain,57.744
support,57.570
wilderness,57.232
nations,56.788
praiseworthy,56.656
threatened,56.656
whichever,56.656
midst,56.608
books,56.389
servant,55.918
kings,55.806
desires,55.595
disgrace,55.389
private,55.389
drowned,55.323
unaware,55.323
hosts,55.188
thousand,54.965
gold,54.298
head,54.104
israelites,53.894
control,53.846
absolute,53.727
ayb,53.727
forbearing,53.727
hardships,53.727
indecency,53.727
prostration,53.727
shu,53.727
truthfulness,53.727
tabernacle,53.145
able,53.119
triumph,52.852
right,52.642
destitute,52.375
feel,52.375
daughter,52.177
ignorant,51.849
committing,51.795
record,51.795
enjoyment,51.408
guardians,51.408
ascribe,51.085
protection,51.085
records,51.085
condemned,50.988
babylon,50.934
enjoy,50.892
stood,50.501
field,50.254
year,49.421
iblis,49.248
magician,49.248
reform,49.248
blood,49.207
mortal,49.153
dwell,48.986
let,48.521
wicked,48.040
unless,47.867
disbelieved,47.766
disobeyed,47.766
inspired,47.766
warnings,47.766
swear,47.278
plans,47.138
benefits,47.040
expect,47.040
insane,47.040
mentioned,47.040
sins,46.639
burnt,46.517
iniquity,46.116
loss,45.560
waiting,45.560
silver,45.560
thanks,45.011
young,44.992
glory,44.771
arabic,44.770
asunder,44.770
bounty,44.770
chapter,44.770
devils,44.770
exists,44.770
inevitably,44.770
legends,44.770
rent,44.770
successors,44.770
travelled,44.770
worshippers,44.770
zakat,44.770
change,44.618
years,44.517
spoken,44.277
deliver,44.200
mighty,44.054
telling,43.420
christians,43.330
evenings,43.330
final,43.330
grateful,43.330
mornings,43.330
kind,43.316
decided,43.157
patient,43.157
pass,43.064
righteousness,43.037
doomed,42.735
payment,42.735
philistines,42.721
closer,42.688
forgives,42.688
despite,42.545
stern,42.545
reach,42.414
submit,42.414
wills,42.414
dwelt,42.268
delivered,42.172
commands,42.116
greatest,41.986
levites,41.364
adam,41.154
hearing,41.112
firm,40.863
multitude,40.746
joshua,40.685
waters,40.294
challenge,40.291
decides,40.291
explains,40.291
legacy,40.291
munificent,40.291
ra,40.291
victorious,40.291
favor,40.043
helper,40.033
carnal,39.791
leave,39.446
testify,39.338
preach,39.293
devoid,39.118
disputes,39.118
recompensed,39.118
cut,38.920
abandoned,38.902
baby,38.902
experienced,38.902
original,38.902
trustworthy,38.902
unjustly,38.902
vast,38.902
worst,38.902
arose,38.651
distinction,38.606
exist,38.606
expelled,38.606
accepted,38.471
honorable,38.471
reckoning,38.357
girls,38.318
hear,38.095
turn,38.074
relatives,38.067
disciples,37.907
works,37.898
tax,37.855
blast,37.697
doom,37.512
promised,37.293
laid,37.037
transgressors,36.751
seven,36.687
jordan,36.391
subject,36.270
departed,36.229
wise,36.187
gathered,36.183
strive,36.171
lay,36.003
soon,35.995
means,35.988
ignorance,35.886
appointment,35.813
charity,35.813
conjecture,35.813
determines,35.813
disbelieving,35.813
dominant,35.813
ha,35.813
intention,35.813
obstacles,35.813
spending,35.813
zachariah,35.813
punish,35.771
commit,35.697
happened,35.671
liar,35.042
elders,34.786
stories,34.521
accepts,34.485
activities,34.485
destined,34.485
existed,34.485
start,34.485
boiling,34.126
revenge,34.126
confirms,34.050
despair,34.050
friendship,34.050
properly,34.050
regret,34.050
conceal,33.995
fighting,33.995
travel,33.995
lawful,33.944
purpose,33.944
nt,33.908
fell,33.860
jacob,33.279
happy,33.122
reigned,33.005
magicians,32.931
dispute,32.646
woman,32.622
called,32.600
offerings,32.516
given,32.436
thirty,32.395
princes,32.329
authority,32.173
died,32.079
built,32.068
causes,32.056
powerful,32.041
trial,32.041
paul,31.878
peter,31.878
oil,31.844
laws,31.789
dwelling,31.577
matters,31.450
bewitched,31.336
corn,31.336
encompasses,31.336
exempt,31.336
expiate,31.336
fatigue,31.336
females,31.336
germ,31.336
hud,31.336
misled,31.336
motionless,31.336
prohibited,31.336
simply,31.336
term,31.336
received,31.310
camp,31.201
zion,31.201
devoted,31.197
period,31.197
ephraim,30.750
couches,30.489
doubts,30.489
orders,30.489
proof,30.489
war,30.459
attention,30.426
blessings,30.363
live,30.345
fall,30.321
garden,30.286
old,30.120
decked,30.082
demanded,30.082
knowingly,30.082
real,30.082
seduce,30.082
know,29.996
rejects,29.979
compassionate,29.775
parties,29.775
wombs,29.775
manifest,29.668
taken,29.551
sat,29.467
joy,29.397
clearly,29.285
creator,29.285
moab,29.172
punished,29.133
burned,29.016
country,28.791
peoples,28.791
body,28.647
fathers,28.581
parents,28.520
manasseh,28.496
provide,28.376
gentiles,28.271
later,28.267
strength,28.103
flesh,27.938
benjamin,27.823
unclean,27.820
caused,27.761
aaron,27.689
sanctuary,27.666
witness,27.511
river,27.441
cried,27.438
bronze,27.370
statutes,27.370
proved,27.334
places,27.326
grain,27.222
till,27.216
mary,27.145
arise,27.144
jeremiah,27.144
wish,27.144
rejoice,27.106
purify,27.101
fled,26.991
preaching,26.972
belong,26.964
address,26.858
al,26.858
animosity,26.858
argument,26.858
bellies,26.858
caravan,26.858
chastity,26.858
deserved,26.858
destination,26.858
encompassed,26.858
farms,26.858
hajj,26.858
humiliate,26.858
intimate,26.858
invents,26.858
precinct,26.858
prevented,26.858
reality,26.858
recline,26.858
refer,26.858
renounce,26.858
resurrect,26.858
statements,26.858
suppressed,26.858
gate,26.790
knew,26.544
intercede,26.521
mocking,26.521
party,26.521
obedience,26.490
thing,26.334
lifted,26.244
chief,26.227
reason,26.125
cast,26.121
incense,26.018
joab,26.018
appointed,25.954
dowry,25.887
relieved,25.887
force,25.819
sends,25.819
abode,25.697
bearer,25.697
blazing,25.697
deceased,25.697
excuses,25.697
loan,25.697
mansions,25.697
totally,25.697
arrogant,25.670
invite,25.670
salvation,25.583
begot,25.568
creates,25.541
fate,25.541
greeting,25.541
protected,25.541
sacrificial,25.541
return,25.432
wall,25.374
month,25.350
desolate,25.343
sight,25.342
resurrection,25.312
inheritance,25.293
written,25.193
camel,25.176
gilead,25.118
settled,24.742
assembly,24.668
bless,24.668
congregation,24.668
north,24.668
samuel,24.668
placed,24.643
ordained,24.584
rescue,24.584
settle,24.584
defeat,24.577
task,24.577
everlasting,24.573
cubits,24.519
serve,24.418
creatures,24.356
sending,24.319
pharaoh,24.293
rebellion,24.280
sheep,24.255
anger,24.240
outside,24.017
assyria,23.993
hezekiah,23.993
samaria,23.768
avoid,23.554
meaning,23.554
south,23.543
repent,23.530
high,23.526
place,23.522
recorded,23.354
seventh,23.318
look,23.174
mention,23.151
ground,22.999
judgments,22.946
seek,22.809
stones,22.709
second,22.696
neighbor,22.643
difficult,22.632
flames,22.632
supported,22.632
safe,22.569
sacred,22.466
firstborn,22.418
concerning,22.398
amnesty,22.381
based,22.381
blindly,22.381
blissful,22.381
cradle,22.381
criteria,22.381
dates,22.381
deliberately,22.381
desist,22.381
deviate,22.381
disbeliever,22.381
distant,22.381
excessive,22.381
fluid,22.381
hostile,22.381
immediate,22.381
immortal,22.381
indecent,22.381
indulged,22.381
intercessors,22.381
medina,22.381
messengerss,22.381
moderate,22.381
niggardly,22.381
oceans,22.381
orbit,22.381
persist,22.381
prevents,22.381
previous,22.381
protector,22.381
recitation,22.381
reclining,22.381
reminders,22.381
replaced,22.381
satans,22.381
sects,22.381
shirt,22.381
showered,22.381
soloman,22.381
supporters,22.381
looked,22.363
woe,22.015
speak,21.996
like,21.958
wine,21.901
ways,21.893
contains,21.866
demand,21.866
nearby,21.866
transgressing,21.866
families,21.856
stone,21.847
fine,21.784
deaf,21.772
advice,21.683
wife,21.683
mountain,21.618
secure,21.614
lips,21.600
door,21.485
does,21.438
wood,21.376
friends,21.372
approaches,21.361
arabs,21.361
blamed,21.361
humbly,21.361
invent,21.361
silk,21.361
abandon,21.339
amid,21.339
ascribed,21.339
avail,21.339
containing,21.339
decide,21.339
destiny,21.339
enjoyed,21.339
enlightening,21.339
equally,21.339
incurred,21.339
independent,21.339
mortals,21.339
obeys,21.339
prostrating,21.339
quarrelsome,21.339
reasonable,21.339
source,21.339
unable,21.339
welfare,21.339
ashamed,21.293
flock,21.293
ability,21.280
rise,21.265
eat,21.205
fight,21.158
edom,21.069
shame,21.069
stay,20.967
chariots,20.844
angel,20.820
tradition,20.741
depart,20.669
killed,20.617
sent,20.593
fruit,20.571
kinds,20.479
self,20.349
towns,20.349
lose,20.213
marry,20.213
jonathan,20.169
forth,20.048
forgave,20.004
ordered,20.004
lamb,19.945
reign,19.945
solomon,19.907
broken,19.901
generous,19.873
wishes,19.873
daughters,19.850
ear,19.806
numbered,19.720
power,19.549
beth,19.495
flee,19.495
jeroboam,19.495
bore,19.472
baal,19.270
captivity,19.270
bad,19.220
deed,19.180
yes,19.079
border,19.046
sacrifices,19.046
born,19.040
really,18.910
graves,18.864
mocked,18.864
blame,18.841
contain,18.841
examples,18.841
grieve,18.841
keepers,18.841
elijah,18.821
tent,18.821
recognize,18.746
offered,18.731
master,18.668
today,18.609
canaan,18.596
lift,18.596
oh,18.596
feet,18.503
commandments,18.408
anointed,18.372
linen,18.372
mother,18.237
commanded,18.228
commandment,18.221
bull,18.147
esau,18.147
image,18.147
secrets,18.093
sing,18.014
beloved,17.999
chaste,17.937
compared,17.937
bed,17.922
achieved,17.904
addressed,17.904
adopt,17.904
alternation,17.904
annoy,17.904
appreciating,17.904
arrogantly,17.904
atom,17.904
attitude,17.904
badr,17.904
baggage,17.904
bargain,17.904
brocade,17.904
confederate,17.904
constructed,17.904
contract,17.904
creating,17.904
description,17.904
dhu,17.904
difficulties,17.904
distinct,17.904
doubtful,17.904
emergency,17.904
engulf,17.904
expiation,17.904
explanation,17.904
extremely,17.904
funds,17.904
gambling,17.904
harmed,17.904
ignores,17.904
induce,17.904
information,17.904
invention,17.904
kindred,17.904
marital,17.904
mistake,17.904
murdering,17.904
neglectful,17.904
originator,17.904
poet,17.904
pork,17.904
pre,17.904
predecessors,17.904
prefer,17.904
prophethood,17.904
protects,17.904
qarnayn,17.904
quarrelling,17.904
rebelliousness,17.904
recipient,17.904
reforms,17.904
reminded,17.904
repenting,17.904
satanic,17.904
sized,17.904
slightest,17.904
sperm,17.904
stingy,17.904
strove,17.904
superiority,17.904
therefrom,17.904
trellises,17.904
types,17.904
unite,17.904
unnecessary,17.904
untouched,17.904
zaqqum,17.904
covenant,17.862
feast,17.850
abraham,17.827
afterward,17.698
nebuchadnezzar,17.698
greatly,17.631
facing,17.516
bestowed,17.512
issue,17.512
march,17.512
pillars,17.473
matter,17.466
come,17.460
rose,17.342
saints,17.342
child,17.295
befalls,17.256
bountiful,17.256
exercised,17.256
express,17.256
headlong,17.256
impose,17.256
neglected,17.256
relieve,17.256
trying,17.256
absalom,17.249
assuredly,17.249
finished,17.249
beginning,17.111
burn,17.106
afflicted,17.049
ammon,17.024
captains,17.024
ram,17.024
absence,17.022
arguing,17.022
balance,17.022
commemorate,17.022
compete,17.022
crime,17.022
deities,17.022
exactly,17.022
granting,17.022
illiterate,17.022
nearer,17.022
planned,17.022
positions,17.022
respond,17.022
senses,17.022
thinking,17.022
beast,16.972
near,16.956
ahab,16.799
remnant,16.799
reproach,16.799
rod,16.799
build,16.783
buried,16.667
oxen,16.575
noble,16.386
account,16.384
gad,16.350
likewise,16.350
shekels,16.350
exposed,16.316
guests,16.316
neglect,16.316
success,16.316
grace,16.291
duty,16.229
various,16.229
warned,16.229
common,16.224
glorious,16.222
denied,16.206
strange,16.206
destroyed,16.134
atonement,16.126
chaldeans,16.126
pharisees,16.126
pit,16.126
faces,16.100
clothes,16.095
walk,16.050
charge,16.000
exalted,15.974
defiled,15.901
barren,15.761
brought,15.590
possession,15.553
inhabitants,15.550
sacrifice,15.550
supposed,15.475
captive,15.452
jehoshaphat,15.452
precious,15.452
saved,15.426
john,15.399
goats,15.338
household,15.338
sweet,15.338
going,15.241
church,15.228
lambs,15.228
livestock,15.228
sinned,15.221
hard,15.210
open,15.186
drop,15.176
helpless,15.176
responsibility,15.176
shape,15.176
treaty,15.176
offspring,15.058
rest,15.055
cattle,15.052
position,15.043
stranger,15.004
walked,15.002
obey,14.974
explain,14.893
tried,14.893
lion,14.883
poured,14.883
direction,14.855
heirs,14.855
plants,14.855
promises,14.855
filled,14.786
captain,14.779
donkey,14.779
forsaken,14.779
shut,14.779
sit,14.745
prayed,14.598
cease,14.555
daniel,14.555
gives,14.545
break,14.405
offer,14.377
afraid,14.371
choose,14.333
amen,14.330
levi,14.330
grieved,14.236
seventy,14.234
abundant,14.198
morning,14.191
east,14.187
rewarded,14.183
slew,14.183
certainty,14.130
forbidden,14.130
gabriel,14.130
nearest,14.130
youths,14.130
simon,14.106
horses,14.102
poor,14.078
foot,14.013
egyptians,13.990
exceedingly,13.990
garment,13.990
test,13.908
abominations,13.882
galilee,13.882
hebron,13.882
rams,13.882
reuben,13.882
selah,13.882
syria,13.882
kingdom,13.870
animals,13.833
prepare,13.792
gather,13.781
stop,13.703
tells,13.703
amorites,13.657
dan,13.657
eaten,13.572
famine,13.572
drink,13.543
asking,13.503
tribe,13.481
sail,13.476
abomination,13.433
forsake,13.433
passover,13.433
rebuke,13.433
absolutely,13.428
affect,13.428
afflicts,13.428
amusement,13.428
appointing,13.428
argued,13.428
aunts,13.428
avoided,13.428
awaits,13.428
bedouins,13.428
befell,13.428
beggars,13.428
beliefs,13.428
beneficial,13.428
benevolent,13.428
bequest,13.428
bestows,13.428
brink,13.428
changing,13.428
clot,13.428
consequence,13.428
contents,13.428
convey,13.428
denial,13.428
descends,13.428
described,13.428
devotedly,13.428
disobeys,13.428
disregards,13.428
disrespect,13.428
dominated,13.428
drowning,13.428
duly,13.428
elias,13.428
embark,13.428
emigrants,13.428
ending,13.428
equivalent,13.428
essence,13.428
eventually,13.428
existing,13.428
experiencing,13.428
fluent,13.428
gradual,13.428
guile,13.428
illegal,13.428
impious,13.428
important,13.428
indulge,13.428
infidels,13.428
insist,13.428
islamic,13.428
jest,13.428
kinsmen,13.428
losers,13.428
lumps,13.428
mandatory,13.428
manners,13.428
maternal,13.428
migrated,13.428
mischief,13.428
mistakes,13.428
modest,13.428
mosques,13.428
moulded,13.428
non,13.428
obligations,13.428
obligatory,13.428
ocean,13.428
omnipresent,13.428
onlookers,13.428
overwhelming,13.428
paltry,13.428
pardons,13.428
paternal,13.428
persistently,13.428
prohibit,13.428
proportionately,13.428
protectors,13.428
qibla,13.428
rabbis,13.428
reflect,13.428
rejecting,13.428
religions,13.428
remarks,13.428
results,13.428
resume,13.428
revives,13.428
salty,13.428
sheer,13.428
slanderous,13.428
stage,13.428
superior,13.428
suppressing,13.428
suspicious,13.428
sustainer,13.428
ta,13.428
testaments,13.428
thirds,13.428
travellers,13.428
triumphant,13.428
trunks,13.428
tur,13.428
tyrant,13.428
variety,13.428
views,13.428
warners,13.428
warns,13.428
worthier,13.428
wrongly,13.428
ya,13.428
moved,13.352
fallen,13.320
ruler,13.320
longer,13.286
destructive,13.257
discord,13.257
huge,13.257
miserable,13.257
misfortune,13.257
oppose,13.257
rank,13.257
reasons,13.257
steadfastness,13.257
veiled,13.257
visible,13.257
court,13.246
dwells,13.209
eleazar,13.209
harlot,13.209
villages,13.209
pure,13.172
established,13.134
counsel,13.131
ready,13.131
road,13.097
times,13.013
camped,12.984
devour,12.984
lives,12.955
falsely,12.919
allowed,12.912
confused,12.912
considering,12.912
ill,12.912
intercession,12.912
submissive,12.912
loved,12.911
bowed,12.874
aside,12.828
affected,12.768
approaching,12.768
attributes,12.768
believer,12.768
conveyed,12.768
determination,12.768
disobeying,12.768
drag,12.768
forbids,12.768
incur,12.768
intense,12.768
intercessor,12.768
lasting,12.768
paying,12.768
proofs,12.768
punishes,12.768
rejection,12.768
starts,12.768
successful,12.768
tired,12.768
free,12.761
cursed,12.760
endures,12.760
jericho,12.760
waste,12.760
zedekiah,12.760
known,12.659
continually,12.651
wept,12.651
wickedness,12.543
anymore,12.536
arm,12.536
bethel,12.536
length,12.536
consume,12.534
sake,12.469
passed,12.448
tongue,12.448
carried,12.411
keeping,12.409
marriage,12.409
cloud,12.394
dawn,12.365
mothers,12.365
oaths,12.365
prove,12.365
abimelech,12.311
apostles,12.311
fury,12.311
lands,12.252
sabbath,12.239
plan,12.230
pride,12.188
agreement,12.152
balaam,12.087
crown,12.087
flour,12.087
lebanon,12.087
region,12.087
worshiped,12.087
opened,12.066
little,11.983
swift,11.971
curse,11.964
fourth,11.964
produce,11.918
stand,11.883
afar,11.863
width,11.863
double,11.854
certain,11.797
utterly,11.748
coming,11.689
climb,11.673
disputed,11.673
forefathers,11.673
hollow,11.673
inherited,11.673
marked,11.673
moving,11.673
relief,11.673
submission,11.673
witnessed,11.673
suffered,11.649
chariot,11.639
plague,11.639
plunder,11.639
rule,11.639
widow,11.639
clothed,11.594
drew,11.594
walls,11.538
mind,11.533
clay,11.497
meeting,11.440
hill,11.415
officers,11.415
vineyard,11.415
violence,11.415
seed,11.408
did,11.403
abundance,11.374
rock,11.318
throw,11.218
abner,11.190
cherubim,11.190
edge,11.190
escaped,11.190
horns,11.190
jehu,11.190
kingdoms,11.190
syrians,11.190
tomb,11.190
wonders,11.190
ate,11.115
generation,11.103
yield,11.091
produced,11.031
spouse,11.031
bear,11.019
bashan,10.966
rested,10.966
shepherd,10.966
teacher,10.966
ark,10.945
new,10.940
healed,10.937
eyes,10.922
join,10.904
riches,10.889
hair,10.871
hills,10.871
tents,10.871
territory,10.871
youth,10.871
half,10.868
sea,10.866
goes,10.853
useless,10.801
example,10.789
mock,10.789
daily,10.742
foolish,10.742
horsemen,10.742
jehoiada,10.742
mordecai,10.742
purple,10.742
shechem,10.742
tyre,10.742
husband,10.711
iron,10.674
kept,10.536
breath,10.518
governor,10.518
pilate,10.518
table,10.500
cross,10.495
bit,10.490
deprived,10.490
gently,10.490
harder,10.490
partner,10.490
reconciliation,10.490
yellow,10.490
branches,10.426
troubled,10.426
houses,10.358
helped,10.354
abram,10.294
canaanites,10.294
damascus,10.294
height,10.294
isaiah,10.294
naphtali,10.294
vine,10.294
witnesses,10.294
clean,10.286
wash,10.282
entrance,10.204
number,10.180
sister,10.173
pieces,10.108
strike,10.086
approach,10.078
asa,10.070
bulls,10.070
fortified,10.070
judea,10.070
laban,10.070
ought,10.070
weary,10.070
zadok,10.070
moon,10.063
inner,9.982
service,9.969
sought,9.908
deep,9.846
doors,9.846
rulers,9.846
articles,9.846
multitudes,9.846
virgin,9.846
yoke,9.846
consumed,9.820
question,9.803
redeemed,9.760
exchange,9.704
fixed,9.704
footsteps,9.704
future,9.704
pearls,9.704
returned,9.640
brook,9.622
josiah,9.622
sackcloth,9.622
trespass,9.622
lies,9.599
hatred,9.584
increases,9.584
pagan,9.584
companion,9.509
grow,9.504
lead,9.502
decision,9.451
divine,9.451
forgot,9.451
puffed,9.451
ranks,9.451
backs,9.448
agony,9.419
awe,9.419
disdain,9.419
heavier,9.419
physical,9.419
provides,9.419
realized,9.419
sincerely,9.419
statement,9.419
torments,9.419
trivial,9.419
upside,9.419
weighing,9.419
fool,9.411
minister,9.411
ran,9.411
aroma,9.397
cedar,9.397
gibeah,9.397
heal,9.397
horn,9.397
multiply,9.397
scarlet,9.397
seat,9.397
song,9.397
wheat,9.397
swore,9.395
beasts,9.359
hide,9.317
commander,9.317
foundation,9.317
honey,9.317
images,9.317
gates,9.313
descendants,9.294
angry,9.245
hate,9.245
slave,9.233
draw,9.194
listen,9.188
loud,9.183
prophesy,9.183
azariah,9.173
bethlehem,9.173
blameless,9.173
goat,9.173
heap,9.173
iniquities,9.173
ox,9.173
sodom,9.173
uncircumcised,9.173
unleavened,9.173
zebulun,9.173
dead,9.157
righteous,9.088
stretched,8.977
wrote,8.977
abandons,8.952
abilities,8.952
abstained,8.952
accumulate,8.952
achieving,8.952
alternate,8.952
anchor,8.952
appreciate,8.952
appreciated,8.952
appreciative,8.952
arrives,8.952
ascribes,8.952
assistance,8.952
association,8.952
attract,8.952
attracts,8.952
bakka,8.952
barred,8.952
bashful,8.952
bedouin,8.952
benefitted,8.952
bequeath,8.952
bequeathed,8.952
biggest,8.952
bliss,8.952
bother,8.952
brightening,8.952
calamitous,8.952
capacity,8.952
capture,8.952
carelessly,8.952
cautious,8.952
ceilings,8.952
chaos,8.952
cherisher,8.952
claimed,8.952
clarify,8.952
columns,8.952
competing,8.952
compose,8.952
comprehensively,8.952
consecutive,8.952
consists,8.952
constantly,8.952
construct,8.952
contest,8.952
continuous,8.952
contracts,8.952
controls,8.952
crash,8.952
criminal,8.952
crumble,8.952
cushions,8.952
decisions,8.952
decisively,8.952
defecated,8.952
delicious,8.952
depends,8.952
depository,8.952
designed,8.952
despairing,8.952
despairs,8.952
destitution,8.952
detailed,8.952
detested,8.952
develop,8.952
deviated,8.952
devotion,8.952
disagreed,8.952
disappointment,8.952
display,8.952
distinguishable,8.952
distressful,8.952
dome,8.952
dominance,8.952
dominate,8.952
domination,8.952
dowries,8.952
duration,8.952
effort,8.952
efforts,8.952
embarked,8.952
enlightenment,8.952
entrust,8.952
erring,8.952
explanations,8.952
explosion,8.952
facilitate,8.952
falsehoods,8.952
financial,8.952
financially,8.952
follower,8.952
forelocks,8.952
frightens,8.952
frowned,8.952
fruitless,8.952
fulfil,8.952
fun,8.952
gale,8.952
games,8.952
gloomy,8.952
goblets,8.952
grievous,8.952
gush,8.952
hardly,8.952
heading,8.952
heedless,8.952
heedlessly,8.952
honesty,8.952
hordes,8.952
hurled,8.952
ideas,8.952
idolators,8.952
idris,8.952
ihram,8.952
illiyin,8.952
immature,8.952
imprison,8.952
imran,8.952
ina,8.952
incumbent,8.952
informing,8.952
injuries,8.952
insignificant,8.952
insisting,8.952
inspire,8.952
intentionally,8.952
inventing,8.952
involvement,8.952
ismael,8.952
jolted,8.952
junction,8.952
kabah,8.952
laggardly,8.952
leadership,8.952
legal,8.952
levelled,8.952
lightening,8.952
lined,8.952
longings,8.952
luqman,8.952
luxuries,8.952
madly,8.952
magical,8.952
maintains,8.952
maintenance,8.952
manhood,8.952
meaningless,8.952
mental,8.952
mercifully,8.952
merits,8.952
mischievous,8.952
mobilize,8.952
molted,8.952
molten,8.952
monks,8.952
multiples,8.952
neglecting,8.952
niche,8.952
nobly,8.952
nocturnal,8.952
obstacle,8.952
obstruct,8.952
orphan,8.952
patronize,8.952
peacefully,8.952
penetrate,8.952
pharaohs,8.952
phases,8.952
playful,8.952
pledging,8.952
preoccupied,8.952
preserving,8.952
prompted,8.952
proposal,8.952
prostrations,8.952
provider,8.952
pus,8.952
qaf,8.952
quranic,8.952
rainfall,8.952
realizing,8.952
reasonably,8.952
reciting,8.952
reduces,8.952
reformer,8.952
regardless,8.952
regretfully,8.952
regulates,8.952
reluctant,8.952
reluctantly,8.952
remark,8.952
repeating,8.952
repentant,8.952
replacing,8.952
representative,8.952
respectable,8.952
revengeful,8.952
revert,8.952
reviewing,8.952
sabaeans,8.952
samiri,8.952
sandstorm,8.952
selves,8.952
seminal,8.952
settles,8.952
shapeless,8.952
sijin,8.952
smiled,8.952
sneaking,8.952
specially,8.952
spends,8.952
statues,8.952
stealthily,8.952
strays,8.952
strives,8.952
submissively,8.952
substitute,8.952
subtle,8.952
subverted,8.952
supporter,8.952
surviving,8.952
tariq,8.952
tayammum,8.952
temptations,8.952
terminated,8.952
terribly,8.952
toppled,8.952
traces,8.952
travelling,8.952
treatment,8.952
tries,8.952
trunk,8.952
trustee,8.952
tubba,8.952
tumbling,8.952
tuwa,8.952
unarmed,8.952
unchaste,8.952
uncles,8.952
ungratefulness,8.952
unpleasant,8.952
verbally,8.952
whispers,8.952
whosoever,8.952
winner,8.952
woeful,8.952
worshipper,8.952
asher,8.949
astonished,8.949
baptized,8.949
mourning,8.949
prophesied,8.949
rachel,8.949
repay,8.949
simeon,8.949
threshing,8.949
vessels,8.949
meet,8.933
palm,8.876
remembered,8.874
fat,8.832
defend,8.813
sounded,8.813
jews,8.763
streets,8.760
aroused,8.725
desolation,8.725
esther,8.725
gladness,8.725
goodness,8.725
haste,8.725
joash,8.725
lions,8.725
mourn,8.725
prosper,8.725
shout,8.725
synagogue,8.725
mount,8.675
away,8.664
altars,8.652
tenth,8.652
actions,8.627
apes,8.627
bewildered,8.627
composed,8.627
constant,8.627
consultation,8.627
dealings,8.627
details,8.627
disappear,8.627
distribution,8.627
dress,8.627
engulfed,8.627
equality,8.627
exact,8.627
grains,8.627
greed,8.627
healthy,8.627
increasing,8.627
involved,8.627
lawfully,8.627
monstrous,8.627
mud,8.627
obligation,8.627
pardoning,8.627
partners,8.627
perpetuated,8.627
persistent,8.627
planning,8.627
pledged,8.627
punishing,8.627
retreat,8.627
straying,8.627
strongest,8.627
study,8.627
submits,8.627
sufficiently,8.627
sunset,8.627
surprised,8.627
suspicions,8.627
temporary,8.627
widespread,8.627
broke,8.549
pour,8.544
wings,8.544
garments,8.522
ransom,8.515
sad,8.515
shade,8.515
balak,8.501
benaiah,8.501
circumcised,8.501
demons,8.501
issachar,8.501
jesse,8.501
pestilence,8.501
spirits,8.501
talked,8.501
believed,8.453
brass,8.387
chance,8.387
hasty,8.387
helpers,8.387
pilgrimage,8.387
purposes,8.387
security,8.387
treat,8.387
united,8.387
speaking,8.352
sold,8.338
neck,8.328
respect,8.297
winds,8.297
ahaz,8.277
defile,8.277
encamped,8.277
ephod,8.277
nathan,8.277
rejoiced,8.277
shed,8.277
teeth,8.277
trumpets,8.277
delay,8.270
red,8.210
turns,8.179
bound,8.152
removed,8.112
filthy,8.111
leaving,8.111
maidens,8.111
behave,8.100
plots,8.100
bondage,8.053
ephah,8.053
harlotry,8.053
hired,8.053
horse,8.053
mizpah,8.053
ordinance,8.053
rehoboam,8.053
shimei,8.053
snare,8.053
washed,8.053
womb,8.011
lie,7.929
condemnation,7.919
twice,7.919
blemish,7.829
caleb,7.829
corners,7.829
despise,7.829
hadad,7.829
james,7.829
merari,7.829
mercies,7.829
seir,7.829
testimonies,7.829
workers,7.829
sign,7.807
hated,7.768
inquire,7.768
spoil,7.768
strangers,7.768
affliction,7.709
valley,7.703
sealed,7.691
trust,7.617
ben,7.605
chronicles,7.605
countries,7.605
divisions,7.605
herod,7.605
jehoiakim,7.605
risen,7.605
samson,7.605
wages,7.605
wooden,7.605
zechariah,7.605
appeared,7.604
evening,7.604
blind,7.595
follows,7.563
unto,7.563
flocks,7.557
slain,7.552
chambers,7.548
robe,7.548
thoughts,7.548
provided,7.522
forward,7.516
wives,7.503
carved,7.467
ends,7.467
leader,7.467
bringing,7.382
dew,7.382
fatherless,7.382
gath,7.382
gilgal,7.382
indignation,7.382
instruments,7.382
maidservant,7.382
profane,7.382
savior,7.382
words,7.373
oath,7.360
devoured,7.327
drank,7.327
glorified,7.327
stretch,7.327
thorns,7.327
harvest,7.253
pleasure,7.235
trouble,7.232
amaziah,7.158
bowl,7.158
cleansed,7.158
dismayed,7.158
doctrine,7.158
hamath,7.158
ramah,7.158
root,7.158
royal,7.158
sanctify,7.158
sarah,7.158
sidon,7.158
touches,7.158
violent,7.112
floor,7.107
thousands,7.107
worthy,7.107
addition,7.090
charitable,7.090
cure,7.090
debts,7.090
deprive,7.090
entrusted,7.090
foremost,7.090
laden,7.090
loving,7.090
mature,7.090
peaceful,7.090
seduced,7.090
solemnly,7.090
step,7.090
strengthens,7.090
named,7.085
gospel,7.080
elisha,7.039
perfect,7.039
disgraced,6.966
falling,6.966
questions,6.966
solemn,6.966
armed,6.934
barley,6.934
dried,6.934
gideon,6.934
marveled,6.934
net,6.934
philip,6.934
provoke,6.934
sabbaths,6.934
sockets,6.934
spices,6.934
wounded,6.934
woven,6.934
labor,6.899
heads,6.895
fellow,6.887
greet,6.887
pursue,6.887
silent,6.887
sow,6.887
stumble,6.887
scribes,6.878
thought,6.825
hold,6.803
lot,6.780
difficulty,6.777
hiding,6.777
prosperous,6.777
afford,6.750
colors,6.750
condition,6.750
dumb,6.750
faithless,6.750
firmly,6.750
humiliation,6.750
remind,6.750
adversaries,6.710
ai,6.710
anoint,6.710
beersheba,6.710
boards,6.710
borne,6.710
countenance,6.710
crowd,6.710
gibeon,6.710
herds,6.710
heshbon,6.710
justified,6.710
ninth,6.710
pity,6.710
shemaiah,6.710
shiloh,6.710
sits,6.710
vanity,6.710
slaughter,6.671
bought,6.667
caught,6.667
hungry,6.667
noise,6.667
tore,6.667
held,6.612
room,6.612
false,6.599
care,6.486
demon,6.486
dug,6.486
harp,6.486
hebrew,6.486
line,6.486
majesty,6.486
plundered,6.486
poles,6.486
rebuked,6.486
salt,6.486
sanctified,6.486
shekel,6.486
thigh,6.486
vessel,6.486
calf,6.482
lest,6.479
tribes,6.455
boast,6.447
execute,6.447
spear,6.447
judges,6.399
plainly,6.334
transgress,6.334
ahaziah,6.262
bars,6.262
ceased,6.262
eli,6.262
feasts,6.262
furnace,6.262
gedaliah,6.262
grown,6.262
inhabitant,6.262
lampstand,6.262
ministry,6.262
molded,6.262
overlaid,6.262
praises,6.262
sihon,6.262
tribute,6.262
uncleanness,6.262
younger,6.262
fifth,6.260
judged,6.260
appearance,6.228
eats,6.228
queen,6.188
scribe,6.188
perish,6.184
refuge,6.172
long,6.167
springs,6.165
cup,6.056
wild,6.056
early,6.039
acacia,6.038
barnabas,6.038
basket,6.038
branch,6.038
gatekeepers,6.038
heeded,6.038
knees,6.038
leah,6.038
letters,6.038
likeness,6.038
nazareth,6.038
philistine,6.038
strife,6.038
supplication,6.038
thrust,6.038
wail,6.038
commits,6.026
beat,6.009
bird,6.009
count,6.009
eighty,6.009
planted,6.009
valor,6.009
walks,6.009
takes,6.003
brother,6.002
sin,5.984
alike,5.982
measured,5.976
satisfied,5.976
shield,5.976
money,5.972
divorce,5.954
grass,5.852
accumulated,5.836
acting,5.836
arranged,5.836
bits,5.836
constellations,5.836
consummation,5.836
doubled,5.836
event,5.836
expected,5.836
forbearance,5.836
freedom,5.836
grasp,5.836
illness,5.836
insulted,5.836
intentions,5.836
invites,5.836
keys,5.836
knowledgeable,5.836
locked,5.836
persisted,5.836
quantity,5.836
radiant,5.836
rendered,5.836
repel,5.836
retaliation,5.836
rush,5.836
scale,5.836
slowly,5.836
smoothly,5.836
stare,5.836
survive,5.836
whispering,5.836
worlds,5.836
abiathar,5.814
armor,5.814
bosom,5.814
depths,5.814
folly,5.814
foreign,5.814
hananiah,5.814
jezreel,5.814
kirjath,5.814
loaves,5.814
lovingkindness,5.814
outer,5.814
played,5.814
rebekah,5.814
sown,5.814
thread,5.814
night,5.810
peace,5.808
naked,5.790
need,5.774
plant,5.765
murder,5.717
taking,5.717
doing,5.699
greater,5.681
portion,5.649
chamber,5.591
courts,5.591
cubit,5.591
drawn,5.591
elam,5.591
faithfulness,5.591
firstfruits,5.591
fountain,5.591
gateway,5.591
genealogy,5.591
governors,5.591
hilkiah,5.591
hittite,5.591
jealousy,5.591
judas,5.591
kadesh,5.591
kid,5.591
kissed,5.591
micah,5.591
province,5.591
provoked,5.591
puts,5.591
sprinkle,5.591
statute,5.591
stronghold,5.591
valiant,5.591
hates,5.571
hurt,5.571
soldiers,5.571
flowing,5.571
heat,5.571
conceived,5.555
drunk,5.555
transgressions,5.555
kill,5.547
forbid,5.537
showed,5.497
declare,5.486
humble,5.457
approached,5.450
cow,5.450
response,5.450
saves,5.450
job,5.447
sides,5.438
case,5.424
ships,5.424
donkeys,5.416
advise,5.399
favorable,5.399
remembering,5.399
rescued,5.399
rituals,5.399
tests,5.399
served,5.387
ahasuerus,5.367
array,5.367
base,5.367
behalf,5.367
bowls,5.367
defense,5.367
got,5.367
hail,5.367
holiness,5.367
hundreds,5.367
inasmuch,5.367
jephthah,5.367
journeyed,5.367
lad,5.367
lamps,5.367
mourned,5.367
obtained,5.367
precepts,5.367
provinces,5.367
ramoth,5.367
sandals,5.367
shallum,5.367
thanksgiving,5.367
trampled,5.367
understood,5.367
uriah,5.367
uzziah,5.367
waist,5.367
waited,5.367
weapons,5.367
guilt,5.353
stands,5.353
heed,5.352
blue,5.345
clothing,5.345
gifts,5.345
spare,5.345
weep,5.345
prophet,5.318
leads,5.273
sorrow,5.247
mixed,5.246
abides,5.143
boaz,5.143
circumcision,5.143
conscience,5.143
council,5.143
doings,5.143
eunuchs,5.143
fiery,5.143
merchants,5.143
obed,5.143
overtake,5.143
perceive,5.143
phinehas,5.143
scales,5.143
siege,5.143
swords,5.143
utensils,5.143
pray,5.136
regard,5.136
understand,5.136
counted,5.135
falls,5.135
fig,5.135
idol,5.133
murdered,5.133
rightly,5.133
birth,5.113
blessed,5.113
entered,5.066
profit,5.045
tomorrow,5.030
rebellious,4.983
gain,4.971
turned,4.961
scattered,4.945
air,4.927
dies,4.927
adonijah,4.919
baasha,4.919
beaten,4.919
coals,4.919
cords,4.919
darius,4.919
disciple,4.919
division,4.919
faint,4.919
gershon,4.919
gomorrah,4.919
heave,4.919
hewn,4.919
joram,4.919
kindled,4.919
kohath,4.919
levite,4.919
memorial,4.919
ministered,4.919
nebat,4.919
perished,4.919
regular,4.919
reported,4.919
shields,4.919
shoulder,4.919
singers,4.919
singing,4.919
square,4.919
zeruiah,4.919
careful,4.918
fruitful,4.918
talents,4.918
began,4.912
battle,4.883
journey,4.875
prince,4.846
weeping,4.846
hope,4.843
rivers,4.838
slaughtered,4.832
treacherous,4.750
opposite,4.720
piece,4.720
accepting,4.709
acquire,4.709
annoyed,4.709
ant,4.709
arrival,4.709
ascends,4.709
ascribing,4.709
assist,4.709
attracted,4.709
await,4.709
battlefield,4.709
behaves,4.709
calamities,4.709
capable,4.709
carve,4.709
childish,4.709
coats,4.709
code,4.709
conceives,4.709
conditions,4.709
confuse,4.709
delightful,4.709
demolished,4.709
disappointed,4.709
disciplined,4.709
disregarded,4.709
distinctly,4.709
enabled,4.709
engage,4.709
engaged,4.709
exemption,4.709
exercising,4.709
expounded,4.709
facts,4.709
fertile,4.709
fewer,4.709
forgetfulness,4.709
fortune,4.709
grazed,4.709
gulf,4.709
habits,4.709
homeland,4.709
hoopoe,4.709
horde,4.709
horizon,4.709
intelligent,4.709
interpretations,4.709
issues,4.709
laughing,4.709
lustful,4.709
manage,4.709
maturity,4.709
merely,4.709
moral,4.709
paper,4.709
populated,4.709
precede,4.709
producing,4.709
protest,4.709
providing,4.709
purifies,4.709
purposely,4.709
quails,4.709
quake,4.709
reduced,4.709
relation,4.709
responded,4.709
rights,4.709
roused,4.709
scholars,4.709
scorching,4.709
scornfully,4.709
sever,4.709
severity,4.709
shooting,4.709
situation,4.709
sport,4.709
subjected,4.709
suggested,4.709
swearing,4.709
tales,4.709
tasks,4.709
terms,4.709
theft,4.709
tone,4.709
tortured,4.709
twinkling,4.709
awake,4.701
awesome,4.701
churches,4.701
proclaimed,4.701
shepherds,4.701
abijah,4.695
abishai,4.695
amalekites,4.695
anointing,4.695
arnon,4.695
asaph,4.695
baruch,4.695
blasphemed,4.695
caesar,4.695
cedars,4.695
concubine,4.695
eagle,4.695
eighteen,4.695
ezra,4.695
figs,4.695
foreigner,4.695
fourteenth,4.695
fro,4.695
johanan,4.695
lachish,4.695
midianites,4.695
ordinances,4.695
perceived,4.695
persia,4.695
persuaded,4.695
profaned,4.695
remaining,4.695
require,4.695
shaphan,4.695
stirred,4.695
trembled,4.695
whirlwind,4.695
zeal,4.695
past,4.682
short,4.661
hidden,4.607
army,4.600
pillar,4.513
teaching,4.513
veil,4.513
sitting,4.510
far,4.507
assembled,4.484
nun,4.484
restored,4.484
8th,4.476
9th,4.476
abase,4.476
abated,4.476
abates,4.476
abrogate,4.476
abrogation,4.476
absolve,4.476
abu,4.476
accent,4.476
accusations,4.476
achieves,4.476
additional,4.476
admits,4.476
admitting,4.476
adopted,4.476
adoration,4.476
ads,4.476
advancing,4.476
advent,4.476
adverse,4.476
advises,4.476
advisor,4.476
affair,4.476
aggression,4.476
agonies,4.476
ahmad,4.476
ahqaf,4.476
ailment,4.476
aimlessly,4.476
aisha,4.476
allah,4.476
allege,4.476
allows,4.476
aloft,4.476
alteration,4.476
alternates,4.476
amass,4.476
amazedly,4.476
amidst,4.476
amorous,4.476
ample,4.476
announcement,4.476
annoyance,4.476
annoying,4.476
anothcr,4.476
anticipate,4.476
apparent,4.476
applies,4.476
appraoched,4.476
appreciation,4.476
apprehend,4.476
aqaba,4.476
aqsa,4.476
arbiters,4.476
arising,4.476
aromatic,4.476
arteries,4.476
artery,4.476
artificial,4.476
assisted,4.476
asylum,4.476
attach,4.476
attempting,4.476
attorney,4.476
attracting,4.476
attraction,4.476
attribute,4.476
attributed,4.476
audible,4.476
authorized,4.476
available,4.476
avarice,4.476
avaricious,4.476
aversion,4.476
ayn,4.476
azar,4.476
ba,4.476
backbiter,4.476
bahirah,4.476
banana,4.476
bankrupt,4.476
baptizer,4.476
barely,4.476
bashfully,4.476
basis,4.476
battered,4.476
beautifully,4.476
bedeck,4.476
beneficiary,4.476
bewitch,4.476
biting,4.476
blacken,4.476
blackened,4.476
blackens,4.476
blameworthy,4.476
blink,4.476
boastfulness,4.476
bondsman,4.476
bosoms,4.476
braying,4.476
breeze,4.476
brewing,4.476
bridge,4.476
brightens,4.476
brilliantly,4.476
calculation,4.476
caller,4.476
campaign,4.476
camphor,4.476
carded,4.476
carpets,4.476
carrier,4.476
castles,4.476
catching,4.476
ceaselessly,4.476
challenged,4.476
challenges,4.476
chapters,4.476
characters,4.476
charities,4.476
cheating,4.476
cherish,4.476
cherished,4.476
chins,4.476
chokes,4.476
circling,4.476
clapping,4.476
clarified,4.476
clarifies,4.476
clarifying,4.476
claw,4.476
clayy,4.476
cleave,4.476
climate,4.476
climbing,4.476
cloaked,4.476
closest,4.476
collected,4.476
collects,4.476
columned,4.476
comfortable,4.476
commemorating,4.476
commencing,4.476
communication,4.476
community,4.476
compares,4.476
compensation,4.476
compense,4.476
complains,4.476
completing,4.476
comprehends,4.476
concrete,4.476
confine,4.476
confound,4.476
confrontation,4.476
confusing,4.476
conjectures,4.476
conquest,4.476
consequently,4.476
considerable,4.476
considerate,4.476
consistent,4.476
consisting,4.476
containers,4.476
context,4.476
conventionally,4.476
convincing,4.476
cooperate,4.476
cracks,4.476
creations,4.476
criticize,4.476
crowded,4.476
crumbled,4.476
crumbling,4.476
cycles,4.476
dam,4.476
dangers,4.476
darkening,4.476
darkest,4.476
date,4.476
deadline,4.476
deafen,4.476
decently,4.476
declines,4.476
declining,4.476
decreeing,4.476
deemed,4.476
deepest,4.476
defendant,4.476
defends,4.476
defenseless,4.476
defensible,4.476
defensive,4.476
deferred,4.476
deficiency,4.476
deliberate,4.476
denounces,4.476
dependable,4.476
depressed,4.476
deputation,4.476
desertion,4.476
despicable,4.476
despondent,4.476
destinies,4.476
destructor,4.476
detached,4.476
detention,4.476
developed,4.476
developing,4.476
deviation,4.476
deviations,4.476
deviators,4.476
devilish,4.476
dhil,4.476
dhul,4.476
dhulkifl,4.476
diameters,4.476
dictate,4.476
dictated,4.476
differed,4.476
dignified,4.476
dimwit,4.476
dimwits,4.476
disable,4.476
disastrous,4.476
disavow,4.476
disbelieves,4.476
disgusting,4.476
disintegrate,4.476
disintegrated,4.476
disliked,4.476
disliking,4.476
disloyalty,4.476
disowned,4.476
disposal,4.476
dispose,4.476
disregarding,4.476
dissimulation,4.476
distances,4.476
distort,4.476
ditches,4.476
dive,4.476
dived,4.476
divert,4.476
divinity,4.476
divulged,4.476
dominates,4.476
dominating,4.476
donate,4.476
dower,4.476
downtrodden,4.476
dreamt,4.476
drizzle,4.476
dues,4.476
durable,4.476
earlier,4.476
earn,4.476
earths,4.476
eclipsed,4.476
educated,4.476
effaces,4.476
efficient,4.476
ejected,4.476
elbows,4.476
elephant,4.476
eliminate,4.476
embryos,4.476
employer,4.476
enchained,4.476
encounter,4.476
endeared,4.476
engrossed,4.476
engulfs,4.476
enjoin,4.476
enjoined,4.476
enjoins,4.476
enlightens,4.476
enrage,4.476
ensue,4.476
entanglements,4.476
enthusiastically,4.476
entitled,4.476
enumerated,4.476
eram,4.476
establishment,4.476
establishments,4.476
evaluated,4.476
evert,4.476
evidently,4.476
ex,4.476
exceptional,4.476
exceptions,4.476
exclaim,4.476
exclaimed,4.476
exclusion,4.476
exclusively,4.476
exit,4.476
expands,4.476
expelling,4.476
expiated,4.476
explodes,4.476
expressed,4.476
extinct,4.476
extinguishes,4.476
extra,4.476
extract,4.476
extravagant,4.476
fabricated,4.476
fairly,4.476
fairness,4.476
fatal,4.476
fated,4.476
fatten,4.476
felicity,4.476
fibre,4.476
finalize,4.476
firewood,4.476
firmness,4.476
fixedly,4.476
flaw,4.476
flawless,4.476
flaws,4.476
floated,4.476
floats,4.476
flogged,4.476
flowery,4.476
foam,4.476
forelock,4.476
forgetful,4.476
forgivenes,4.476
forgiver,4.476
formations,4.476
fortunate,4.476
frailest,4.476
frankly,4.476
fraudulent,4.476
freezing,4.476
friday,4.476
fright,4.476
frustration,4.476
fueled,4.476
fullest,4.476
fundamental,4.476
gatherings,4.476
glancing,4.476
glorifies,4.476
goals,4.476
gospels,4.476
gossip,4.476
gossiping,4.476
gourd,4.476
grabbed,4.476
gradually,4.476
grandfathers,4.476
gratefully,4.476
grazing,4.476
greediest,4.476
grey,4.476
grieving,4.476
grounding,4.476
grudges,4.476
guarantor,4.476
guesswork,4.476
guilts,4.476
gushing,4.476
hami,4.476
handcuffed,4.476
happily,4.476
harming,4.476
harut,4.476
harvestable,4.476
hawiya,4.476
hawiyah,4.476
heinous,4.476
helplessness,4.476
hesitant,4.476
hijr,4.476
hiring,4.476
hives,4.476
hoarded,4.476
homely,4.476
hoofs,4.476
humanity,4.476
hunayn,4.476
hurl,4.476
hurricane,4.476
husk,4.476
hutamah,4.476
hypocrisies,4.476
ibah,4.476
identical,4.476
ignominy,4.476
ignoring,4.476
illusion,4.476
imbalance,4.476
immigrant,4.476
immigrants,4.476
impregnating,4.476
impression,4.476
improve,4.476
improves,4.476
inattentive,4.476
incantations,4.476
incite,4.476
indestructible,4.476
indirect,4.476
indiscriminately,4.476
indulging,4.476
infidel,4.476
influence,4.476
ingratitude,4.476
initially,4.476
initiative,4.476
insanity,4.476
insight,4.476
inspected,4.476
instigator,4.476
instituted,4.476
instructive,4.476
intends,4.476
intensified,4.476
intensifies,4.476
intercedes,4.476
intercourse,4.476
intolerable,4.476
intoxication,4.476
introduced,4.476
intruders,4.476
invalidate,4.476
inventions,4.476
invested,4.476
investigations,4.476
investment,4.476
invincible,4.476
inviolable,4.476
invoked,4.476
irrigated,4.476
issuing,4.476
jewelled,4.476
jihad,4.476
joining,4.476
judi,4.476
jugular,4.476
kaf,4.476
keen,4.476
kifl,4.476
killer,4.476
kinder,4.476
kinsfolk,4.476
kinship,4.476
knower,4.476
lace,4.476
ladders,4.476
lag,4.476
lagged,4.476
lahab,4.476
lashes,4.476
lastly,4.476
lat,4.476
latest,4.476
launch,4.476
lazily,4.476
learns,4.476
learnt,4.476
legend,4.476
lengthy,4.476
lenient,4.476
lessons,4.476
liable,4.476
liked,4.476
linguistic,4.476
loans,4.476
longest,4.476
losing,4.476
loveable,4.476
lowered,4.476
lure,4.476
major,4.476
manat,4.476
mankindîwhich,4.476
mannered,4.476
manufacture,4.476
manufactured,4.476
marut,4.476
marwah,4.476
masts,4.476
meanings,4.476
memories,4.476
menopause,4.476
menses,4.476
menstrual,4.476
menstruation,4.476
merchandising,4.476
merge,4.476
merged,4.476
merit,4.476
merriment,4.476
metaphor,4.476
metaphors,4.476
method,4.476
minor,4.476
miraculous,4.476
miraculously,4.476
mirage,4.476
mirages,4.476
misdeeds,4.476
miserly,4.476
misfortunes,4.476
misguidance,4.476
misguide,4.476
misinterpret,4.476
mispronounce,4.476
modeler,4.476
moderation,4.476
moments,4.476
monasteries,4.476
monastic,4.476
moraly,4.476
moths,4.476
motion,4.476
motivate,4.476
motivates,4.476
mountainous,4.476
movements,4.476
musk,4.476
nasr,4.476
neatly,4.476
necessarily,4.476
needlessly,4.476
nervous,4.476
nieces,4.476
nightly,4.476
normal,4.476
normally,4.476
noticed,4.476
objections,4.476
oblige,4.476
oblivion,4.476
obscured,4.476
obstinately,4.476
obstructed,4.476
obstructing,4.476
obvious,4.476
odd,4.476
offsprings,4.476
omen,4.476
omission,4.476
omniscient,4.476
onions,4.476
operate,4.476
opponents,4.476
orbiting,4.476
ordering,4.476
organize,4.476
originate,4.476
orphaned,4.476
overs,4.476
ownership,4.476
pact,4.476
palatable,4.476
parchment,4.476
participating,4.476
particles,4.476
patrons,4.476
pave,4.476
payable,4.476
pears,4.476
pebbles,4.476
peninsula,4.476
pens,4.476
perfects,4.476
performance,4.476
performances,4.476
perpetrator,4.476
persisting,4.476
piled,4.476
placing,4.476
planner,4.476
plaything,4.476
pleadingly,4.476
plotters,4.476
ploughing,4.476
poetry,4.476
polite,4.476
posses,4.476
possibilities,4.476
possibility,4.476
postpone,4.476
pottery,4.476
preachers,4.476
precaution,4.476
preceded,4.476
precise,4.476
precisely,4.476
predict,4.476
predictions,4.476
prestige,4.476
pretender,4.476
principle,4.476
printed,4.476
prints,4.476
prior,4.476
priority,4.476
privacy,4.476
productive,4.476
profession,4.476
prohibiting,4.476
prohibition,4.476
prohibitions,4.476
prohibits,4.476
promoter,4.476
prompt,4.476
propagation,4.476
properties,4.476
proportionate,4.476
prospects,4.476
prostitution,4.476
protesting,4.476
provident,4.476
punishemnt,4.476
qualify,4.476
quarreling,4.476
quraish,4.476
raced,4.476
racing,4.476
raining,4.476
rainstorm,4.476
ramadan,4.476
rarely,4.476
ravaging,4.476
realities,4.476
recalled,4.476
recede,4.476
recipients,4.476
recites,4.476
referred,4.476
reformers,4.476
refusal,4.476
regaining,4.476
regretful,4.476
regrettable,4.476
regulate,4.476
regulation,4.476
rejectors,4.476
rejoicingly,4.476
relationship,4.476
relationships,4.476
releases,4.476
relish,4.476
relying,4.476
remembring,4.476
repelled,4.476
repelling,4.476
replaces,4.476
replenishing,4.476
reporter,4.476
reprobates,4.476
resemble,4.476
resembles,4.476
reservoirs,4.476
responsibilities,4.476
restrictions,4.476
resumed,4.476
retaliates,4.476
retreating,4.476
reunited,4.476
revered,4.476
reversed,4.476
rotate,4.476
rotating,4.476
rub,4.476
sa,4.476
sadness,4.476
safa,4.476
safeguard,4.476
safest,4.476
sanctioned,4.476
satisfaction,4.476
scald,4.476
scalding,4.476
scorches,4.476
scowled,4.476
scrupulous,4.476
sculpture,4.476
seafood,4.476
seasonal,4.476
seizure,4.476
senile,4.476
senility,4.476
sentences,4.476
separately,4.476
serenely,4.476
seriously,4.476
settlement,4.476
settlers,4.476
sewing,4.476
shades,4.476
shapes,4.476
sheathed,4.476
shells,4.476
shiver,4.476
shoes,4.476
shortages,4.476
shortcomings,4.476
shorten,4.476
shower,4.476
shrink,4.476
sideways,4.476
siesta,4.476
significance,4.476
signpost,4.476
similarly,4.476
sinfully,4.476
sip,4.476
sirius,4.476
sites,4.476
sizes,4.476
skeptical,4.476
slaughtering,4.476
smiting,4.476
smokeless,4.476
smother,4.476
snatched,4.476
softened,4.476
solicitation,4.476
sparkling,4.476
specialists,4.476
species,4.476
spender,4.476
spinning,4.476
spontaneously,4.476
spurred,4.476
squanderers,4.476
stages,4.476
stake,4.476
stationary,4.476
steams,4.476
stopping,4.476
storms,4.476
strangulation,4.476
strict,4.476
structures,4.476
studying,4.476
stumps,4.476
stunned,4.476
substances,4.476
suffice,4.476
sugar,4.476
suggesting,4.476
suggestion,4.476
summoner,4.476
superficial,4.476
superstitious,4.476
supervision,4.476
supremacy,4.476
surrenders,4.476
surroundings,4.476
susceptible,4.476
suspense,4.476
suspicion,4.476
suspiciously,4.476
suwa,4.476
swells,4.476
symbols,4.476
tabuk,4.476
tahajjud,4.476
talks,4.476
taqiyah,4.476
tarried,4.476
tasnim,4.476
teachings,4.476
technique,4.476
tempts,4.476
tenfold,4.476
terrorized,4.476
text,4.476
thamuds,4.476
theygive,4.476
thornless,4.476
thoughtful,4.476
thoughtless,4.476
threatens,4.476
throats,4.476
tighten,4.476
timing,4.476
tires,4.476
togdher,4.476
torrential,4.476
transient,4.476
treaties,4.476
treating,4.476
tremendously,4.476
trinity,4.476
tumble,4.476
twisting,4.476
typical,4.476
tyrants,4.476
ultimate,4.476
unbreakable,4.476
uncleanliness,4.476
unclear,4.476
unconditionally,4.476
uncontrolled,4.476
undamaged,4.476
undeniable,4.476
undergo,4.476
understandably,4.476
undertakes,4.476
undiminished,4.476
unexpected,4.476
unfair,4.476
unfortunate,4.476
ungratefully,4.476
union,4.476
universal,4.476
unknowingly,4.476
unlettered,4.476
unmarked,4.476
unparalleled,4.476
unpolluted,4.476
unprecedented,4.476
unreasonably,4.476
unsinful,4.476
unspoken,4.476
unsuccessful,4.476
untold,4.476
untruthfull,4.476
unzurna,4.476
uprising,4.476
upsets,4.476
uq,4.476
urgently,4.476
vein,4.476
veins,4.476
verdict,4.476
versed,4.476
vicinity,4.476
vicious,4.476
victimized,4.476
victoriously,4.476
violating,4.476
virtuously,4.476
visibility,4.476
visibly,4.476
visitor,4.476
visits,4.476
vulnerable,4.476
wadd,4.476
waiving,4.476
wakes,4.476
ward,4.476
warmyourselves,4.476
wasilah,4.476
wasteful,4.476
wastefully,4.476
weaken,4.476
weaning,4.476
whilst,4.476
whistling,4.476
winners,4.476
wishers,4.476
womanly,4.476
wrongful,4.476
wwhoever,4.476
yaghuth,4.476
yathrib,4.476
yearn,4.476
yell,4.476
yells,4.476
yemen,4.476
yemenite,4.476
zayd,4.476
zihar,4.476
abhor,4.472
achish,4.472
ahijah,4.472
apparel,4.472
besieged,4.472
carmel,4.472
diligently,4.472
fortress,4.472
fullness,4.472
furthermore,4.472
gaza,4.472
genealogies,4.472
jehoram,4.472
jotham,4.472
leprosy,4.472
liberty,4.472
micaiah,4.472
music,4.472
mystery,4.472
og,4.472
sharp,4.472
silence,4.472
stumbling,4.472
timothy,4.472
twilight,4.472
ungodly,4.472
windows,4.472
fields,4.451
fierce,4.451
vengeance,4.451
bracelets,4.405
crops,4.405
game,4.405
realm,4.405
weigh,4.405
issued,4.396
write,4.351
women,4.321
divide,4.307
fools,4.307
paths,4.307
presented,4.307
buy,4.271
skin,4.271
scroll,4.268
trusted,4.268
worked,4.268
calamity,4.255
crossed,4.255
accursed,4.248
amalek,4.248
ammonites,4.248
amon,4.248
contend,4.248
counselors,4.248
curtains,4.248
dove,4.248
elect,4.248
freely,4.248
herd,4.248
highway,4.248
hooks,4.248
jabesh,4.248
jehoahaz,4.248
kish,4.248
lamentation,4.248
lusts,4.248
machir,4.248
nethaniah,4.248
officer,4.248
partiality,4.248
plains,4.248
proverb,4.248
shemesh,4.248
sixteen,4.248
stomach,4.248
street,4.248
stringed,4.248
treacherously,4.248
tribulation,4.248
troops,4.248
twelfth,4.248
zerah,4.248
zerubbabel,4.248
present,4.167
suddenly,4.155
banished,4.134
crystal,4.134
guarded,4.134
lean,4.134
magog,4.134
roads,4.134
unbelieving,4.134
prophets,4.120
persons,4.103
wisdom,4.094
enemies,4.094
creature,4.069
tested,4.069
dry,4.068
grew,4.060
remains,4.060
wind,4.055
charged,4.052
custom,4.052
mark,4.052
palaces,4.052
perverse,4.052
reap,4.052
vow,4.052
gone,4.051
accounts,4.049
blown,4.049
boastful,4.049
ceiling,4.049
confirmation,4.049
dealing,4.049
degree,4.049
deputy,4.049
devote,4.049
enraged,4.049
exceed,4.049
failure,4.049
faults,4.049
graze,4.049
justly,4.049
linger,4.049
messiah,4.049
preferred,4.049
rope,4.049
strongly,4.049
torch,4.049
transgresses,4.049
unbeliever,4.049
prepared,4.031
ahikam,4.024
apostle,4.024
asia,4.024
baals,4.024
borders,4.024
carts,4.024
centurion,4.024
cherub,4.024
conspired,4.024
elkanah,4.024
en,4.024
entrails,4.024
euphrates,4.024
furious,4.024
girded,4.024
haran,4.024
hebrews,4.024
hin,4.024
hittites,4.024
integrity,4.024
jezebel,4.024
labored,4.024
leaven,4.024
lewdness,4.024
lovers,4.024
maaseiah,4.024
merry,4.024
perez,4.024
plagues,4.024
potter,4.024
priesthood,4.024
pronounce,4.024
redeemer,4.024
roof,4.024
ruin,4.024
seer,4.024
serving,4.024
simple,4.024
sisera,4.024
songs,4.024
sprinkled,4.024
strongholds,4.024
supplications,4.024
terebinth,4.024
treasury,4.024
vestibule,4.024
wailing,4.024
watchman,4.024
wheels,4.024
wickedly,4.024
window,4.024
wonderful,4.024
signs,4.016
prison,3.986
trade,3.968
wished,3.968
bring,3.913
drove,3.899
eighth,3.899
instruction,3.899
willing,3.899
compassion,3.867
search,3.867
upper,3.867
oppress,3.838
tremble,3.838
trembling,3.838
abel,3.801
abigail,3.801
abound,3.801
acted,3.801
bands,3.801
belly,3.801
bitterness,3.801
breastplate,3.801
cakes,3.801
calves,3.801
correction,3.801
cruel,3.801
cyrus,3.801
descended,3.801
dishonor,3.801
ekron,3.801
eleventh,3.801
evildoers,3.801
fame,3.801
freewill,3.801
greeks,3.801
hanan,3.801
hanged,3.801
harps,3.801
hazael,3.801
hezron,3.801
hiram,3.801
hung,3.801
immorality,3.801
jebusites,3.801
jeshua,3.801
macedonia,3.801
maker,3.801
nadab,3.801
nahor,3.801
naomi,3.801
pan,3.801
reed,3.801
sayings,3.801
shushan,3.801
snow,3.801
tamar,3.801
timber,3.801
tumult,3.801
valuation,3.801
youngest,3.801
presence,3.760
accuse,3.755
black,3.755
necks,3.755
shining,3.755
family,3.740
milk,3.716
tear,3.696
gained,3.654
grief,3.648
inquired,3.623
jew,3.623
nakedness,3.623
rings,3.623
ship,3.623
working,3.623
feared,3.619
hour,3.581
adversary,3.577
amazed,3.577
arrow,3.577
asahel,3.577
ascended,3.577
ashdod,3.577
athaliah,3.577
caesarea,3.577
den,3.577
doorposts,3.577
eastward,3.577
ethiopia,3.577
fastened,3.577
fifteenth,3.577
flower,3.577
fourteen,3.577
frankincense,3.577
gird,3.577
habitation,3.577
hazor,3.577
horeb,3.577
hur,3.577
ithamar,3.577
jackals,3.577
kiss,3.577
lodged,3.577
loosed,3.577
loyal,3.577
meditate,3.577
nabal,3.577
naboth,3.577
nebuzaradan,3.577
ner,3.577
nineveh,3.577
obadiah,3.577
opens,3.577
prisoner,3.577
repairs,3.577
rimmon,3.577
ring,3.577
shem,3.577
sheol,3.577
showbread,3.577
signet,3.577
spears,3.577
succoth,3.577
suppose,3.577
vinedressers,3.577
winepress,3.577
advised,3.554
moves,3.554
perdition,3.554
privately,3.554
reading,3.554
run,3.546
hears,3.534
bind,3.495
crucified,3.495
grapes,3.495
sacrificed,3.495
endure,3.484
meat,3.484
followed,3.471
die,3.467
abide,3.410
contrary,3.410
host,3.410
humbled,3.410
incline,3.410
kills,3.410
loose,3.410
rejoicing,3.410
thirst,3.410
wave,3.410
male,3.405
vain,3.354
ahead,3.353
amnon,3.353
anathoth,3.353
antioch,3.353
aram,3.353
bag,3.353
belt,3.353
bridegroom,3.353
broad,3.353
capernaum,3.353
citadel,3.353
coastlands,3.353
concubines,3.353
confirmed,3.353
customary,3.353
cymbals,3.353
cypress,3.353
district,3.353
eber,3.353
elah,3.353
fellowship,3.353
footstool,3.353
forevermore,3.353
hallowed,3.353
ham,3.353
jebusite,3.353
jehoash,3.353
joel,3.353
keilah,3.353
leprous,3.353
libnah,3.353
longsuffering,3.353
lowland,3.353
maid,3.353
melt,3.353
meshullam,3.353
ministers,3.353
moabites,3.353
mute,3.353
myrrh,3.353
overthrow,3.353
perizzites,3.353
pot,3.353
pronounced,3.353
putting,3.353
quenched,3.353
rebuilt,3.353
rejoices,3.353
rods,3.353
sakes,3.353
sets,3.353
sexual,3.353
sore,3.353
tarshish,3.353
teachers,3.353
tempest,3.353
tirzah,3.353
tithes,3.353
uncover,3.353
upward,3.353
urged,3.353
uzziel,3.353
woods,3.353
destroy,3.332
gods,3.307
arrows,3.295
goods,3.295
redeem,3.295
speech,3.295
add,3.295
stopped,3.295
enter,3.293
obeyed,3.281
covered,3.263
deceived,3.263
isaac,3.225
plain,3.216
eye,3.216
speaks,3.209
observe,3.206
creeping,3.197
exalt,3.197
finger,3.197
looks,3.197
spiritual,3.197
rebel,3.197
cups,3.166
fuel,3.166
malice,3.166
palms,3.166
patiently,3.166
sunrise,3.166
wrath,3.133
ahimelech,3.130
ahithophel,3.130
armorbearer,3.130
aroer,3.130
avenger,3.130
backward,3.130
bare,3.130
beams,3.130
bone,3.130
bride,3.130
brimstone,3.130
capitals,3.130
consulted,3.130
covetousness,3.130
curses,3.130
darkened,3.130
delights,3.130
deliverance,3.130
diligent,3.130
dread,3.130
eliab,3.130
eliezer,3.130
ephesus,3.130
fasted,3.130
firmament,3.130
forsook,3.130
furnishings,3.130
garrison,3.130
gathers,3.130
godliness,3.130
greek,3.130
healing,3.130
hermon,3.130
jearim,3.130
jephunneh,3.130
kohathites,3.130
maachah,3.130
michal,3.130
naaman,3.130
nebo,3.130
nostrils,3.130
nursing,3.130
offended,3.130
pangs,3.130
persuade,3.130
platter,3.130
posterity,3.130
purposed,3.130
rabshakeh,3.130
recover,3.130
reserved,3.130
robes,3.130
section,3.130
seraiah,3.130
serpents,3.130
split,3.130
stature,3.130
steward,3.130
tombs,3.130
uncle,3.130
unrighteousness,3.130
uprightness,3.130
visited,3.130
smoke,3.108
bury,3.097
consecrate,3.097
golden,3.097
lamp,3.097
letter,3.097
plead,3.097
quiet,3.097
season,3.097
tower,3.097
understanding,3.030
met,2.999
parable,2.994
staff,2.994
desired,2.986
dogs,2.986
ruins,2.986
surrounding,2.986
command,2.973
escape,2.955
despised,2.938
bitter,2.923
forest,2.923
inherit,2.908
abed,2.906
abroad,2.906
ahimaaz,2.906
ahitub,2.906
aliens,2.906
amorite,2.906
artaxerxes,2.906
avenge,2.906
banner,2.906
baptist,2.906
barak,2.906
bathe,2.906
bela,2.906
boasting,2.906
brooks,2.906
carcasses,2.906
cloth,2.906
colt,2.906
consent,2.906
craftsmen,2.906
cyprus,2.906
deer,2.906
divination,2.906
eglon,2.906
elishama,2.906
fever,2.906
fierceness,2.906
flute,2.906
fragrant,2.906
gadites,2.906
goshen,2.906
gray,2.906
hamor,2.906
heifer,2.906
hivites,2.906
hor,2.906
joppa,2.906
meshach,2.906
mortar,2.906
native,2.906
nego,2.906
nest,2.906
nethanel,2.906
nethinim,2.906
omri,2.906
overlay,2.906
pleaded,2.906
portions,2.906
powers,2.906
rabbi,2.906
regarding,2.906
reproaches,2.906
reubenites,2.906
rode,2.906
row,2.906
sadducees,2.906
satraps,2.906
scepter,2.906
shadrach,2.906
shave,2.906
shook,2.906
shot,2.906
sidonians,2.906
speedily,2.906
spies,2.906
stricken,2.906
stubble,2.906
tail,2.906
terrors,2.906
threshold,2.906
unintentionally,2.906
wholly,2.906
wounds,2.906
ziba,2.906
flame,2.900
low,2.900
end,2.885
descend,2.857
bite,2.837
cool,2.837
disputing,2.837
earthly,2.837
exchanged,2.837
expose,2.837
felt,2.837
opinion,2.837
pilgrims,2.837
pregnant,2.837
rushed,2.837
watchful,2.837
burden,2.836
camels,2.825
steps,2.825
chosen,2.813
having,2.810
order,2.806
keeps,2.784
abundantly,2.775
acceptable,2.775
aloud,2.775
foolishness,2.775
hardened,2.775
instructed,2.775
perpetual,2.775
pool,2.775
troubles,2.775
visions,2.775
bow,2.765
owner,2.740
lack,2.740
lords,2.740
multiplied,2.740
wide,2.740
continue,2.730
complete,2.726
eden,2.726
provisions,2.726
comforted,2.705
lame,2.705
uncovered,2.705
abyss,2.699
access,2.699
accordingly,2.699
adding,2.699
carving,2.699
collect,2.699
defraud,2.699
delivery,2.699
dense,2.699
deputies,2.699
discharged,2.699
dishes,2.699
drown,2.699
earned,2.699
easily,2.699
embracing,2.699
expenses,2.699
favorably,2.699
float,2.699
furnished,2.699
glorifying,2.699
grieves,2.699
growing,2.699
guiding,2.699
heated,2.699
hunting,2.699
idolater,2.699
injury,2.699
intestines,2.699
kneel,2.699
maintained,2.699
marrying,2.699
midday,2.699
miss,2.699
missed,2.699
opponent,2.699
possesses,2.699
proceeding,2.699
pursuit,2.699
related,2.699
reminding,2.699
repents,2.699
selling,2.699
solitary,2.699
soothsayer,2.699
sternly,2.699
stormy,2.699
suit,2.699
ties,2.699
triumphed,2.699
uncertain,2.699
verge,2.699
watering,2.699
abhorred,2.682
abinadab,2.682
adorned,2.682
alien,2.682
amasa,2.682
awoke,2.682
baskets,2.682
boundary,2.682
briers,2.682
builders,2.682
burial,2.682
cake,2.682
canaanite,2.682
cart,2.682
census,2.682
chaff,2.682
companies,2.682
consolation,2.682
contended,2.682
counselor,2.682
creeps,2.682
deliverer,2.682
despises,2.682
devours,2.682
dragon,2.682
draws,2.682
edomites,2.682
eliashib,2.682
excellence,2.682
fails,2.682
festus,2.682
finish,2.682
geba,2.682
hadadezer,2.682
hallow,2.682
hangings,2.682
hazar,2.682
hooves,2.682
horon,2.682
households,2.682
humility,2.682
ivory,2.682
jehiel,2.682
jehoiachin,2.682
labors,2.682
laver,2.682
lazarus,2.682
magdalene,2.682
mahanaim,2.682
manoah,2.682
martha,2.682
medes,2.682
mephibosheth,2.682
minded,2.682
northward,2.682
oppressor,2.682
partakers,2.682
pastures,2.682
peor,2.682
petition,2.682
pulled,2.682
rabbah,2.682
rahab,2.682
rear,2.682
rechab,2.682
refrain,2.682
regarded,2.682
remaliah,2.682
ruth,2.682
sang,2.682
sarai,2.682
sash,2.682
screen,2.682
shephatiah,2.682
shortly,2.682
snares,2.682
southern,2.682
tables,2.682
tobiah,2.682
tunic,2.682
wedding,2.682
westward,2.682
withheld,2.682
withstand,2.682
workmanship,2.682
possess,2.678
immediately,2.622
generations,2.621
fast,2.615
almighty,2.610
preached,2.594
time,2.591
accord,2.566
baptism,2.566
breaking,2.566
delivers,2.566
egyptian,2.566
joyful,2.566
prisoners,2.566
prudent,2.566
synagogues,2.566
withered,2.566
joined,2.559
olive,2.559
tears,2.559
living,2.552
hot,2.512
inhabited,2.512
lower,2.512
alive,2.510
chains,2.483
company,2.483
sixth,2.483
deal,2.481
achaia,2.459
acquired,2.459
agrippa,2.459
ah,2.459
amminadab,2.459
amoz,2.459
amram,2.459
andrew,2.459
ashkelon,2.459
astonishment,2.459
ax,2.459
babes,2.459
backsliding,2.459
bani,2.459
betrothed,2.459
binds,2.459
boughs,2.459
builds,2.459
carcass,2.459
carries,2.459
complaint,2.459
confession,2.459
conspiracy,2.459
contempt,2.459
cursing,2.459
dedication,2.459
deeply,2.459
defect,2.459
dibon,2.459
ebed,2.459
elder,2.459
eliphaz,2.459
encouraged,2.459
esteemed,2.459
expectation,2.459
ezer,2.459
fit,2.459
flies,2.459
gateposts,2.459
gazelle,2.459
gezer,2.459
glean,2.459
hades,2.459
haggai,2.459
hannah,2.459
hashabiah,2.459
heman,2.459
herb,2.459
heth,2.459
iddo,2.459
impurity,2.459
inward,2.459
ishbosheth,2.459
japheth,2.459
jeduthun,2.459
jerubbaal,2.459
kareah,2.459
kedar,2.459
kedesh,2.459
kidron,2.459
lacks,2.459
lamech,2.459
lays,2.459
leavened,2.459
leper,2.459
mahli,2.459
manslayer,2.459
marvel,2.459
mattaniah,2.459
meal,2.459
ministering,2.459
mire,2.459
miriam,2.459
mirth,2.459
murderer,2.459
nets,2.459
ointment,2.459
oracle,2.459
overflow,2.459
overthrown,2.459
pattern,2.459
pitched,2.459
pitcher,2.459
proceeds,2.459
prospered,2.459
regularly,2.459
reigns,2.459
remainder,2.459
repaid,2.459
riblah,2.459
rooster,2.459
sennacherib,2.459
shelah,2.459
shone,2.459
sickle,2.459
smooth,2.459
substance,2.459
supper,2.459
syrian,2.459
taxes,2.459
tenths,2.459
terah,2.459
titus,2.459
toil,2.459
translated,2.459
treads,2.459
tunics,2.459
waits,2.459
wars,2.459
washing,2.459
weeks,2.459
zichri,2.459
way,2.448
discerning,2.415
fade,2.415
informed,2.415
pair,2.415
produces,2.415
quarrel,2.415
testifies,2.415
western,2.415
leaders,2.411
seize,2.411
disaster,2.381
light,2.380
seeing,2.368
begged,2.358
bloodshed,2.358
dedicated,2.358
drinks,2.358
neighbors,2.358
ninety,2.358
render,2.358
rises,2.358
roar,2.358
searched,2.358
shoulders,2.358
summer,2.358
tread,2.358
foundations,2.322
palace,2.322
tender,2.322
pleasant,2.291
gracious,2.289
accusation,2.283
faced,2.283
higher,2.283
hunt,2.283
violently,2.283
plotted,2.258
resting,2.258
driven,2.248
accounted,2.235
adar,2.235
advantage,2.235
apollos,2.235
arabah,2.235
arphaxad,2.235
attached,2.235
attain,2.235
avenged,2.235
badger,2.235
banquet,2.235
barzillai,2.235
beor,2.235
beriah,2.235
bilhah,2.235
bold,2.235
boldness,2.235
byword,2.235
casts,2.235
comforts,2.235
convocation,2.235
cord,2.235
cornelius,2.235
cornerstone,2.235
corrupted,2.235
cuts,2.235
debir,2.235
delicacies,2.235
descending,2.235
dim,2.235
direct,2.235
disease,2.235
dungeon,2.235
eagerly,2.235
earrings,2.235
earthen,2.235
edification,2.235
eighteenth,2.235
entire,2.235
ephron,2.235
epistle,2.235
flees,2.235
forehead,2.235
gehazi,2.235
hagar,2.235
hall,2.235
hammered,2.235
hanun,2.235
heber,2.235
helmet,2.235
hinnom,2.235
hivite,2.235
hoshea,2.235
immer,2.235
included,2.235
iscariot,2.235
jair,2.235
jazer,2.235
jeiel,2.235
jubilee,2.235
kenaz,2.235
kidneys,2.235
laborers,2.235
lacking,2.235
lake,2.235
lampstands,2.235
lilies,2.235
liver,2.235
lo,2.235
locust,2.235
loses,2.235
madness,2.235
maidservants,2.235
marries,2.235
melchizedek,2.235
midnight,2.235
mightily,2.235
mindful,2.235
moons,2.235
neriah,2.235
network,2.235
ophir,2.235
padan,2.235
pashhur,2.235
pekah,2.235
perishing,2.235
perverted,2.235
pharisee,2.235
presents,2.235
pursuing,2.235
quench,2.235
reasoned,2.235
refined,2.235
registered,2.235
rephaim,2.235
rezin,2.235
robbed,2.235
rolled,2.235
round,2.235
ruled,2.235
sandal,2.235
securely,2.235
shealtiel,2.235
shortened,2.235
silas,2.235
sir,2.235
sort,2.235
sour,2.235
space,2.235
stiff,2.235
stirs,2.235
store,2.235
stripped,2.235
supplies,2.235
swears,2.235
tabernacles,2.235
tabor,2.235
teman,2.235
thirteenth,2.235
thomas,2.235
tidings,2.235
trespasses,2.235
trimmers,2.235
turban,2.235
unbelief,2.235
underfoot,2.235
vashti,2.235
vintage,2.235
vomit,2.235
vowed,2.235
wares,2.235
weaver,2.235
week,2.235
wisely,2.235
wondrous,2.235
worm,2.235
worth,2.235
yearly,2.235
ziklag,2.235
zimri,2.235
zobah,2.235
forgiven,2.205
heritage,2.205
secretly,2.205
deceive,2.186
added,2.152
asleep,2.152
corner,2.152
fears,2.152
keeper,2.152
overcome,2.152
persecute,2.152
relative,2.152
safety,2.152
shoot,2.152
watched,2.152
serpent,2.152
touched,2.152
gift,2.142
oppression,2.133
prevailed,2.133
teach,2.088
slaves,2.087
great,2.071
female,2.068
arms,2.032
standing,2.028
language,2.018
abihu,2.012
accusers,2.012
aged,2.012
aijalon,2.012
amariah,2.012
ammonite,2.012
anah,2.012
anakim,2.012
ananias,2.012
archers,2.012
barabbas,2.012
barnea,2.012
bathsheba,2.012
benjamites,2.012
bezalel,2.012
birthright,2.012
blot,2.012
blows,2.012
bribes,2.012
brick,2.012
burdensome,2.012
caiaphas,2.012
camps,2.012
chastened,2.012
cleansing,2.012
clings,2.012
consecration,2.012
corpses,2.012
craftsman,2.012
dagon,2.012
dance,2.012
daytime,2.012
deborah,2.012
dedan,2.012
derision,2.012
desirable,2.012
desiring,2.012
devouring,2.012
diligence,2.012
diminish,2.012
discretion,2.012
diseases,2.012
dispossess,2.012
doves,2.012
dreamed,2.012
eagles,2.012
eliakim,2.012
elihu,2.012
enan,2.012
engraved,2.012
ethiopians,2.012
eunuch,2.012
exalts,2.012
eyelids,2.012
failed,2.012
fatty,2.012
flowers,2.012
futile,2.012
futility,2.012
gaal,2.012
gall,2.012
gentleness,2.012
gerar,2.012
grasping,2.012
groan,2.012
hanani,2.012
harlots,2.012
hem,2.012
hepher,2.012
highways,2.012
honest,2.012
hurried,2.012
hushai,2.012
hyssop,2.012
immoral,2.012
island,2.012
jeroham,2.012
jonadab,2.012
jozabad,2.012
kir,2.012
lawless,2.012
laying,2.012
leather,2.012
lightnings,2.012
lobe,2.012
malchijah,2.012
mamre,2.012
mediums,2.012
melted,2.012
merchant,2.012
meshech,2.012
michmash,2.012
milcah,2.012
millstone,2.012
minas,2.012
mingled,2.012
mourns,2.012
oldest,2.012
onyx,2.012
outsider,2.012
overflowing,2.012
overtook,2.012
panels,2.012
paran,2.012
philistia,2.012
pigeons,2.012
pitchers,2.012
plucked,2.012
plundering,2.012
preparation,2.012
prize,2.012
prominent,2.012
prophesies,2.012
prophesying,2.012
reapers,2.012
refreshed,2.012
rehob,2.012
reproached,2.012
resist,2.012
riddle,2.012
robbers,2.012
sack,2.012
sanballat,2.012
sapphire,2.012
scatters,2.012
scorn,2.012
shelemiah,2.012
shobal,2.012
soles,2.012
southward,2.012
stripes,2.012
stumbled,2.012
subdue,2.012
sum,2.012
surety,2.012
tekoa,2.012
thirteen,2.012
tonight,2.012
troop,2.012
turtledoves,2.012
twentieth,2.012
uphold,2.012
uttered,2.012
withdraw,2.012
withdrawn,2.012
wormwood,2.012
zebedee,2.012
zephaniah,2.012
zin,2.012
honor,2.002
shadow,1.996
heavenly,1.995
spent,1.995
ashes,1.990
boat,1.990
innocent,1.990
befall,1.984
childless,1.984
concerned,1.984
confronted,1.984
contained,1.984
disgraceful,1.984
establishes,1.984
extent,1.984
goliath,1.984
heels,1.984
hinder,1.984
mocks,1.984
returning,1.984
sink,1.984
smaller,1.984
transgressor,1.984
vanish,1.984
wandering,1.984
whisper,1.984
dominion,1.983
sick,1.973
testimony,1.964
tree,1.954
closed,1.948
displeased,1.948
fair,1.948
foreigners,1.948
lament,1.948
marvelous,1.948
pasture,1.948
pressed,1.948
repaired,1.948
spy,1.948
stir,1.948
surround,1.948
weighed,1.948
building,1.948
fed,1.948
receives,1.948
leaves,1.913
led,1.909
cleanse,1.862
hid,1.862
sell,1.862
makes,1.858
ornaments,1.847
dealt,1.832
deceit,1.832
declared,1.832
establish,1.828
assigned,1.826
big,1.826
booty,1.826
consuming,1.826
fearing,1.826
hasten,1.826
pleasures,1.826
shaped,1.826
vines,1.826
watered,1.826
cows,1.809
fornication,1.809
obedient,1.809
openly,1.809
purified,1.809
face,1.789
abdon,1.788
acquaintances,1.788
adullam,1.788
adulterers,1.788
aha,1.788
ammihud,1.788
amos,1.788
aphek,1.788
approved,1.788
area,1.788
artistic,1.788
asaiah,1.788
assyrians,1.788
astrologers,1.788
axes,1.788
baker,1.788
beget,1.788
belteshazzar,1.788
bethuel,1.788
blesses,1.788
blotted,1.788
bondservants,1.788
butler,1.788
carmi,1.788
caves,1.788
censer,1.788
chastening,1.788
cherethites,1.788
cloak,1.788
contention,1.788
costly,1.788
crowns,1.788
cush,1.788
dash,1.788
deadly,1.788
declares,1.788
departing,1.788
departs,1.788
devises,1.788
dictates,1.788
diminished,1.788
dinah,1.788
dip,1.788
directed,1.788
dor,1.788
ehud,1.788
eliel,1.788
elizabeth,1.788
emptied,1.788
enosh,1.788
equity,1.788
er,1.788
escapes,1.788
extend,1.788
feasting,1.788
flattering,1.788
geber,1.788
gera,1.788
geshur,1.788
giants,1.788
gifted,1.788
gileadite,1.788
guiltless,1.788
harim,1.788
hides,1.788
holes,1.788
honeycomb,1.788
housetop,1.788
hypocrite,1.788
impossible,1.788
isolate,1.788
jabin,1.788
jachin,1.788
jedaiah,1.788
jerimoth,1.788
jethro,1.788
jeush,1.788
jobab,1.788
knee,1.788
lacked,1.788
lamented,1.788
lawlessness,1.788
leap,1.788
lend,1.788
lifts,1.788
maacah,1.788
magistrates,1.788
magnified,1.788
makkedah,1.788
marketplace,1.788
melech,1.788
menahem,1.788
meribah,1.788
mishael,1.788
molding,1.788
morsel,1.788
mound,1.788
mule,1.788
mushi,1.788
mustered,1.788
nahash,1.788
nahshon,1.788
noonday,1.788
northern,1.788
opening,1.788
overcomes,1.788
oversight,1.788
overthrew,1.788
overwhelmed,1.788
owl,1.788
peaceably,1.788
peg,1.788
perishes,1.788
pierced,1.788
pisgah,1.788
poison,1.788
pours,1.788
preserves,1.788
proclamation,1.788
proverbs,1.788
quiver,1.788
raises,1.788
raisins,1.788
raw,1.788
rebukes,1.788
recovered,1.788
reeds,1.788
relented,1.788
remembers,1.788
renew,1.788
requested,1.788
reuel,1.788
rome,1.788
sacks,1.788
saddled,1.788
sanctifies,1.788
scoffer,1.788
searches,1.788
sells,1.788
serves,1.788
seth,1.788
seventeen,1.788
shaft,1.788
shamed,1.788
shammah,1.788
shaved,1.788
sheath,1.788
sheaves,1.788
shelomith,1.788
shunammite,1.788
sigh,1.788
slayer,1.788
soothsayers,1.788
sower,1.788
speckled,1.788
spit,1.788
steeds,1.788
stick,1.788
sticks,1.788
stubborn,1.788
tares,1.788
timnah,1.788
tip,1.788
tithe,1.788
tops,1.788
trample,1.788
tribulations,1.788
tubal,1.788
unfaithfulness,1.788
unprofitable,1.788
urijah,1.788
village,1.788
watchmen,1.788
wing,1.788
withdrew,1.788
withers,1.788
worshipers,1.788
yesterday,1.788
zalmunna,1.788
zebadiah,1.788
zebah,1.788
zelophehad,1.788
ziph,1.788
zorah,1.788
bears,1.766
crying,1.766
finds,1.766
members,1.766
alas,1.747
cries,1.747
haughty,1.747
heaps,1.747
highest,1.747
offers,1.747
outstretched,1.747
reaches,1.747
required,1.747
standard,1.747
stolen,1.747
swine,1.747
brings,1.726
restore,1.714
struck,1.693
servants,1.681
strong,1.672
blessing,1.672
sleep,1.672
fish,1.621
ears,1.620
begotten,1.589
dwellings,1.589
examine,1.587
redemption,1.587
request,1.587
allies,1.583
art,1.583
associate,1.583
associates,1.583
begins,1.583
belonging,1.583
boys,1.583
causing,1.583
devices,1.583
directions,1.583
graceful,1.583
helpful,1.583
hesitate,1.583
hours,1.583
ink,1.583
load,1.583
mutual,1.583
pardoned,1.583
penalty,1.583
quietly,1.583
quite,1.583
removes,1.583
shares,1.583
slander,1.583
soft,1.583
sparks,1.583
staffs,1.583
striking,1.583
supports,1.583
thankful,1.583
throws,1.583
traditions,1.583
urgent,1.583
vegetables,1.583
weaker,1.583
willed,1.583
enemy,1.568
hands,1.567
achbor,1.564
adah,1.564
adaiah,1.564
ahinoam,1.564
akkub,1.564
ambassadors,1.564
anak,1.564
apple,1.564
approve,1.564
arabia,1.564
araunah,1.564
arba,1.564
archways,1.564
arrayed,1.564
aven,1.564
azekah,1.564
baanah,1.564
baldness,1.564
beer,1.564
belshazzar,1.564
benjamite,1.564
beryl,1.564
bethany,1.564
bichri,1.564
bloodthirsty,1.564
boiled,1.564
bondservant,1.564
booths,1.564
bottomless,1.564
bountifully,1.564
bozrah,1.564
brood,1.564
bush,1.564
ceases,1.564
chasten,1.564
chastise,1.564
chebar,1.564
cheek,1.564
chemosh,1.564
cilicia,1.564
circumcise,1.564
clefts,1.564
cloven,1.564
coasts,1.564
copper,1.564
couch,1.564
covet,1.564
crop,1.564
cubs,1.564
cud,1.564
delaiah,1.564
desolations,1.564
destroyer,1.564
divides,1.564
diviners,1.564
doorkeepers,1.564
doorway,1.564
drives,1.564
drought,1.564
drunkenness,1.564
dyed,1.564
ebal,1.564
edrei,1.564
elioenai,1.564
elon,1.564
enclosed,1.564
enduring,1.564
entreat,1.564
eshtaol,1.564
examined,1.564
examines,1.564
exceeding,1.564
executes,1.564
exhortation,1.564
fatness,1.564
fatted,1.564
fearful,1.564
felix,1.564
fervent,1.564
filthiness,1.564
flax,1.564
flight,1.564
fold,1.564
folds,1.564
foul,1.564
foxes,1.564
frames,1.564
gershonites,1.564
gnashing,1.564
greets,1.564
hairs,1.564
hastened,1.564
hastens,1.564
hindered,1.564
hiss,1.564
hissing,1.564
hoped,1.564
hormah,1.564
housetops,1.564
implored,1.564
infants,1.564
infirmities,1.564
izhar,1.564
jahath,1.564
jarmuth,1.564
javan,1.564
jeconiah,1.564
jehozadak,1.564
jeshaiah,1.564
jether,1.564
jewels,1.564
jezreelite,1.564
joah,1.564
kenites,1.564
laish,1.564
lawgiver,1.564
leaped,1.564
liken,1.564
magnify,1.564
maimed,1.564
mareshah,1.564
mattithiah,1.564
meditation,1.564
megiddo,1.564
melts,1.564
mesopotamia,1.564
millo,1.564
molech,1.564
moth,1.564
murderers,1.564
nails,1.564
nazirite,1.564
necked,1.564
object,1.564
occupation,1.564
ophrah,1.564
ornan,1.564
outcry,1.564
overseers,1.564
paneled,1.564
parched,1.564
pedaiah,1.564
peleg,1.564
persecuting,1.564
perseverance,1.564
plow,1.564
plowing,1.564
plunderer,1.564
practiced,1.564
proceeded,1.564
prophetess,1.564
quietness,1.564
raiders,1.564
recorder,1.564
regards,1.564
rehum,1.564
remission,1.564
revolted,1.564
runs,1.564
samaritans,1.564
sanctuaries,1.564
sank,1.564
scab,1.564
seductress,1.564
settings,1.564
shaphat,1.564
shrines,1.564
skies,1.564
soldier,1.564
spared,1.564
stairs,1.564
stationed,1.564
stephen,1.564
stew,1.564
stocks,1.564
storehouses,1.564
surname,1.564
swarms,1.564
swept,1.564
toes,1.564
traders,1.564
trespassed,1.564
tumors,1.564
unpunished,1.564
uproar,1.564
uri,1.564
uz,1.564
uzzi,1.564
viper,1.564
wanting,1.564
wasted,1.564
wastes,1.564
wayside,1.564
wearied,1.564
wineskins,1.564
wolves,1.564
won,1.564
worker,1.564
workmen,1.564
worms,1.564
zabad,1.564
zaccur,1.564
zippor,1.564
zoan,1.564
zoar,1.564
zur,1.564
bows,1.548
cling,1.548
corpse,1.548
farthest,1.548
fault,1.548
relent,1.548
restrain,1.548
rows,1.548
sorrowful,1.548
trusts,1.548
breaks,1.532
consecrated,1.532
prey,1.532
separated,1.532
changed,1.526
determined,1.526
touch,1.526
breast,1.496
entering,1.496
worthless,1.496
separate,1.421
honored,1.416
obtain,1.416
parables,1.416
anguish,1.411
lots,1.411
pluck,1.411
thank,1.411
treasuries,1.411
soul,1.380
looking,1.378
possessions,1.378
rebelled,1.378
scatter,1.378
vineyards,1.378
passes,1.374
prevail,1.374
sand,1.374
seal,1.374
throne,1.371
confessed,1.370
drawing,1.370
hanging,1.370
hearted,1.370
hypocrisy,1.370
inform,1.370
prostrated,1.370
returns,1.370
shadows,1.370
stray,1.370
birds,1.366
binding,1.363
confirm,1.363
design,1.363
divorced,1.363
embraced,1.363
gog,1.363
regions,1.363
setting,1.363
temptation,1.363
boil,1.352
casting,1.352
collectors,1.352
courtyard,1.352
deserted,1.352
duties,1.352
handed,1.352
jewish,1.352
kindly,1.352
lazy,1.352
lodge,1.352
lowly,1.352
lust,1.352
michael,1.352
pull,1.352
unfaithful,1.352
wound,1.352
zealous,1.352
accurate,1.350
accusing,1.350
advisors,1.350
afflicting,1.350
afternoon,1.350
aloof,1.350
amounts,1.350
ankles,1.350
ants,1.350
aspire,1.350
associated,1.350
awaiting,1.350
banishment,1.350
blasts,1.350
blaze,1.350
blemishes,1.350
boastfully,1.350
brand,1.350
bribery,1.350
bucket,1.350
calmed,1.350
chair,1.350
chargers,1.350
circled,1.350
circulate,1.350
claims,1.350
coin,1.350
colored,1.350
communities,1.350
confirming,1.350
contemporaries,1.350
contemptuously,1.350
continuously,1.350
contradictions,1.350
controlled,1.350
cowardly,1.350
cruelly,1.350
cucumbers,1.350
cultivate,1.350
darken,1.350
deaths,1.350
decline,1.350
decorated,1.350
defender,1.350
defiant,1.350
demanding,1.350
denounced,1.350
depression,1.350
detain,1.350
directing,1.350
disappeared,1.350
disappoint,1.350
discerned,1.350
discover,1.350
displace,1.350
distributes,1.350
diverted,1.350
doubted,1.350
drowsiness,1.350
dweller,1.350
eased,1.350
eldest,1.350
elevation,1.350
encompass,1.350
enjoying,1.350
escaping,1.350
exchanges,1.350
exchanging,1.350
exercises,1.350
exiles,1.350
expanded,1.350
expressing,1.350
extensively,1.350
extinguish,1.350
fantasy,1.350
farm,1.350
farming,1.350
feeling,1.350
fiercely,1.350
fires,1.350
fixing,1.350
flooded,1.350
forged,1.350
forgetting,1.350
foster,1.350
frail,1.350
frequent,1.350
fulfills,1.350
generously,1.350
gestures,1.350
gnat,1.350
gored,1.350
governs,1.350
gravely,1.350
grudgingly,1.350
harmonious,1.350
hastening,1.350
hateful,1.350
haughtily,1.350
honorably,1.350
hopes,1.350
ignorantly,1.350
imprisoned,1.350
incredible,1.350
indicate,1.350
inspiration,1.350
insult,1.350
interests,1.350
interpreting,1.350
ladder,1.350
landing,1.350
lasted,1.350
layers,1.350
limbs,1.350
limited,1.350
lotus,1.350
maintaining,1.350
martyrs,1.350
mash,1.350
matured,1.350
measurement,1.350
meetings,1.350
metal,1.350
misleads,1.350
moist,1.350
monuments,1.350
observance,1.350
observation,1.350
obtaining,1.350
obviously,1.350
occasions,1.350
omens,1.350
opposes,1.350
opposition,1.350
overlook,1.350
particular,1.350
partition,1.350
passages,1.350
permanent,1.350
personally,1.350
piercing,1.350
piles,1.350
plunge,1.350
plus,1.350
pocket,1.350
poets,1.350
positioned,1.350
prevailing,1.350
proving,1.350
publicly,1.350
punishments,1.350
quakes,1.350
quantities,1.350
questioning,1.350
rays,1.350
rebelling,1.350
reformed,1.350
regulations,1.350
remorseful,1.350
renounced,1.350
replenished,1.350
reserve,1.350
resolve,1.350
resources,1.350
retaliate,1.350
retreated,1.350
revealing,1.350
revere,1.350
reverted,1.350
rewarding,1.350
ribs,1.350
richly,1.350
richness,1.350
rip,1.350
rites,1.350
sharpens,1.350
sheltered,1.350
shorter,1.350
slanderer,1.350
sparing,1.350
splendidly,1.350
stability,1.350
stained,1.350
stamp,1.350
station,1.350
status,1.350
steadily,1.350
stepped,1.350
stomachs,1.350
stoning,1.350
streaks,1.350
studies,1.350
submitting,1.350
swayed,1.350
testator,1.350
thickly,1.350
threaten,1.350
threatening,1.350
tilling,1.350
tips,1.350
traitor,1.350
truthfully,1.350
tumbled,1.350
type,1.350
uncertainty,1.350
unchangeable,1.350
unveiled,1.350
violate,1.350
weakest,1.350
wedlock,1.350
wiping,1.350
witnessing,1.350
abarim,1.341
abihail,1.341
abounding,1.341
accustomed,1.341
agag,1.341
ahio,1.341
aholibamah,1.341
alarm,1.341
allotted,1.341
ammiel,1.341
aquila,1.341
arpad,1.341
ascending,1.341
ashtaroth,1.341
ashtoreths,1.341
assurance,1.341
ataroth,1.341
awaken,1.341
azmaveth,1.341
azrikam,1.341
bake,1.341
bald,1.341
balm,1.341
banks,1.341
baptize,1.341
baptizing,1.341
bar,1.341
barracks,1.341
baths,1.341
battles,1.341
beam,1.341
bedroom,1.341
beelzebub,1.341
bereave,1.341
bethsaida,1.341
binnui,1.341
bondwoman,1.341
boundaries,1.341
bridle,1.341
bud,1.341
cainan,1.341
carnally,1.341
catches,1.341
ceasing,1.341
censers,1.341
cephas,1.341
certificate,1.341
cheerful,1.341
circle,1.341
clap,1.341
cloths,1.341
cluster,1.341
coat,1.341
collector,1.341
commend,1.341
commended,1.341
conquered,1.341
contentions,1.341
corruptly,1.341
countrymen,1.341
crowned,1.341
dances,1.341
dared,1.341
dashed,1.341
dawned,1.341
dawning,1.341
deeper,1.341
defected,1.341
defiles,1.341
delayed,1.341
denarii,1.341
denarius,1.341
depth,1.341
descent,1.341
dipped,1.341
dish,1.341
dishon,1.341
dissolved,1.341
distresses,1.341
distressing,1.341
drained,1.341
drip,1.341
dross,1.341
drunkards,1.341
edomite,1.341
elath,1.341
eliphelet,1.341
embroidered,1.341
encouragement,1.341
enlarged,1.341
entreated,1.341
entry,1.341
esteem,1.341
ethiopian,1.341
evils,1.341
exhorting,1.341
ezion,1.341
farther,1.341
feathers,1.341
fifties,1.341
flask,1.341
flatters,1.341
fleece,1.341
flint,1.341
foes,1.341
gallows,1.341
gamaliel,1.341
gershom,1.341
gets,1.341
gihon,1.341
gilboa,1.341
gittite,1.341
gomer,1.341
granddaughter,1.341
grape,1.341
handbreadth,1.341
hanoch,1.341
harass,1.341
havilah,1.341
heres,1.341
hoglah,1.341
humbles,1.341
hundredfold,1.341
huram,1.341
incurable,1.341
intended,1.341
intricately,1.341
isles,1.341
jabbok,1.341
jael,1.341
jar,1.341
jared,1.341
jasper,1.341
jediael,1.341
jehohanan,1.341
jewelry,1.341
joints,1.341
judging,1.341
kadmiel,1.341
key,1.341
knit,1.341
lavers,1.341
leaning,1.341
leopard,1.341
loathe,1.341
lusted,1.341
lute,1.341
luz,1.341
mad,1.341
maids,1.341
marketplaces,1.341
masons,1.341
mediator,1.341
meraioth,1.341
migdol,1.341
mistress,1.341
musical,1.341
myrtle,1.341
nathanael,1.341
necho,1.341
netophathite,1.341
noph,1.341
nourished,1.341
nursed,1.341
offenses,1.341
ostriches,1.341
othniel,1.341
outskirts,1.341
overseer,1.341
overshadowed,1.341
pains,1.341
pans,1.341
paralytic,1.341
partake,1.341
pavement,1.341
pelethites,1.341
penuel,1.341
perfection,1.341
persians,1.341
philippi,1.341
physician,1.341
pine,1.341
pitied,1.341
plagued,1.341
pleading,1.341
plentiful,1.341
plowed,1.341
polished,1.341
polluted,1.341
pomegranate,1.341
pools,1.341
porch,1.341
pouring,1.341
practices,1.341
praetorium,1.341
pretense,1.341
profits,1.341
prudence,1.341
rainbow,1.341
rained,1.341
razor,1.341
rebuild,1.341
reconciled,1.341
repays,1.341
residue,1.341
restitution,1.341
reu,1.341
revenue,1.341
rider,1.341
rides,1.341
robber,1.341
robbery,1.341
rooms,1.341
scarcely,1.341
scheme,1.341
seats,1.341
sect,1.341
separating,1.341
sepharvaim,1.341
sharon,1.341
shebna,1.341
shechaniah,1.341
sheepfolds,1.341
shema,1.341
sherebiah,1.341
shimea,1.341
shinar,1.341
shishak,1.341
shovels,1.341
shual,1.341
shuts,1.341
signed,1.341
sinning,1.341
skillfully,1.341
slip,1.341
slopes,1.341
sober,1.341
sochoh,1.341
sojourner,1.341
sorcerers,1.341
spied,1.341
spotted,1.341
sprang,1.341
stole,1.341
stooped,1.341
storehouse,1.341
strictly,1.341
stroke,1.341
subjection,1.341
survey,1.341
tahpanhes,1.341
talebearer,1.341
tappuah,1.341
tarry,1.341
taskmasters,1.341
temples,1.341
terrify,1.341
thessalonica,1.341
thorn,1.341
threats,1.341
thresh,1.341
thunderings,1.341
tophet,1.341
trap,1.341
traveling,1.341
trembles,1.341
trousers,1.341
twins,1.341
uncircumcision,1.341
unfruitful,1.341
ungodliness,1.341
upholds,1.341
urim,1.341
warmed,1.341
waved,1.341
weapon,1.341
wick,1.341
wiped,1.341
wiser,1.341
zabdi,1.341
zibeon,1.341
zilpah,1.341
fulfilled,1.330
dreams,1.307
ride,1.307
allow,1.303
seized,1.303
clouds,1.301
guard,1.295
use,1.275
torn,1.270
moses,1.264
vision,1.262
envy,1.241
release,1.241
spread,1.240
covering,1.235
performed,1.219
attack,1.197
proceed,1.197
stronger,1.197
haman,1.191
condemn,1.183
possessed,1.183
safely,1.183
world,1.176
ascent,1.160
beg,1.160
bonds,1.160
bribe,1.160
burns,1.160
fitting,1.160
frogs,1.160
leading,1.160
older,1.160
purification,1.160
roll,1.160
severely,1.160
sows,1.160
staying,1.160
talent,1.160
thieves,1.160
urge,1.160
left,1.154
weight,1.139
fail,1.131
abidan,1.117
abiezer,1.117
abiram,1.117
abishag,1.117
achsah,1.117
admah,1.117
adoni,1.117
adoption,1.117
adulterous,1.117
advance,1.117
agagite,1.117
ahira,1.117
ahohite,1.117
ails,1.117
alexander,1.117
allied,1.117
aloes,1.117
alphaeus,1.117
amasai,1.117
annihilate,1.117
answering,1.117
apiece,1.117
arad,1.117
archite,1.117
argob,1.117
arioch,1.117
aristarchus,1.117
arrest,1.117
artisans,1.117
ash,1.117
assyrian,1.117
baalah,1.117
bahurim,1.117
barns,1.117
basemath,1.117
beards,1.117
bebai,1.117
beheaded,1.117
beheld,1.117
berechiah,1.117
bezer,1.117
bigvai,1.117
blackness,1.117
blaspheme,1.117
bough,1.117
braided,1.117
breadth,1.117
caldron,1.117
carmelite,1.117
carpenters,1.117
cavalry,1.117
chaldea,1.117
chedorlaomer,1.117
cheeks,1.117
cheer,1.117
chenaanah,1.117
chew,1.117
choicest,1.117
cistern,1.117
clasps,1.117
clods,1.117
commanders,1.117
compare,1.117
comprehend,1.117
condemns,1.117
construction,1.117
consumes,1.117
controversy,1.117
corinth,1.117
corruptible,1.117
counts,1.117
coupled,1.117
craftiness,1.117
crafty,1.117
crows,1.117
cunning,1.117
cured,1.117
cushite,1.117
damages,1.117
danced,1.117
dancing,1.117
deacons,1.117
deals,1.117
debt,1.117
debtors,1.117
deceiver,1.117
defied,1.117
delilah,1.117
dens,1.117
diana,1.117
dishan,1.117
dispossessed,1.117
disqualified,1.117
dividing,1.117
doctrines,1.117
dodo,1.117
drachmas,1.117
dragged,1.117
drops,1.117
drunkard,1.117
earnest,1.117
eder,1.117
edged,1.117
election,1.117
eliasaph,1.117
elimelech,1.117
elnathan,1.117
emerald,1.117
encamp,1.117
enlarge,1.117
enlarges,1.117
entice,1.117
envied,1.117
ephrathah,1.117
equipment,1.117
erected,1.117
eshcol,1.117
eshtemoa,1.117
evildoer,1.117
fades,1.117
fainted,1.117
famous,1.117
farmer,1.117
fights,1.117
fir,1.117
fishermen,1.117
fist,1.117
fleshly,1.117
fodder,1.117
foreskins,1.117
frost,1.117
fugitives,1.117
gaius,1.117
galatia,1.117
gaze,1.117
gedi,1.117
gedor,1.117
general,1.117
geshurites,1.117
gibbethon,1.117
gibeonites,1.117
gideoni,1.117
gleaning,1.117
goodwill,1.117
gozan,1.117
grove,1.117
haggith,1.117
hairy,1.117
hammedatha,1.117
hammer,1.117
hardens,1.117
hardness,1.117
harsh,1.117
hashum,1.117
hastily,1.117
haughtiness,1.117
hearth,1.117
hedge,1.117
heel,1.117
herdsmen,1.117
herodias,1.117
holders,1.117
hook,1.117
hophni,1.117
horites,1.117
hosah,1.117
implements,1.117
imputed,1.117
incorruptible,1.117
infirmity,1.117
innumerable,1.117
insolent,1.117
instant,1.117
instrument,1.117
intending,1.117
intently,1.117
intimately,1.117
ira,1.117
ittai,1.117
jahaz,1.117
jahaziel,1.117
javelin,1.117
jeremoth,1.117
jezreelitess,1.117
joint,1.117
joses,1.117
jozadak,1.117
kirjathaim,1.117
kishon,1.117
knock,1.117
knocks,1.117
landmark,1.117
laodicea,1.117
larger,1.117
lawyers,1.117
leaned,1.117
leans,1.117
leviathan,1.117
libni,1.117
lick,1.117
lighten,1.117
lily,1.117
listed,1.117
locks,1.117
log,1.117
lystra,1.117
machpelah,1.117
mahalalel,1.117
matthew,1.117
medeba,1.117
media,1.117
medium,1.117
meek,1.117
methuselah,1.117
michaiah,1.117
midwives,1.117
milcom,1.117
mina,1.117
mizraim,1.117
moabitess,1.117
mourners,1.117
mulberry,1.117
nahath,1.117
naioth,1.117
necessity,1.117
nehemiah,1.117
nimshi,1.117
nob,1.117
notable,1.117
oak,1.117
oaks,1.117
occurred,1.117
ocran,1.117
offal,1.117
offend,1.117
onan,1.117
ono,1.117
ophel,1.117
oppresses,1.117
outcasts,1.117
outward,1.117
overpowered,1.117
overturned,1.117
pagiel,1.117
pamphylia,1.117
paralyzed,1.117
parosh,1.117
partaker,1.117
pathros,1.117
pedahzur,1.117
pelatiah,1.117
perizzite,1.117
perplexed,1.117
persecutors,1.117
pertaining,1.117
perversity,1.117
physicians,1.117
pileser,1.117
pits,1.117
plastered,1.117
points,1.117
pomp,1.117
precept,1.117
prepares,1.117
presenting,1.117
principalities,1.117
priscilla,1.117
prospers,1.117
provocation,1.117
psalm,1.117
purchase,1.117
purim,1.117
quarter,1.117
quota,1.117
reckon,1.117
refresh,1.117
rekem,1.117
rely,1.117
renewed,1.117
rephidim,1.117
riders,1.117
roars,1.117
roman,1.117
rot,1.117
roughly,1.117
salah,1.117
sanctification,1.117
sardius,1.117
savory,1.117
scorns,1.117
scorpions,1.117
seahs,1.117
searching,1.117
semen,1.117
serah,1.117
serug,1.117
sevenfold,1.117
seventeenth,1.117
shakes,1.117
shammai,1.117
shared,1.117
sharpen,1.117
sheaf,1.117
shilonite,1.117
shimron,1.117
shur,1.117
skirts,1.117
slanderers,1.117
slays,1.117
sling,1.117
sojourners,1.117
sores,1.117
spat,1.117
spiritists,1.117
sprinkling,1.117
stench,1.117
stiffened,1.117
stony,1.117
stork,1.117
strap,1.117
streaked,1.117
stump,1.117
suffers,1.117
surprise,1.117
sustained,1.117
sweetness,1.117
swifter,1.117
swim,1.117
tahath,1.117
talmai,1.117
tambourines,1.117
temanite,1.117
tend,1.117
tetrarch,1.117
thirsts,1.117
thrive,1.117
thumb,1.117
tiglath,1.117
timbrel,1.117
tishbite,1.117
toe,1.117
toiled,1.117
tolerable,1.117
tool,1.117
topaz,1.117
tossed,1.117
troas,1.117
trodden,1.117
trumpeters,1.117
tychicus,1.117
ugly,1.117
undefiled,1.117
unholy,1.117
unloved,1.117
unmarried,1.117
unsearchable,1.117
unstable,1.117
untempered,1.117
ur,1.117
utters,1.117
uzzah,1.117
valiantly,1.117
valued,1.117
vapor,1.117
vinegar,1.117
vipers,1.117
vulture,1.117
wafers,1.117
warp,1.117
warrior,1.117
weave,1.117
wolf,1.117
woof,1.117
wore,1.117
wrists,1.117
zanoah,1.117
zarhites,1.117
zeboiim,1.117
zebul,1.117
zohar,1.117
zuar,1.117
sound,1.097
animal,1.097
eating,1.097
shaken,1.097
desert,1.096
confident,1.092
eastern,1.092
learned,1.092
gave,1.085
abominable,1.075
ambush,1.075
clothe,1.075
distance,1.075
praised,1.075
writing,1.075
forces,1.070
invited,1.070
pain,1.070
captives,1.070
worse,1.063
wait,1.033
learn,1.032
treasures,1.032
grave,1.018
proclaim,1.018
remove,1.018
send,1.014
read,1.011
behavior,0.997
crooked,0.997
devised,0.997
explained,0.997
terrified,0.997
bones,0.981
afflict,0.974
accomplished,0.974
basins,0.974
destroys,0.974
devise,0.974
idle,0.974
manifested,0.974
nature,0.974
numerous,0.974
restrained,0.974
testing,0.974
void,0.974
withhold,0.974
preserve,0.963
treasure,0.963
just,0.953
west,0.949
brothers,0.947
corruption,0.944
reached,0.944
skillful,0.944
boy,0.923
dishonest,0.923
encourage,0.923
frighten,0.923
listening,0.923
ripe,0.923
warm,0.923
friend,0.921
proud,0.921
assemble,0.915
business,0.915
heights,0.915
locusts,0.915
moment,0.915
thirsty,0.915
virgins,0.915
abuse,0.913
acknowledged,0.913
bath,0.913
bricks,0.913
busy,0.913
concealed,0.913
dignity,0.913
embrace,0.913
favored,0.913
getting,0.913
glass,0.913
graciously,0.913
happening,0.913
heavily,0.913
humiliated,0.913
idolatry,0.913
induced,0.913
infant,0.913
kindles,0.913
limit,0.913
listens,0.913
mail,0.913
opposed,0.913
partly,0.913
predestined,0.913
raging,0.913
relied,0.913
rests,0.913
ruling,0.913
survived,0.913
survivors,0.913
swiftly,0.913
touching,0.913
wage,0.913
weighs,0.913
withholds,0.913
worships,0.913
abhors,0.894
abinoam,0.894
abishua,0.894
abolished,0.894
abounded,0.894
abounds,0.894
acceptance,0.894
achan,0.894
achzib,0.894
addar,0.894
adin,0.894
administered,0.894
administrators,0.894
adulteries,0.894
aground,0.894
ahiezer,0.894
ahilud,0.894
aholiab,0.894
aiah,0.894
aid,0.894
alienated,0.894
allotment,0.894
almond,0.894
alpha,0.894
amend,0.894
annas,0.894
announced,0.894
appearing,0.894
applied,0.894
apply,0.894
ararat,0.894
armory,0.894
arrested,0.894
artistically,0.894
asherah,0.894
asshur,0.894
assir,0.894
assistant,0.894
assured,0.894
ater,0.894
athens,0.894
avenges,0.894
azarel,0.894
baalath,0.894
babe,0.894
banners,0.894
bartholomew,0.894
beautify,0.894
becher,0.894
bemoan,0.894
bene,0.894
bethlehemite,0.894
betrayer,0.894
bezek,0.894
bildad,0.894
bloody,0.894
borrow,0.894
boznai,0.894
breach,0.894
brighter,0.894
broom,0.894
brotherhood,0.894
brotherly,0.894
brown,0.894
bruised,0.894
buckler,0.894
bundle,0.894
burnished,0.894
burying,0.894
buttress,0.894
buys,0.894
cage,0.894
canopy,0.894
celebrate,0.894
changers,0.894
channels,0.894
charms,0.894
chastised,0.894
cheat,0.894
cheated,0.894
childbirth,0.894
chimham,0.894
choked,0.894
chop,0.894
cinnamon,0.894
circuit,0.894
citizen,0.894
cleanness,0.894
clubs,0.894
cobra,0.894
comforters,0.894
conferred,0.894
confesses,0.894
conformed,0.894
contemptible,0.894
contrite,0.894
countryside,0.894
courageous,0.894
couriers,0.894
covetous,0.894
creditor,0.894
crete,0.894
crimson,0.894
crowed,0.894
crushing,0.894
curds,0.894
danger,0.894
dathan,0.894
debar,0.894
deceptive,0.894
dedicates,0.894
delivering,0.894
descendant,0.894
diamond,0.894
digs,0.894
dine,0.894
dinner,0.894
dirt,0.894
discernment,0.894
discovered,0.894
disguised,0.894
dismissed,0.894
dismounted,0.894
disorderly,0.894
displease,0.894
displeasure,0.894
disturbed,0.894
doeg,0.894
doubting,0.894
dough,0.894
downward,0.894
dreadfully,0.894
dreamer,0.894
dripping,0.894
drunken,0.894
dumah,0.894
edges,0.894
el,0.894
elealeh,0.894
elements,0.894
elim,0.894
elizaphan,0.894
elizur,0.894
enchantments,0.894
encircled,0.894
enlighten,0.894
enticed,0.894
entirely,0.894
epher,0.894
ephrath,0.894
etham,0.894
ethan,0.894
exacted,0.894
exaltation,0.894
excel,0.894
excelled,0.894
extol,0.894
fables,0.894
fainthearted,0.894
faints,0.894
fallow,0.894
familiar,0.894
fattened,0.894
finest,0.894
fists,0.894
flanks,0.894
flash,0.894
folding,0.894
forbidding,0.894
fords,0.894
foreskin,0.894
forests,0.894
forgets,0.894
forks,0.894
formation,0.894
forsakes,0.894
fortify,0.894
fowl,0.894
frame,0.894
fret,0.894
furrows,0.894
gaash,0.894
galileans,0.894
gaunt,0.894
gazelles,0.894
gemariah,0.894
gerahs,0.894
geshem,0.894
giddel,0.894
girgashites,0.894
gleaned,0.894
glittering,0.894
glories,0.894
glutton,0.894
goads,0.894
golan,0.894
grandchildren,0.894
grandson,0.894
grasshoppers,0.894
greece,0.894
grinding,0.894
grope,0.894
guest,0.894
hadoram,0.894
hahiroth,0.894
hamstrung,0.894
hanamel,0.894
hananel,0.894
hararite,0.894
harassed,0.894
harsha,0.894
hats,0.894
hattaavah,0.894
hattush,0.894
hazeroth,0.894
hearers,0.894
heaviness,0.894
hebronites,0.894
helon,0.894
henadad,0.894
hip,0.894
hodaviah,0.894
holiday,0.894
homer,0.894
hosanna,0.894
howl,0.894
hushathite,0.894
hushim,0.894
idolatrous,0.894
imitate,0.894
immortality,0.894
implore,0.894
imported,0.894
impute,0.894
incorruption,0.894
increasingly,0.894
indignant,0.894
inflicted,0.894
innocence,0.894
inquiry,0.894
instructions,0.894
ishi,0.894
ishmaelites,0.894
items,0.894
jaakan,0.894
jaazaniah,0.894
jamin,0.894
jattir,0.894
jaws,0.894
jebus,0.894
jehonathan,0.894
jerahmeel,0.894
jeshurun,0.894
joktan,0.894
jug,0.894
kenite,0.894
kerioth,0.894
keturah,0.894
kibroth,0.894
kids,0.894
knapsack,0.894
kneading,0.894
knife,0.894
knives,0.894
korahites,0.894
laadan,0.894
laboring,0.894
languishes,0.894
lattice,0.894
laughs,0.894
ledge,0.894
libya,0.894
licked,0.894
lightly,0.894
likened,0.894
loaf,0.894
loathed,0.894
lod,0.894
longed,0.894
longs,0.894
loops,0.894
loosing,0.894
lotan,0.894
lowlands,0.894
lurk,0.894
lurking,0.894
lydia,0.894
maachathite,0.894
maachathites,0.894
mahlah,0.894
malchishua,0.894
mandrakes,0.894
maon,0.894
marble,0.894
marrow,0.894
massah,0.894
meekness,0.894
melody,0.894
meon,0.894
meremoth,0.894
merodach,0.894
mesha,0.894
meshelemiah,0.894
mikloth,0.894
mildew,0.894
million,0.894
millstones,0.894
mirror,0.894
mishma,0.894
mistreated,0.894
mob,0.894
mockers,0.894
moladah,0.894
mounds,0.894
multiplies,0.894
murders,0.894
mysteries,0.894
nebajoth,0.894
nekoda,0.894
nests,0.894
nettles,0.894
networks,0.894
nimrod,0.894
nineteenth,0.894
obeying,0.894
oboth,0.894
official,0.894
oholah,0.894
oholibah,0.894
omega,0.894
onam,0.894
onward,0.894
oreb,0.894
overpower,0.894
oversee,0.894
overwhelm,0.894
owed,0.894
pahath,0.894
pallu,0.894
pavilion,0.894
peaceable,0.894
pelet,0.894
performing,0.894
performs,0.894
perfumer,0.894
perpetually,0.894
pertain,0.894
pethahiah,0.894
petitions,0.894
pi,0.894
pirathonite,0.894
planting,0.894
plaster,0.894
pleads,0.894
pole,0.894
pontius,0.894
post,0.894
posts,0.894
preparations,0.894
press,0.894
presumptuously,0.894
priestly,0.894
principles,0.894
process,0.894
proclaims,0.894
proconsul,0.894
promoted,0.894
propitiation,0.894
proposed,0.894
provoking,0.894
pursuers,0.894
quaked,0.894
quieted,0.894
rags,0.894
rameses,0.894
rash,0.894
ravens,0.894
ravine,0.894
reaiah,0.894
receded,0.894
rechabites,0.894
reconcile,0.894
reddish,0.894
redeeming,0.894
rehoboth,0.894
relating,0.894
rephaiah,0.894
repulsive,0.894
resisted,0.894
retained,0.894
revolt,0.894
rigor,0.894
rim,0.894
ritual,0.894
rizpah,0.894
rogel,0.894
rosh,0.894
rubbish,0.894
rumor,0.894
rushes,0.894
sailing,0.894
salcah,0.894
salem,0.894
salmon,0.894
samaritan,0.894
samlah,0.894
sashes,0.894
saws,0.894
scorched,0.894
scornful,0.894
scourged,0.894
scourges,0.894
script,0.894
seacoast,0.894
seba,0.894
seers,0.894
seizes,0.894
seller,0.894
sentence,0.894
separates,0.894
separation,0.894
sexually,0.894
shammua,0.894
sharezer,0.894
shattered,0.894
shaul,0.894
shebaniah,0.894
shedeur,0.894
shelumiel,0.894
sheshbazzar,0.894
shethar,0.894
shimri,0.894
shimshai,0.894
shines,0.894
shobab,0.894
shua,0.894
shuhite,0.894
shuthelah,0.894
sicknesses,0.894
silvanus,0.894
sinews,0.894
situated,0.894
skull,0.894
sleeps,0.894
smiths,0.894
smoking,0.894
softly,0.894
soothsaying,0.894
sorceries,0.894
spectacle,0.894
speechless,0.894
spikenard,0.894
spilled,0.894
spitefully,0.894
spoons,0.894
springing,0.894
steep,0.894
stewards,0.894
stewardship,0.894
stops,0.894
straps,0.894
strengthening,0.894
strings,0.894
stumbles,0.894
subsided,0.894
sung,0.894
sunk,0.894
supplied,0.894
survivor,0.894
sustain,0.894
sway,0.894
sycamores,0.894
taanach,0.894
talmon,0.894
tambourine,0.894
target,0.894
tarsus,0.894
tattenai,0.894
taunting,0.894
tema,0.894
tenons,0.894
tens,0.894
terrace,0.894
territories,0.894
thickets,0.894
thighs,0.894
thummim,0.894
thundered,0.894
thunders,0.894
thyatira,0.894
tie,0.894
timbrels,0.894
tob,0.894
togarmah,0.894
tola,0.894
totter,0.894
traveler,0.894
treading,0.894
treason,0.894
treasurers,0.894
trickery,0.894
trimmed,0.894
turbans,0.894
turquoise,0.894
turtledove,0.894
ulam,0.894
unwise,0.894
unworthy,0.894
upheld,0.894
uproot,0.894
uriel,0.894
useful,0.894
vehement,0.894
vigor,0.894
vindicate,0.894
wake,0.894
wanders,0.894
warfare,0.894
wasteland,0.894
wax,0.894
willows,0.894
withstood,0.894
wondered,0.894
workman,0.894
worshiping,0.894
wreaths,0.894
yearns,0.894
yokes,0.894
zephon,0.894
zurishaddai,0.894
shake,0.891
forever,0.855
carefully,0.852
swallow,0.852
love,0.852
eternal,0.841
oppressed,0.841
nights,0.826
beauty,0.805
acknowledge,0.793
arises,0.793
beard,0.793
betrayed,0.793
conceive,0.793
ease,0.793
exhort,0.793
holds,0.793
measurements,0.793
pleasing,0.793
shouting,0.793
slow,0.793
sufferings,0.793
winter,0.793
drinking,0.788
prosperity,0.788
testified,0.788
vows,0.788
quickly,0.778
enters,0.762
hang,0.762
sailed,0.762
stayed,0.758
increase,0.758
home,0.753
taught,0.749
close,0.749
form,0.749
darkness,0.744
food,0.744
fought,0.744
inside,0.734
giving,0.725
needy,0.719
blow,0.713
choice,0.713
excellent,0.713
sheba,0.713
transgressed,0.713
accused,0.710
agreed,0.710
disobedience,0.710
laugh,0.710
lowest,0.710
opportunity,0.710
permitted,0.710
possible,0.710
similar,0.710
sleeping,0.710
save,0.708
thrown,0.697
praying,0.671
abdi,0.670
abib,0.670
abiel,0.670
abijam,0.670
accidentally,0.670
accordance,0.670
achor,0.670
achshaph,0.670
acquit,0.670
adiel,0.670
admonished,0.670
adonikam,0.670
adorn,0.670
adrammelech,0.670
adullamite,0.670
adulterer,0.670
adulteress,0.670
adversities,0.670
ahava,0.670
ahiman,0.670
akrabbim,0.670
alabaster,0.670
alemeth,0.670
alleluia,0.670
allure,0.670
almon,0.670
alongside,0.670
amber,0.670
amiss,0.670
ammishaddai,0.670
ammonitess,0.670
anathothite,0.670
annul,0.670
anxiety,0.670
apostleship,0.670
appealed,0.670
aqueduct,0.670
arabians,0.670
arah,0.670
aramaic,0.670
arguments,0.670
ariel,0.670
aright,0.670
arimathea,0.670
arisen,0.670
arrange,0.670
artisan,0.670
asenath,0.670
ashan,0.670
ashbel,0.670
ashkenaz,0.670
asphalt,0.670
asriel,0.670
assault,0.670
assemblies,0.670
attai,0.670
attire,0.670
avails,0.670
avenging,0.670
azel,0.670
azgad,0.670
azmon,0.670
azubah,0.670
backslidings,0.670
bamoth,0.670
barefoot,0.670
barn,0.670
bases,0.670
bathed,0.670
battering,0.670
beerothite,0.670
begging,0.670
beginnings,0.670
bel,0.670
bells,0.670
berith,0.670
bernice,0.670
beseech,0.670
besor,0.670
betraying,0.670
beveled,0.670
bewail,0.670
bezai,0.670
bilhan,0.670
bin,0.670
birthday,0.670
bishop,0.670
bitten,0.670
blacksmith,0.670
blasphemous,0.670
blight,0.670
blighted,0.670
bodily,0.670
bottle,0.670
bowstrings,0.670
box,0.670
bramble,0.670
brier,0.670
brim,0.670
brokenhearted,0.670
bruise,0.670
bucklers,0.670
buildings,0.670
bukki,0.670
bundles,0.670
butter,0.670
buttocks,0.670
buyer,0.670
buz,0.670
cana,0.670
cane,0.670
caphtor,0.670
caphtorim,0.670
carchemish,0.670
cargo,0.670
cases,0.670
cassia,0.670
catastrophe,0.670
celebrated,0.670
chained,0.670
chainwork,0.670
champion,0.670
chenaniah,0.670
chewing,0.670
chews,0.670
chinnereth,0.670
chinneroth,0.670
claudius,0.670
cliff,0.670
coastland,0.670
coffin,0.670
coins,0.670
comforter,0.670
commotion,0.670
communion,0.670
comparison,0.670
compels,0.670
conception,0.670
conflict,0.670
confront,0.670
contends,0.670
continues,0.670
convenient,0.670
convict,0.670
convicted,0.670
convocations,0.670
convulsed,0.670
cooked,0.670
corrected,0.670
corrects,0.670
craving,0.670
crossing,0.670
crumbs,0.670
cushan,0.670
cuttings,0.670
cyrene,0.670
dagger,0.670
danites,0.670
daylight,0.670
decapolis,0.670
deceitfulness,0.670
deceiving,0.670
declaring,0.670
defended,0.670
defy,0.670
demas,0.670
departure,0.670
deployed,0.670
derbe,0.670
desperate,0.670
detests,0.670
deuel,0.670
diblathaim,0.670
differing,0.670
diseased,0.670
disguise,0.670
dishonors,0.670
dismay,0.670
disquieted,0.670
dissipation,0.670
districts,0.670
document,0.670
doorkeeper,0.670
doorpost,0.670
dragnet,0.670
dregs,0.670
driver,0.670
eager,0.670
earthquakes,0.670
eater,0.670
ebenezer,0.670
ebiasaph,0.670
edify,0.670
eleasah,0.670
elhanan,0.670
eliada,0.670
elishah,0.670
elpaal,0.670
embalmed,0.670
emim,0.670
emission,0.670
encampment,0.670
endowed,0.670
engrave,0.670
engraver,0.670
engraving,0.670
engravings,0.670
enlightened,0.670
ensnared,0.670
entices,0.670
entrances,0.670
entryway,0.670
envision,0.670
envisioned,0.670
epaphras,0.670
ephahs,0.670
ephesians,0.670
ephraimite,0.670
erect,0.670
errors,0.670
esarhaddon,0.670
escort,0.670
escorts,0.670
estranged,0.670
etam,0.670
excellency,0.670
excels,0.670
excuse,0.670
exhorted,0.670
exits,0.670
exploit,0.670
expressly,0.670
extending,0.670
extortion,0.670
ezem,0.670
fairest,0.670
falcon,0.670
famines,0.670
fan,0.670
fashions,0.670
fastings,0.670
fatlings,0.670
fearfulness,0.670
figure,0.670
fills,0.670
firepans,0.670
flashing,0.670
flat,0.670
flavor,0.670
fleet,0.670
flooding,0.670
floodplain,0.670
flutes,0.670
forcing,0.670
foretold,0.670
fornicators,0.670
fraud,0.670
freewoman,0.670
frontlets,0.670
fugitive,0.670
fuller,0.670
gadarenes,0.670
galal,0.670
galilean,0.670
galleries,0.670
gallio,0.670
gannim,0.670
gareb,0.670
garrisons,0.670
gerizim,0.670
gileadites,0.670
gloom,0.670
gloriously,0.670
gnashes,0.670
goddess,0.670
goldsmith,0.670
golgotha,0.670
governing,0.670
grafted,0.670
grandmother,0.670
grasped,0.670
grate,0.670
grating,0.670
guarding,0.670
guni,0.670
habor,0.670
hadid,0.670
hagoyim,0.670
hagrites,0.670
halah,0.670
halt,0.670
hamul,0.670
hamutal,0.670
handles,0.670
handsome,0.670
harlotries,0.670
harosheth,0.670
hasshub,0.670
hathach,0.670
hating,0.670
havoth,0.670
hawk,0.670
healings,0.670
hedges,0.670
heeds,0.670
helez,0.670
helps,0.670
hen,0.670
hena,0.670
herodians,0.670
hips,0.670
hodijah,0.670
holon,0.670
homage,0.670
hoof,0.670
horonaim,0.670
horonite,0.670
horseback,0.670
horseman,0.670
hosea,0.670
hoshaiah,0.670
hospitable,0.670
hunted,0.670
hunter,0.670
hunts,0.670
huppim,0.670
husham,0.670
hymns,0.670
ice,0.670
iconium,0.670
identify,0.670
igal,0.670
ijon,0.670
illuminated,0.670
immanuel,0.670
impart,0.670
imploring,0.670
impoverished,0.670
impudent,0.670
inexperienced,0.670
inhabits,0.670
inkhorn,0.670
inmost,0.670
inscribed,0.670
insert,0.670
intact,0.670
interpreted,0.670
ir,0.670
italy,0.670
ivah,0.670
izharites,0.670
jaalam,0.670
japhia,0.670
jawbone,0.670
jehozabad,0.670
jeshimon,0.670
jetur,0.670
jezer,0.670
jokneam,0.670
jokshan,0.670
jotbathah,0.670
justification,0.670
justus,0.670
kabzeel,0.670
kanah,0.670
kedemoth,0.670
kelita,0.670
kemuel,0.670
kenizzite,0.670
kick,0.670
kin,0.670
knob,0.670
knobs,0.670
kore,0.670
kors,0.670
koz,0.670
lahai,0.670
landed,0.670
languish,0.670
lawyer,0.670
leafy,0.670
leanness,0.670
leaping,0.670
leased,0.670
ledges,0.670
legion,0.670
lehi,0.670
lengthen,0.670
lets,0.670
letting,0.670
lewd,0.670
lifting,0.670
limb,0.670
lime,0.670
lingered,0.670
lintel,0.670
lioness,0.670
liquid,0.670
loathes,0.670
logs,0.670
loom,0.670
loudly,0.670
lubim,0.670
lud,0.670
luke,0.670
lyre,0.670
lysias,0.670
macedonians,0.670
madman,0.670
mahath,0.670
malchiah,0.670
malchiel,0.670
malluch,0.670
manger,0.670
marah,0.670
marks,0.670
marred,0.670
marriages,0.670
mattan,0.670
mattenai,0.670
meantime,0.670
meddle,0.670
meets,0.670
mehetabel,0.670
mephaath,0.670
metalsmith,0.670
mibsam,0.670
midianite,0.670
midwife,0.670
military,0.670
mist,0.670
mistaken,0.670
mizzah,0.670
moabite,0.670
mold,0.670
molds,0.670
monster,0.670
moresheth,0.670
mortally,0.670
mounted,0.670
moza,0.670
muzzle,0.670
naamah,0.670
naamathite,0.670
naarah,0.670
naphish,0.670
nativity,0.670
nazirites,0.670
neariah,0.670
nepheg,0.670
nergal,0.670
netophathites,0.670
nicodemus,0.670
noises,0.670
noisy,0.670
notwithstanding,0.670
obtains,0.670
oded,0.670
ointments,0.670
omer,0.670
oppressions,0.670
oracles,0.670
orderly,0.670
orion,0.670
ornamental,0.670
ostrich,0.670
overnight,0.670
overthrows,0.670
owns,0.670
pale,0.670
parade,0.670
parting,0.670
paseah,0.670
passage,0.670
passion,0.670
passions,0.670
pastry,0.670
pekahiah,0.670
pelaiah,0.670
pelican,0.670
perazim,0.670
perga,0.670
perplexity,0.670
persecutions,0.670
pertains,0.670
perversion,0.670
perverts,0.670
petitioned,0.670
pherah,0.670
phichol,0.670
phoenicia,0.670
picks,0.670
pillage,0.670
pipes,0.670
plank,0.670
planks,0.670
plates,0.670
players,0.670
pleiades,0.670
plowshares,0.670
plumb,0.670
plunderers,0.670
plunders,0.670
pompous,0.670
pontus,0.670
possessor,0.670
poti,0.670
practicing,0.670
pretend,0.670
pretended,0.670
principal,0.670
proclaiming,0.670
progress,0.670
prophecies,0.670
prostitute,0.670
provocations,0.670
provokes,0.670
pruning,0.670
puah,0.670
published,0.670
pul,0.670
pulls,0.670
pur,0.670
purged,0.670
quail,0.670
quarreled,0.670
quarry,0.670
quick,0.670
rabsaris,0.670
rages,0.670
raided,0.670
raiding,0.670
range,0.670
rate,0.670
ravenous,0.670
ravished,0.670
reaping,0.670
reaps,0.670
rebuilding,0.670
refusing,0.670
regretted,0.670
rehabiah,0.670
releasing,0.670
remedy,0.670
representatives,0.670
reptile,0.670
resists,0.670
restless,0.670
restores,0.670
restrains,0.670
restraint,0.670
reviling,0.670
ridicule,0.670
rinsed,0.670
risked,0.670
riverside,0.670
roared,0.670
roi,0.670
rooted,0.670
rotten,0.670
rottenness,0.670
rough,0.670
routed,0.670
royalty,0.670
ruddy,0.670
rumors,0.670
sabeans,0.670
saddle,0.670
sailors,0.670
sale,0.670
saliva,0.670
salma,0.670
salutation,0.670
sapphires,0.670
scapegoat,0.670
scoffers,0.670
scorned,0.670
seah,0.670
seasoned,0.670
segub,0.670
sela,0.670
selfish,0.670
senir,0.670
sense,0.670
sepher,0.670
services,0.670
shabbethai,0.670
shamefully,0.670
shamir,0.670
shan,0.670
sharing,0.670
sharpened,0.670
shean,0.670
shear,0.670
shearers,0.670
shebuel,0.670
sheepfold,0.670
sheepshearers,0.670
shemariah,0.670
shemiramoth,0.670
sheshan,0.670
shrewd,0.670
shunem,0.670
shuppim,0.670
sibbechai,0.670
sibmah,0.670
siddim,0.670
sift,0.670
signal,0.670
silenced,0.670
siloam,0.670
silversmith,0.670
simeonites,0.670
simplicity,0.670
sixteenth,0.670
skiff,0.670
slack,0.670
slippery,0.670
slips,0.670
smelling,0.670
smile,0.670
soap,0.670
socket,0.670
sorcerer,0.670
soundness,0.670
sparrow,0.670
sparrows,0.670
speck,0.670
spelt,0.670
sphere,0.670
spiritually,0.670
spiteful,0.670
sponge,0.670
spots,0.670
stag,0.670
stagger,0.670
stall,0.670
stalls,0.670
standards,0.670
stank,0.670
stillborn,0.670
stink,0.670
stirring,0.670
stock,0.670
strivings,0.670
structure,0.670
struggled,0.670
stuck,0.670
stupid,0.670
subdues,0.670
subvert,0.670
succeed,0.670
sufficiency,0.670
surprisingly,0.670
swaddling,0.670
swarming,0.670
sweat,0.670
sweeter,0.670
sycamore,0.670
symphony,0.670
tails,0.670
taller,0.670
tanner,0.670
tapestry,0.670
tel,0.670
temperate,0.670
tempestuous,0.670
tended,0.670
testifying,0.670
thefts,0.670
thessalonians,0.670
thistles,0.670
throng,0.670
thronged,0.670
thumbs,0.670
tiberias,0.670
tightly,0.670
timnath,0.670
tin,0.670
tingle,0.670
tobijah,0.670
trading,0.670
trance,0.670
trapped,0.670
trays,0.670
trench,0.670
trod,0.670
troubling,0.670
trusting,0.670
turmoil,0.670
twin,0.670
uncovers,0.670
undone,0.670
unexpectedly,0.670
unfaithfully,0.670
uninformed,0.670
untrained,0.670
unusual,0.670
unwashed,0.670
utmost,0.670
uttermost,0.670
vainly,0.670
vapors,0.670
vats,0.670
vegetation,0.670
viewed,0.670
wafer,0.670
wardrobe,0.670
wasting,0.670
watchtower,0.670
weakened,0.670
weather,0.670
weeds,0.670
whip,0.670
whips,0.670
whistle,0.670
whiter,0.670
widowhood,0.670
winnow,0.670
winnowing,0.670
worn,0.670
worrying,0.670
wove,0.670
wrestled,0.670
writer,0.670
yah,0.670
yea,0.670
yearned,0.670
youthful,0.670
zarephath,0.670
zattu,0.670
zebub,0.670
zeeb,0.670
zerahiah,0.670
zered,0.670
zeresh,0.670
zeus,0.670
ziha,0.670
zipporah,0.670
zophar,0.670
zuph,0.670
interpretation,0.664
loves,0.658
belonged,0.658
shine,0.658
thief,0.658
destruction,0.649
increased,0.632
bent,0.620
block,0.620
confined,0.620
confounded,0.620
continual,0.620
copy,0.620
counsels,0.620
enoch,0.620
faithfully,0.620
finally,0.620
flying,0.620
fragrance,0.620
happens,0.620
harden,0.620
loins,0.620
merchandise,0.620
natural,0.620
pots,0.620
profitable,0.620
repair,0.620
sighing,0.620
tormented,0.620
vile,0.620
wells,0.620
wheel,0.620
wrapped,0.620
advanced,0.617
altogether,0.617
discharge,0.617
masters,0.617
released,0.617
steal,0.617
supply,0.617
towers,0.617
wool,0.617
needs,0.608
practice,0.608
shows,0.608
wander,0.608
bodies,0.606
answers,0.598
chest,0.598
complain,0.598
custody,0.598
difference,0.598
feeding,0.598
inclined,0.598
loaded,0.598
persecution,0.598
proudly,0.598
tempt,0.598
watches,0.598
weakness,0.598
yielded,0.598
perform,0.595
parts,0.588
terror,0.588
transgression,0.568
surrounded,0.560
mouths,0.552
poverty,0.552
middle,0.536
confess,0.534
roots,0.534
thunder,0.534
visit,0.534
earnestly,0.517
running,0.517
delight,0.510
sees,0.510
rain,0.503
large,0.500
admonish,0.498
appeal,0.498
arrogance,0.498
belongings,0.498
chase,0.498
childhood,0.498
closely,0.498
consult,0.498
determine,0.498
distribute,0.498
faded,0.498
filth,0.498
foods,0.498
harmful,0.498
helping,0.498
horrible,0.498
idolaters,0.498
interpret,0.498
mustard,0.498
pen,0.498
revived,0.498
seeds,0.498
soil,0.498
traded,0.498
treachery,0.498
used,0.495
married,0.489
passing,0.489
color,0.487
preserved,0.487
spring,0.482
beneath,0.481
betray,0.481
breathed,0.481
cain,0.481
complained,0.481
manna,0.481
nose,0.481
persecuted,0.481
tempted,0.481
appoint,0.462
content,0.458
customs,0.458
deceitfully,0.458
delighted,0.458
devout,0.458
dispersed,0.458
distributed,0.458
finding,0.458
founded,0.458
hire,0.458
including,0.458
leaf,0.458
office,0.458
pierce,0.458
recognized,0.458
scourge,0.458
seashore,0.458
showing,0.458
tasted,0.458
understands,0.458
adjacent,0.456
altered,0.456
arabian,0.456
arrangement,0.456
assign,0.456
attempt,0.456
attempts,0.456
attending,0.456
beggar,0.456
behaving,0.456
blocks,0.456
breed,0.456
carrion,0.456
christian,0.456
climbed,0.456
clung,0.456
col,0.456
comparable,0.456
compulsion,0.456
consist,0.456
cooking,0.456
damaged,0.456
dearly,0.456
decrees,0.456
defects,0.456
demands,0.456
denounce,0.456
designer,0.456
disappears,0.456
discipline,0.456
discourse,0.456
disdains,0.456
displayed,0.456
displeasing,0.456
doer,0.456
egg,0.456
elderly,0.456
entangled,0.456
entirety,0.456
equipped,0.456
eternally,0.456
exclude,0.456
exhausted,0.456
exile,0.456
extreme,0.456
ezekiel,0.456
flashes,0.456
flourishing,0.456
forbade,0.456
galloping,0.456
gaps,0.456
gazing,0.456
glistening,0.456
grandsons,0.456
halted,0.456
harness,0.456
hay,0.456
history,0.456
immovable,0.456
incident,0.456
incited,0.456
lesser,0.456
lines,0.456
lip,0.456
marching,0.456
needle,0.456
nineteen,0.456
noted,0.456
obliged,0.456
observes,0.456
occur,0.456
oneself,0.456
overcame,0.456
owned,0.456
pile,0.456
pointed,0.456
ponder,0.456
postponed,0.456
presumptuous,0.456
propose,0.456
propped,0.456
pulling,0.456
qualified,0.456
realizes,0.456
reared,0.456
regain,0.456
remote,0.456
repeated,0.456
reproachfully,0.456
resolved,0.456
respected,0.456
rightful,0.456
roam,0.456
rouse,0.456
scoff,0.456
scorch,0.456
senseless,0.456
shackles,0.456
silently,0.456
snorting,0.456
sooner,0.456
speed,0.456
steals,0.456
stores,0.456
struggle,0.456
succeeded,0.456
successfully,0.456
summon,0.456
summoned,0.456
swallows,0.456
tends,0.456
testament,0.456
threat,0.456
throwing,0.456
thunderbolt,0.456
tilled,0.456
total,0.456
train,0.456
traveled,0.456
tribal,0.456
tunnel,0.456
twig,0.456
unreasonable,0.456
usual,0.456
vanished,0.456
wealthy,0.456
welcome,0.456
wink,0.456
wring,0.456
wrought,0.456
aaronites,0.447
abba,0.447
abda,0.447
abiezrites,0.447
abimael,0.447
abishalom,0.447
abishur,0.447
abital,0.447
abronah,0.447
abused,0.447
accompanying,0.447
accords,0.447
accounting,0.447
accurately,0.447
accuser,0.447
acknowledgment,0.447
acquainted,0.447
active,0.447
adbeel,0.447
adjoining,0.447
administer,0.447
adna,0.447
adnah,0.447
adoniram,0.447
adoram,0.447
adorns,0.447
adriel,0.447
adulteresses,0.447
adummim,0.447
aeneas,0.447
affirmed,0.447
agabus,0.447
agents,0.447
ahi,0.447
ahiam,0.447
ahisamach,0.447
ahlai,0.447
aided,0.447
aim,0.447
ajah,0.447
alarmed,0.447
alexandrian,0.447
algum,0.447
allon,0.447
almonds,0.447
almug,0.447
alush,0.447
amalekite,0.447
amazement,0.447
ambassador,0.447
ambition,0.447
ambushes,0.447
amethyst,0.447
amittai,0.447
ammi,0.447
amraphel,0.447
amzi,0.447
anab,0.447
anaiah,0.447
anamim,0.447
ananiah,0.447
anath,0.447
ancients,0.447
aner,0.447
antelope,0.447
antichrist,0.447
antiquity,0.447
anxieties,0.447
appaim,0.447
appealing,0.447
appetite,0.447
apples,0.447
appoints,0.447
apportion,0.447
aran,0.447
archangel,0.447
archer,0.447
archippus,0.447
archway,0.447
ard,0.447
areli,0.447
areopagus,0.447
arkite,0.447
armrests,0.447
arraign,0.447
arvad,0.447
arvadite,0.447
ashdodites,0.447
ashhur,0.447
ashtoreth,0.447
ashurites,0.447
asps,0.447
assessment,0.447
assos,0.447
atad,0.447
atroth,0.447
attacking,0.447
augustus,0.447
austere,0.447
author,0.447
avim,0.447
avites,0.447
avith,0.447
avoiding,0.447
awakened,0.447
awakes,0.447
awl,0.447
axles,0.447
azaliah,0.447
azriel,0.447
babblings,0.447
badgers,0.447
baladan,0.447
bandage,0.447
bandaged,0.447
barkos,0.447
barsabas,0.447
basic,0.447
bay,0.447
baz,0.447
bdellium,0.447
beans,0.447
bearers,0.447
beats,0.447
bedad,0.447
bedan,0.447
beeroth,0.447
bell,0.447
belts,0.447
beno,0.447
berachah,0.447
berea,0.447
bereaved,0.447
bered,0.447
besai,0.447
besieging,0.447
betrays,0.447
betroth,0.447
bilgah,0.447
billows,0.447
bites,0.447
bithynia,0.447
blade,0.447
blamelessly,0.447
blasphemes,0.447
blended,0.447
blessedness,0.447
blinds,0.447
blocked,0.447
blush,0.447
boasted,0.447
boasters,0.447
bocheru,0.447
bochim,0.447
bohan,0.447
booth,0.447
borrowed,0.447
borrower,0.447
bottles,0.447
bozkath,0.447
breakfast,0.447
breakthrough,0.447
breastplates,0.447
breathe,0.447
breathes,0.447
bred,0.447
brightened,0.447
broth,0.447
brow,0.447
bruises,0.447
brutal,0.447
brute,0.447
buckets,0.447
budded,0.447
builder,0.447
bukkiah,0.447
bulge,0.447
bulrush,0.447
bulwarks,0.447
bunni,0.447
buries,0.447
burnings,0.447
buzzard,0.447
cabul,0.447
calah,0.447
calneh,0.447
cappadocia,0.447
cared,0.447
careless,0.447
caring,0.447
carmelitess,0.447
carousing,0.447
casluhim,0.447
centurions,0.447
ceramic,0.447
ceremonies,0.447
chaldean,0.447
channel,0.447
character,0.447
charging,0.447
charioteers,0.447
charmed,0.447
charmers,0.447
chastens,0.447
chastisement,0.447
cheese,0.447
chelub,0.447
chephirah,0.447
cheran,0.447
cherishes,0.447
cherith,0.447
chests,0.447
childbearing,0.447
chilion,0.447
chislev,0.447
choke,0.447
chorazin,0.447
christs,0.447
circumference,0.447
cisterns,0.447
citizens,0.447
citizenship,0.447
clan,0.447
clans,0.447
clapped,0.447
cleanses,0.447
cleared,0.447
clearing,0.447
cleft,0.447
climbs,0.447
cloudy,0.447
coal,0.447
coarse,0.447
coastline,0.447
cobras,0.447
collapse,0.447
collecting,0.447
comforting,0.447
communicated,0.447
comparing,0.447
competes,0.447
complacency,0.447
complacent,0.447
complaining,0.447
conceals,0.447
concluded,0.447
concluding,0.447
conducted,0.447
confer,0.447
congregations,0.447
coniah,0.447
cononiah,0.447
conquer,0.447
consciousness,0.447
consecrates,0.447
consented,0.447
consenting,0.447
console,0.447
constituency,0.447
contradict,0.447
contribution,0.447
conversation,0.447
conversed,0.447
converted,0.447
cook,0.447
coriander,0.447
corinthians,0.447
corresponding,0.447
corrupters,0.447
costs,0.447
councils,0.447
countless,0.447
courtyards,0.447
covets,0.447
craftily,0.447
crags,0.447
crawling,0.447
cream,0.447
credit,0.447
creditors,0.447
crimes,0.447
crispus,0.447
crow,0.447
crowds,0.447
cultivated,0.447
cummin,0.447
cupbearers,0.447
currency,0.447
current,0.447
cursings,0.447
cushi,0.447
custodian,0.447
cyrenian,0.447
daberath,0.447
dappled,0.447
darkon,0.447
decease,0.447
deceivers,0.447
decks,0.447
decrease,0.447
decreased,0.447
defecting,0.447
defectors,0.447
defending,0.447
defiantly,0.447
defiling,0.447
degenerate,0.447
delaying,0.447
delegation,0.447
delusion,0.447
delusions,0.447
demetrius,0.447
demonstrate,0.447
deploy,0.447
deposed,0.447
desperately,0.447
despisers,0.447
destroyers,0.447
destructions,0.447
detained,0.447
detest,0.447
devastation,0.447
diadem,0.447
differ,0.447
dignitaries,0.447
diklah,0.447
dinhabah,0.447
dire,0.447
directly,0.447
disclose,0.447
discourage,0.447
disfigure,0.447
disfigurement,0.447
disguises,0.447
dishonored,0.447
dismiss,0.447
dispersion,0.447
distributing,0.447
ditch,0.447
diversities,0.447
dominions,0.447
dophkah,0.447
dothan,0.447
downfall,0.447
dragging,0.447
drain,0.447
drench,0.447
dries,0.447
droves,0.447
eared,0.447
eczema,0.447
edified,0.447
edifies,0.447
edifying,0.447
eglaim,0.447
eked,0.447
ekronites,0.447
elaborate,0.447
elamites,0.447
elasah,0.447
eldaah,0.447
eldad,0.447
eliah,0.447
eliam,0.447
eliathah,0.447
eliehoenai,0.447
eliminated,0.447
ellasar,0.447
eloquent,0.447
eltekeh,0.447
eltolad,0.447
elzabad,0.447
elzaphan,0.447
embarrassed,0.447
embroidery,0.447
emek,0.447
eminent,0.447
employed,0.447
emptiness,0.447
encamps,0.447
encircling,0.447
endanger,0.447
endurance,0.447
enigmas,0.447
enraptured,0.447
enrich,0.447
enslave,0.447
entertained,0.447
enthroned,0.447
epaphroditus,0.447
ephraimites,0.447
epistles,0.447
erastus,0.447
erech,0.447
eri,0.447
esh,0.447
eshban,0.447
ether,0.447
evangelist,0.447
evermore,0.447
evi,0.447
exacting,0.447
exceeds,0.447
excited,0.447
excused,0.447
expecting,0.447
expedient,0.447
expired,0.447
explaining,0.447
exported,0.447
extends,0.447
extinguished,0.447
extolled,0.447
extortioner,0.447
extortioners,0.447
eyeservice,0.447
ezbon,0.447
ezel,0.447
fading,0.447
famished,0.447
fangs,0.447
fare,0.447
fashion,0.447
faultless,0.447
fawns,0.447
fearfully,0.447
festival,0.447
fiftieth,0.447
figurative,0.447
figures,0.447
filling,0.447
finishing,0.447
fins,0.447
fisher,0.447
fishers,0.447
fishing,0.447
fitted,0.447
fix,0.447
flanges,0.447
flatter,0.447
flattery,0.447
flea,0.447
fleshhook,0.447
flew,0.447
flinty,0.447
floodwaters,0.447
floors,0.447
foal,0.447
foaming,0.447
foams,0.447
forefront,0.447
foreknew,0.447
foreknowledge,0.447
foreseeing,0.447
foresees,0.447
fornicator,0.447
fortieth,0.447
fours,0.447
foursquare,0.447
fowler,0.447
fox,0.447
freed,0.447
friendly,0.447
frivolity,0.447
frozen,0.447
frustrates,0.447
furiously,0.447
gadi,0.447
gahar,0.447
galeed,0.447
gallim,0.447
gamul,0.447
gap,0.447
gape,0.447
gatam,0.447
gatepost,0.447
gatherers,0.447
gazites,0.447
gazzam,0.447
gebal,0.447
gebalites,0.447
gederah,0.447
gederoth,0.447
gentile,0.447
gether,0.447
gethsemane,0.447
ghost,0.447
giddalti,0.447
giloh,0.447
gilonite,0.447
girding,0.447
girds,0.447
girgashite,0.447
gittaim,0.447
gleanings,0.447
gloominess,0.447
gnashed,0.447
godhead,0.447
goldsmiths,0.447
gore,0.447
gorgeously,0.447
government,0.447
grainfields,0.447
grapevine,0.447
grasps,0.447
grasshopper,0.447
gratify,0.447
gravel,0.447
grayheaded,0.447
greedily,0.447
greenish,0.447
groaned,0.447
groanings,0.447
grounded,0.447
growl,0.447
guardroom,0.447
gull,0.447
gur,0.447
habaiah,0.447
haccerem,0.447
hachilah,0.447
hadar,0.447
haggi,0.447
hagidgad,0.447
haired,0.447
halak,0.447
hallohesh,0.447
hamathite,0.447
hammath,0.447
hammers,0.447
hammon,0.447
hamon,0.447
handfuls,0.447
handkerchief,0.447
handled,0.447
hangs,0.447
harbor,0.447
hare,0.447
harmless,0.447
harnessed,0.447
harpists,0.447
harshly,0.447
harvester,0.447
hash,0.447
hashabniah,0.447
hashmonah,0.447
hasupha,0.447
hatch,0.447
haters,0.447
hatipha,0.447
hatita,0.447
hattil,0.447
haven,0.447
heaped,0.447
heartily,0.447
hedged,0.447
hegai,0.447
helah,0.447
helam,0.447
heldai,0.447
helek,0.447
helem,0.447
heleph,0.447
hellenists,0.447
henna,0.447
hephzibah,0.447
heresies,0.447
hermes,0.447
heroes,0.447
hesed,0.447
hethlon,0.447
hezronites,0.447
hideouts,0.447
hillel,0.447
hillside,0.447
hinders,0.447
hinges,0.447
hirah,0.447
holiest,0.447
homers,0.447
hoping,0.447
hori,0.447
hornet,0.447
hostages,0.447
hotham,0.447
hothir,0.447
hozeh,0.447
hul,0.447
huldah,0.447
hundredth,0.447
hurls,0.447
hurting,0.447
hut,0.447
hymenaeus,0.447
hymn,0.447
hyrax,0.447
ibleam,0.447
ibzan,0.447
ichabod,0.447
idleness,0.447
idly,0.447
ije,0.447
ijim,0.447
ikkesh,0.447
imagination,0.447
imla,0.447
imlah,0.447
imnah,0.447
impediment,0.447
imposes,0.447
imprisonment,0.447
imprisons,0.447
imri,0.447
inaugurated,0.447
incensed,0.447
india,0.447
individual,0.447
indulgence,0.447
inexpressible,0.447
inflammation,0.447
inhabiting,0.447
inlaid,0.447
inn,0.447
innocents,0.447
inquires,0.447
insisted,0.447
instructor,0.447
instructs,0.447
insubordinate,0.447
intents,0.447
interpreter,0.447
interprets,0.447
intrigue,0.447
invade,0.447
inwardly,0.447
iram,0.447
irijah,0.447
irons,0.447
ish,0.447
ishbak,0.447
ishmaelite,0.447
ishmaiah,0.447
islands,0.447
isolated,0.447
isshiah,0.447
ithiel,0.447
ithran,0.447
ithrite,0.447
jaala,0.447
jaaziah,0.447
jabez,0.447
jabneel,0.447
jacinth,0.447
jackdaw,0.447
jada,0.447
jahleel,0.447
jahzah,0.447
jairus,0.447
jakim,0.447
janohah,0.447
japhlet,0.447
jarha,0.447
jarib,0.447
jasher,0.447
jashub,0.447
jason,0.447
javelins,0.447
jecholiah,0.447
jehallelel,0.447
jehdeiah,0.447
jehoiarib,0.447
jehonadab,0.447
jehudi,0.447
jekameam,0.447
jemuel,0.447
jeopardy,0.447
jerahmeelites,0.447
jeriah,0.447
jeshimoth,0.447
jewel,0.447
jezaniah,0.447
jingling,0.447
jiphthah,0.447
joanna,0.447
jochebed,0.447
joha,0.447
joiada,0.447
joiarib,0.447
joking,0.447
joshaphat,0.447
joshbekashah,0.447
jubilant,0.447
juice,0.447
justifies,0.447
juttah,0.447
kain,0.447
karnaim,0.447
kedemah,0.447
kehelathah,0.447
kenath,0.447
keros,0.447
keveh,0.447
kicked,0.447
kishion,0.447
kisses,0.447
kite,0.447
kittim,0.447
knead,0.447
kneaded,0.447
kolaiah,0.447
ladles,0.447
lairs,0.447
lama,0.447
lamenting,0.447
landmarks,0.447
landowner,0.447
laodiceans,0.447
lapped,0.447
lately,0.447
latin,0.447
laud,0.447
lavish,0.447
leash,0.447
leavens,0.447
lehabim,0.447
lender,0.447
lengthening,0.447
lent,0.447
liberality,0.447
libyans,0.447
lightened,0.447
limp,0.447
listing,0.447
literate,0.447
lock,0.447
loftiness,0.447
lovesick,0.447
lovingkindnesses,0.447
lowing,0.447
lowliness,0.447
loyalty,0.447
ludim,0.447
luhith,0.447
luxuriously,0.447
lydda,0.447
maaziah,0.447
madai,0.447
madmannah,0.447
madmen,0.447
magdiel,0.447
mahalath,0.447
mahaneh,0.447
maharai,0.447
mahazioth,0.447
maher,0.447
mahlites,0.447
mahlon,0.447
mahseiah,0.447
maiden,0.447
malicious,0.447
mallothi,0.447
mammon,0.447
manahath,0.447
manassites,0.447
marcaboth,0.447
marches,0.447
mariners,0.447
market,0.447
marshes,0.447
martyr,0.447
marvelously,0.447
masrekah,0.447
massa,0.447
mast,0.447
mate,0.447
matred,0.447
mattanah,0.447
mattathiah,0.447
matthat,0.447
matthias,0.447
medad,0.447
medan,0.447
mede,0.447
medicines,0.447
meditates,0.447
mehida,0.447
meholah,0.447
meholathite,0.447
melah,0.447
melchi,0.447
memucan,0.447
mending,0.447
mene,0.447
menservants,0.447
merab,0.447
mered,0.447
merom,0.447
meunites,0.447
mezahab,0.447
mibzar,0.447
micha,0.447
michah,0.447
michmas,0.447
migron,0.447
mijamin,0.447
miles,0.447
miletus,0.447
millet,0.447
minnith,0.447
mirrors,0.447
miscarriage,0.447
miser,0.447
misrephoth,0.447
mission,0.447
mistreat,0.447
mistreats,0.447
mithkah,0.447
mithredath,0.447
mixture,0.447
mockery,0.447
moisture,0.447
moreh,0.447
moseroth,0.447
motioned,0.447
motioning,0.447
mountaintop,0.447
mountaintops,0.447
mouse,0.447
muddy,0.447
multicolored,0.447
mushites,0.447
musician,0.447
musicians,0.447
mustache,0.447
muster,0.447
mutilation,0.447
mutter,0.447
mysia,0.447
naharai,0.447
nahum,0.447
naphtuhim,0.447
natives,0.447
navel,0.447
necessities,0.447
necklace,0.447
necklaces,0.447
negligent,0.447
nehelamite,0.447
neighboring,0.447
nemuel,0.447
nephtoah,0.447
newness,0.447
neziah,0.447
nicolaitans,0.447
nimrah,0.447
nisan,0.447
nisroch,0.447
noadiah,0.447
nogah,0.447
nonsense,0.447
nourishes,0.447
nuts,0.447
oars,0.447
oarsmen,0.447
obscene,0.447
observing,0.447
occurrence,0.447
odor,0.447
offender,0.447
offenders,0.447
offscouring,0.447
ohad,0.447
olivet,0.447
omar,0.447
onesimus,0.447
onesiphorus,0.447
openings,0.447
operation,0.447
opportune,0.447
ore,0.447
orpah,0.447
outbreak,0.447
outcast,0.447
outcome,0.447
outermost,0.447
outlived,0.447
outran,0.447
ovens,0.447
overall,0.447
overboard,0.447
overflowed,0.447
overlooks,0.447
overly,0.447
overturns,0.447
pace,0.447
paced,0.447
pacifies,0.447
padon,0.447
pained,0.447
paltiel,0.447
pant,0.447
pants,0.447
paphos,0.447
papyrus,0.447
partial,0.447
partridge,0.447
pathrusim,0.447
pathway,0.447
patriarch,0.447
patriarchs,0.447
paved,0.447
peaks,0.447
pedestal,0.447
pekod,0.447
pelonite,0.447
pendants,0.447
peninnah,0.447
pentecost,0.447
perfume,0.447
perfumed,0.447
perfumes,0.447
pergamos,0.447
perjurers,0.447
permanently,0.447
permits,0.447
persian,0.447
personal,0.447
persuading,0.447
persuasive,0.447
perverting,0.447
pestilences,0.447
pethor,0.447
philadelphia,0.447
phrygia,0.447
pierces,0.447
pilots,0.447
pin,0.447
pinions,0.447
pinnacle,0.447
pinon,0.447
pisidia,0.447
pithon,0.447
platform,0.447
platters,0.447
pleasers,0.447
plight,0.447
plotting,0.447
plowman,0.447
plowmen,0.447
plows,0.447
pochereth,0.447
poisoned,0.447
pondered,0.447
ponds,0.447
poorest,0.447
porches,0.447
porcupine,0.447
portrayed,0.447
pose,0.447
potiphar,0.447
potsherd,0.447
pound,0.447
pounded,0.447
prating,0.447
preeminence,0.447
preparing,0.447
presses,0.447
pressing,0.447
princely,0.447
principality,0.447
prisons,0.447
probably,0.447
profanes,0.447
profaning,0.447
professing,0.447
projecting,0.447
prolongs,0.447
prophetic,0.447
proportion,0.447
proselyte,0.447
proselytes,0.447
prospect,0.447
prow,0.447
prowler,0.447
prudently,0.447
prune,0.447
psaltery,0.447
publius,0.447
purah,0.447
pyre,0.447
quality,0.447
quarried,0.447
queens,0.447
raamah,0.447
rabmag,0.447
rafts,0.447
rainy,0.447
rampart,0.447
random,0.447
rare,0.447
rashly,0.447
ration,0.447
rations,0.447
rats,0.447
rattling,0.447
ravaged,0.447
ravines,0.447
readily,0.447
readiness,0.447
reaper,0.447
reba,0.447
recaptured,0.447
recently,0.447
recesses,0.447
reckoned,0.447
reconciling,0.447
recounted,0.447
recovery,0.447
redeems,0.447
reel,0.447
refers,0.447
refine,0.447
refreshing,0.447
regem,0.447
regeneration,0.447
reigning,0.447
removal,0.447
renewing,0.447
renowned,0.447
repairing,0.447
repeats,0.447
requirements,0.447
reserves,0.447
restorer,0.447
retinue,0.447
revelries,0.447
reverse,0.447
revoke,0.447
rezeph,0.447
ribai,0.447
rid,0.447
ridden,0.447
rims,0.447
ripened,0.447
ripens,0.447
ripped,0.447
rishathaim,0.447
rissah,0.447
rithmah,0.447
rival,0.447
rogelim,0.447
romamti,0.447
rowed,0.447
rubbed,0.447
rudder,0.447
rufus,0.447
ruhamah,0.447
ruinous,0.447
rumbling,0.447
runners,0.447
sabachthani,0.447
sabaoth,0.447
sacar,0.447
sallu,0.447
salome,0.447
sap,0.447
sardis,0.447
satiated,0.447
satisfies,0.447
scar,0.447
scattering,0.447
scented,0.447
schedule,0.447
schemer,0.447
scorpion,0.447
scoundrels,0.447
scourging,0.447
scrape,0.447
screech,0.447
scum,0.447
seam,0.447
seared,0.447
seating,0.447
sedition,0.447
senaah,0.447
sensual,0.447
sered,0.447
settlements,0.447
sew,0.447
shaalbim,0.447
shaaph,0.447
shaaraim,0.447
shalal,0.447
shalisha,0.447
shalmaneser,0.447
sharper,0.447
sharply,0.447
shashak,0.447
shaveh,0.447
shaven,0.447
sheariah,0.447
shearing,0.447
shecaniah,0.447
sheds,0.447
sheepbreeder,0.447
sheet,0.447
shelters,0.447
shemer,0.447
shemida,0.447
shemuel,0.447
shepher,0.447
sheshach,0.447
sheshai,0.447
sheva,0.447
shihor,0.447
shillem,0.447
shimeah,0.447
shobach,0.447
shobai,0.447
shoe,0.447
shophach,0.447
shorn,0.447
shrewdly,0.447
shrine,0.447
shriveled,0.447
shrugged,0.447
shuah,0.447
shubael,0.447
shuni,0.447
shunned,0.447
shuns,0.447
sickbed,0.447
siegeworks,0.447
sieve,0.447
sighed,0.447
sighs,0.447
signets,0.447
signifying,0.447
silly,0.447
sings,0.447
sinister,0.447
sinite,0.447
sirion,0.447
site,0.447
skilled,0.447
skinned,0.447
skirted,0.447
slandered,0.447
sleeplessness,0.447
slightly,0.447
slingstones,0.447
slipped,0.447
slope,0.447
sluggard,0.447
smelled,0.447
smoother,0.447
smyrna,0.447
snatches,0.447
snowy,0.447
soberly,0.447
sodomites,0.447
sophereth,0.447
sorceress,0.447
sosthenes,0.447
sotai,0.447
southeast,0.447
sowing,0.447
spacious,0.447
spain,0.447
specified,0.447
speeches,0.447
spewed,0.447
spin,0.447
spite,0.447
spoiler,0.447
spokesman,0.447
sprout,0.447
sprouted,0.447
spun,0.447
spurned,0.447
stabbed,0.447
stakes,0.447
stammering,0.447
startled,0.447
stephanas,0.447
sting,0.447
stings,0.447
stonecutters,0.447
stoop,0.447
stooping,0.447
storing,0.447
stouthearted,0.447
straits,0.447
strand,0.447
strangled,0.447
stretching,0.447
string,0.447
strips,0.447
struggling,0.447
stubbornness,0.447
studied,0.447
successive,0.447
suck,0.447
suitable,0.447
sullen,0.447
sundial,0.447
surnamed,0.447
surpassed,0.447
surrendered,0.447
surrounds,0.447
surveyor,0.447
syene,0.447
tabbaoth,0.447
tabel,0.447
taberah,0.447
tadmor,0.447
tahan,0.447
tahpenes,0.447
talkers,0.447
tamah,0.447
tame,0.447
tanhumeth,0.447
tarries,0.447
tartan,0.447
tassels,0.447
tasty,0.447
tearing,0.447
tekel,0.447
tekoite,0.447
tekoites,0.447
telassar,0.447
telem,0.447
tempered,0.447
tempter,0.447
tenderhearted,0.447
tending,0.447
teresh,0.447
terrifies,0.447
tertullus,0.447
thaddaeus,0.447
thanked,0.447
thanksgivings,0.447
theater,0.447
thebez,0.447
theophilus,0.447
thicker,0.447
thicket,0.447
thickness,0.447
thistle,0.447
threshed,0.447
tidal,0.447
tikvah,0.447
tills,0.447
timna,0.447
tiphsah,0.447
tiras,0.447
tirhakah,0.447
title,0.447
tittle,0.447
toils,0.447
tongs,0.447
topmost,0.447
torrent,0.447
tou,0.447
towel,0.447
tragedy,0.447
training,0.447
transfigured,0.447
transform,0.447
transformed,0.447
traps,0.447
treasured,0.447
treasurer,0.447
trifles,0.447
trophimus,0.447
troubler,0.447
troublesome,0.447
trough,0.447
troughs,0.447
tumults,0.447
tumultuous,0.447
tutor,0.447
twist,0.447
ulai,0.447
unfamiliar,0.447
unforgiving,0.447
unloving,0.447
unni,0.447
unshrunk,0.447
untended,0.447
unthankful,0.447
unwalled,0.447
unwilling,0.447
uphaz,0.447
upstream,0.447
uthai,0.447
uzal,0.447
vagabond,0.447
valuables,0.447
vanities,0.447
vanquished,0.447
vassal,0.447
vegetable,0.447
venom,0.447
venture,0.447
verdant,0.447
vermilion,0.447
vexed,0.447
vigilant,0.447
vindicated,0.447
vindication,0.447
violated,0.447
visitation,0.447
voluntary,0.447
vomited,0.447
voyage,0.447
vultures,0.447
wagging,0.447
wagons,0.447
wailed,0.447
waists,0.447
waiters,0.447
wakened,0.447
wallowed,0.447
wanton,0.447
warped,0.447
warring,0.447
washpot,0.447
watchers,0.447
waterpots,0.447
watersprings,0.447
wearies,0.447
weariness,0.447
wearisome,0.447
weighty,0.447
welcomed,0.447
wellspring,0.447
whelp,0.447
whirling,0.447
whirlwinds,0.447
whitewashed,0.447
wholesome,0.447
widely,0.447
willfully,0.447
windstorm,0.447
winebibber,0.447
winepresses,0.447
winged,0.447
winks,0.447
wipes,0.447
worried,0.447
worthlessness,0.447
wrap,0.447
wrathful,0.447
wrecked,0.447
wrested,0.447
writes,0.447
wrongdoing,0.447
yielding,0.447
yoked,0.447
zaavan,0.447
zabbai,0.447
zabdiel,0.447
zacchaeus,0.447
zalmon,0.447
zaretan,0.447
zealot,0.447
zealously,0.447
zebaim,0.447
zeboim,0.447
zebulunite,0.447
zedad,0.447
zedek,0.447
zelah,0.447
zelek,0.447
zemaraim,0.447
zemarite,0.447
zepho,0.447
zereth,0.447
zibiah,0.447
zillah,0.447
zillethai,0.447
zimmah,0.447
zimran,0.447
ziphites,0.447
ziv,0.447
ziza,0.447
zoba,0.447
zophah,0.447
zophim,0.447
zorathites,0.447
pursued,0.446
heavy,0.436
rich,0.434
upright,0.429
conduct,0.420
executed,0.420
girl,0.420
pleases,0.420
sinner,0.420
mountains,0.413
trees,0.399
comes,0.393
sun,0.391
widows,0.389
sure,0.387
trumpet,0.385
seen,0.380
companions,0.378
guilty,0.378
following,0.374
sinai,0.373
praise,0.371
ended,0.371
greatness,0.371
feed,0.371
alms,0.365
blasphemy,0.365
chain,0.365
dig,0.365
fresh,0.365
limits,0.365
oppressors,0.365
psalms,0.365
good,0.364
report,0.362
comfort,0.359
refuse,0.357
fly,0.356
gathering,0.356
godly,0.356
note,0.356
previously,0.356
roaring,0.356
ropes,0.356
sickness,0.356
sorrows,0.356
wear,0.356
death,0.354
justice,0.342
answer,0.337
manner,0.336
baked,0.316
pardon,0.316
shelter,0.316
star,0.316
bitterly,0.316
blew,0.316
scriptures,0.316
swallowed,0.316
teaches,0.316
willingly,0.316
bend,0.308
besiege,0.308
board,0.308
burst,0.308
cares,0.308
chased,0.308
compelled,0.308
complaints,0.308
crush,0.308
driving,0.308
fragments,0.308
gentle,0.308
greetings,0.308
handful,0.308
inscription,0.308
intent,0.308
justify,0.308
knelt,0.308
lain,0.308
pervert,0.308
pick,0.308
prescribed,0.308
retain,0.308
schemes,0.308
seals,0.308
sorry,0.308
special,0.308
swell,0.308
thrones,0.308
unrighteous,0.308
weaned,0.308
wearing,0.308
yields,0.308
zacharias,0.308
shown,0.304
covers,0.297
valleys,0.297
confusion,0.294
corrupt,0.294
sisters,0.294
believes,0.289
nobles,0.289
rising,0.289
walking,0.289
attacked,0.286
distress,0.286
lying,0.284
fully,0.284
green,0.282
slay,0.282
bearing,0.280
price,0.280
cave,0.280
cover,0.267
nation,0.262
arrived,0.244
catch,0.244
distressed,0.244
oven,0.244
thoroughly,0.244
turning,0.244
adds,0.243
attained,0.243
blinded,0.243
capital,0.243
dare,0.243
dear,0.243
envious,0.243
frightened,0.243
giant,0.243
gushed,0.243
lump,0.243
perfected,0.243
provision,0.243
span,0.243
uprooted,0.243
using,0.243
witchcraft,0.243
measure,0.229
1you,0.223
1your,0.223
666,0.223
abaddon,0.223
abagtha,0.223
abanah,0.223
abashed,0.223
abdiel,0.223
abez,0.223
abhorrence,0.223
abhorrent,0.223
abi,0.223
abiasaph,0.223
abida,0.223
abidah,0.223
abiding,0.223
abiezrite,0.223
abihud,0.223
abilene,0.223
abitub,0.223
aboard,0.223
abolish,0.223
abominably,0.223
abstinence,0.223
acacias,0.223
accad,0.223
acceptably,0.223
acco,0.223
accompany,0.223
accomplishment,0.223
accuses,0.223
achar,0.223
achim,0.223
achmetha,0.223
acknowledges,0.223
acquaint,0.223
acquaintance,0.223
acquires,0.223
acre,0.223
acres,0.223
activity,0.223
adadah,0.223
adalia,0.223
adamah,0.223
adamant,0.223
adami,0.223
addan,0.223
addi,0.223
addon,0.223
adhere,0.223
adheres,0.223
adithaim,0.223
adjoin,0.223
adjoined,0.223
adjourned,0.223
adlai,0.223
administers,0.223
administration,0.223
administrations,0.223
administrator,0.223
admired,0.223
admonishing,0.223
adoraim,0.223
adornment,0.223
adramyttium,0.223
adriatic,0.223
adrift,0.223
advocate,0.223
aenon,0.223
affectionate,0.223
affectionately,0.223
affections,0.223
affects,0.223
afresh,0.223
agate,0.223
agee,0.223
agitated,0.223
agreeable,0.223
agur,0.223
aharah,0.223
ahasbai,0.223
ahban,0.223
aher,0.223
ahian,0.223
ahihud,0.223
ahimoth,0.223
ahinadab,0.223
ahiram,0.223
ahiramites,0.223
ahishahar,0.223
ahishar,0.223
ahlab,0.223
ahoah,0.223
ahumai,0.223
ahuzzam,0.223
ahuzzath,0.223
ahzai,0.223
aiath,0.223
aide,0.223
aides,0.223
aija,0.223
aimless,0.223
akan,0.223
akel,0.223
alexandria,0.223
alexandrians,0.223
aliah,0.223
alian,0.223
alienate,0.223
alight,0.223
alighted,0.223
alighting,0.223
allays,0.223
allotments,0.223
allowance,0.223
alloy,0.223
almodad,0.223
aloth,0.223
alternating,0.223
alters,0.223
alvan,0.223
amal,0.223
amam,0.223
amashai,0.223
amasiah,0.223
ambitions,0.223
ami,0.223
ammah,0.223
ammizabad,0.223
amok,0.223
amphipolis,0.223
amplias,0.223
amramites,0.223
anaharath,0.223
anammelech,0.223
anan,0.223
anani,0.223
ancestors,0.223
ancestry,0.223
andronicus,0.223
anem,0.223
angered,0.223
aniam,0.223
anim,0.223
anise,0.223
ankle,0.223
anklets,0.223
annals,0.223
annihilated,0.223
annulled,0.223
annulling,0.223
annuls,0.223
anoth,0.223
anticipated,0.223
antipas,0.223
antipatris,0.223
antitype,0.223
antothijah,0.223
anvil,0.223
anxiously,0.223
apelles,0.223
apharsathchites,0.223
aphekah,0.223
aphiah,0.223
aphik,0.223
aphrah,0.223
apollonia,0.223
apollyon,0.223
appareled,0.223
appeased,0.223
apphia,0.223
apportioned,0.223
apprehended,0.223
approves,0.223
ara,0.223
arbathite,0.223
arbel,0.223
arbite,0.223
arbitrate,0.223
arbitrator,0.223
archelaus,0.223
archites,0.223
archives,0.223
ardites,0.223
ardon,0.223
arelites,0.223
areopagite,0.223
aretas,0.223
aridai,0.223
aridatha,0.223
arieh,0.223
arisai,0.223
aristobulus,0.223
armageddon,0.223
armlets,0.223
armoni,0.223
armpits,0.223
arnan,0.223
arod,0.223
arodi,0.223
arodites,0.223
aroerite,0.223
aromas,0.223
arouse,0.223
arranging,0.223
arrivals,0.223
artemas,0.223
arubboth,0.223
arumah,0.223
arza,0.223
asarel,0.223
asharelah,0.223
ashbea,0.223
ashbelites,0.223
asherahs,0.223
asherites,0.223
ashima,0.223
ashkelonites,0.223
ashnah,0.223
ashpenaz,0.223
ashterathite,0.223
ashteroth,0.223
ashvath,0.223
asiel,0.223
aspatha,0.223
asrielites,0.223
assail,0.223
assayer,0.223
assembles,0.223
assembling,0.223
assented,0.223
assessed,0.223
asshurim,0.223
assignment,0.223
assistants,0.223
assure,0.223
astonishing,0.223
astounded,0.223
asyncritus,0.223
atarah,0.223
atharim,0.223
athenians,0.223
athlai,0.223
athletics,0.223
atoned,0.223
atoning,0.223
attaining,0.223
attalia,0.223
attempted,0.223
attendant,0.223
attentively,0.223
attired,0.223
auditorium,0.223
ava,0.223
awakens,0.223
awaking,0.223
awhile,0.223
awry,0.223
axle,0.223
ayyah,0.223
azal,0.223
azaniah,0.223
azaryahu,0.223
azaz,0.223
azaziah,0.223
azbuk,0.223
aziza,0.223
aznoth,0.223
azor,0.223
azotus,0.223
azur,0.223
azzan,0.223
azzur,0.223
baalis,0.223
baara,0.223
baaseiah,0.223
babble,0.223
babbler,0.223
babblers,0.223
babel,0.223
babylonians,0.223
baca,0.223
bachrites,0.223
bachuth,0.223
backbite,0.223
backbiters,0.223
backbiting,0.223
backbone,0.223
backslider,0.223
bakbakkar,0.223
bakbuk,0.223
bakbukiah,0.223
bakes,0.223
balah,0.223
balanced,0.223
balances,0.223
bamah,0.223
ban,0.223
banded,0.223
banqueting,0.223
baptisms,0.223
baptizes,0.223
barachel,0.223
barah,0.223
barbarian,0.223
barbarians,0.223
barber,0.223
bariah,0.223
bark,0.223
barrenness,0.223
bartered,0.223
bartimaeus,0.223
basin,0.223
bat,0.223
bathing,0.223
bathshua,0.223
batten,0.223
bavai,0.223
bazlith,0.223
bazluth,0.223
beach,0.223
bealiah,0.223
bealoth,0.223
beatings,0.223
beauties,0.223
bechorath,0.223
beckoned,0.223
bedeiah,0.223
bedridden,0.223
bedstead,0.223
bee,0.223
beera,0.223
beerah,0.223
beeri,0.223
beerothites,0.223
befitting,0.223
begetting,0.223
beggarly,0.223
behemoth,0.223
beholding,0.223
beholds,0.223
bekah,0.223
belah,0.223
belaites,0.223
belch,0.223
belial,0.223
bellow,0.223
bellows,0.223
bemoaning,0.223
bends,0.223
benefactors,0.223
benefited,0.223
beninu,0.223
benob,0.223
benoth,0.223
beon,0.223
bequeaths,0.223
bera,0.223
berachiah,0.223
beraiah,0.223
berak,0.223
bereaves,0.223
beri,0.223
beriites,0.223
berodach,0.223
berothah,0.223
berothai,0.223
berothite,0.223
beseth,0.223
besieges,0.223
besodeiah,0.223
betah,0.223
beten,0.223
bethabara,0.223
bether,0.223
bethesda,0.223
bethphage,0.223
bethul,0.223
betrayers,0.223
betrothal,0.223
beulah,0.223
beverage,0.223
bewailed,0.223
bidding,0.223
bidkar,0.223
bigtha,0.223
bigthan,0.223
bigthana,0.223
bile,0.223
bilgai,0.223
bilshan,0.223
bimhal,0.223
binea,0.223
biri,0.223
birsha,0.223
birthstools,0.223
birzaith,0.223
bishlam,0.223
bishops,0.223
bithiah,0.223
bithron,0.223
bittern,0.223
bizjothjah,0.223
biztha,0.223
blacker,0.223
blanket,0.223
blasphemer,0.223
blasphemers,0.223
blaspheming,0.223
blasphemously,0.223
blastus,0.223
blazed,0.223
bleat,0.223
bleating,0.223
blemished,0.223
blindfold,0.223
bloodline,0.223
bloomed,0.223
blooms,0.223
blossomed,0.223
blots,0.223
blunt,0.223
boanerges,0.223
boar,0.223
boarded,0.223
boisterous,0.223
bolt,0.223
bolted,0.223
bordering,0.223
bored,0.223
borrows,0.223
boundless,0.223
bowlful,0.223
bowmen,0.223
bowshot,0.223
bowstring,0.223
boxes,0.223
bozez,0.223
braced,0.223
bracelet,0.223
brambles,0.223
branding,0.223
brandished,0.223
brandishing,0.223
brave,0.223
brawler,0.223
bray,0.223
brayed,0.223
brazen,0.223
breached,0.223
breaches,0.223
breaker,0.223
breakers,0.223
breathing,0.223
breeds,0.223
brides,0.223
bridles,0.223
briefly,0.223
bristling,0.223
broader,0.223
broiled,0.223
broods,0.223
bruising,0.223
brunt,0.223
brutally,0.223
buds,0.223
buffet,0.223
bul,0.223
bulrushes,0.223
buriers,0.223
bursting,0.223
bursts,0.223
bushes,0.223
bustling,0.223
busybodies,0.223
busybody,0.223
butlership,0.223
butted,0.223
buying,0.223
buzi,0.223
buzite,0.223
buzzing,0.223
bygone,0.223
bypassing,0.223
byways,0.223
cabbon,0.223
cables,0.223
caked,0.223
calamus,0.223
calculate,0.223
calculated,0.223
caldrons,0.223
calms,0.223
calno,0.223
calvary,0.223
camon,0.223
camping,0.223
canaanitess,0.223
cananite,0.223
cancer,0.223
candace,0.223
canneh,0.223
canopies,0.223
caper,0.223
capstone,0.223
car,0.223
carcas,0.223
careah,0.223
carefree,0.223
carmites,0.223
carouse,0.223
carpenter,0.223
carpus,0.223
carriages,0.223
carriers,0.223
cartwheel,0.223
carves,0.223
casiphia,0.223
castle,0.223
casual,0.223
caterpillar,0.223
caulk,0.223
caulkers,0.223
cautiously,0.223
celestial,0.223
cells,0.223
cenchrea,0.223
ceremonially,0.223
ceremony,0.223
certified,0.223
chalcedony,0.223
chalcol,0.223
chalk,0.223
chalkstones,0.223
chameleon,0.223
chant,0.223
charcoal,0.223
charm,0.223
charming,0.223
chases,0.223
chasing,0.223
chatter,0.223
chattered,0.223
cheekbone,0.223
cheerfully,0.223
cheerfulness,0.223
cheers,0.223
cheeses,0.223
chelal,0.223
cheluh,0.223
chenani,0.223
chephar,0.223
chesalon,0.223
chesed,0.223
chesil,0.223
chestnut,0.223
chesulloth,0.223
chezib,0.223
chicks,0.223
chileab,0.223
chilmad,0.223
chimney,0.223
chios,0.223
chisel,0.223
chislon,0.223
chiun,0.223
chloe,0.223
choir,0.223
choirs,0.223
choosing,0.223
chops,0.223
chrysolite,0.223
chrysoprase,0.223
chub,0.223
chun,0.223
churning,0.223
churns,0.223
chuza,0.223
circular,0.223
circulated,0.223
circumspect,0.223
circumspectly,0.223
circumstances,0.223
citadels,0.223
citron,0.223
clad,0.223
claiming,0.223
clamor,0.223
clamorous,0.223
clanging,0.223
claps,0.223
clarity,0.223
clash,0.223
clashing,0.223
clatter,0.223
clattering,0.223
clauda,0.223
claudia,0.223
claws,0.223
clears,0.223
clement,0.223
cleopas,0.223
clerk,0.223
cliffs,0.223
clopas,0.223
club,0.223
clumps,0.223
cnidus,0.223
coast,0.223
collapsed,0.223
collar,0.223
collections,0.223
colony,0.223
colorful,0.223
colosse,0.223
colts,0.223
column,0.223
comeliness,0.223
commendable,0.223
commendation,0.223
commends,0.223
commission,0.223
commonly,0.223
commonwealth,0.223
commotions,0.223
communed,0.223
communicate,0.223
compact,0.223
compass,0.223
compassions,0.223
compensate,0.223
competent,0.223
complainers,0.223
completion,0.223
compound,0.223
compounded,0.223
compounds,0.223
comprehended,0.223
comprised,0.223
compulsory,0.223
conaniah,0.223
concede,0.223
conceit,0.223
conceited,0.223
conceiving,0.223
concession,0.223
conciliation,0.223
conclude,0.223
conclusion,0.223
concourses,0.223
condemning,0.223
confederacy,0.223
confidently,0.223
confiscated,0.223
confiscation,0.223
conflicts,0.223
conforming,0.223
confronting,0.223
congealed,0.223
conjures,0.223
conquering,0.223
conquerors,0.223
consciences,0.223
consecrations,0.223
consolations,0.223
consoled,0.223
conspirators,0.223
conspire,0.223
constrained,0.223
constructing,0.223
consults,0.223
consumption,0.223
container,0.223
contemplate,0.223
contending,0.223
contentment,0.223
contingents,0.223
contradicting,0.223
contradiction,0.223
contribute,0.223
contributions,0.223
controversies,0.223
conveniently,0.223
conversion,0.223
converting,0.223
convex,0.223
convicts,0.223
convince,0.223
convulses,0.223
copied,0.223
copies,0.223
coppersmith,0.223
coral,0.223
corals,0.223
corban,0.223
correcting,0.223
corresponds,0.223
corroded,0.223
corrosion,0.223
corrupts,0.223
cos,0.223
cosam,0.223
counseled,0.223
counteract,0.223
counting,0.223
countryman,0.223
courageously,0.223
courses,0.223
courteous,0.223
courteously,0.223
courtesy,0.223
cousin,0.223
covenanted,0.223
coverings,0.223
coveted,0.223
cozbi,0.223
cracked,0.223
crackling,0.223
craft,0.223
crag,0.223
crane,0.223
crashing,0.223
crashings,0.223
craves,0.223
crawl,0.223
crawls,0.223
crept,0.223
crescens,0.223
crescent,0.223
crescents,0.223
crest,0.223
cretans,0.223
cricket,0.223
cripple,0.223
criticized,0.223
cropped,0.223
crosses,0.223
crossroads,0.223
crouch,0.223
crouches,0.223
crouching,0.223
crowing,0.223
crowning,0.223
crumbles,0.223
crushes,0.223
crust,0.223
cub,0.223
cuddled,0.223
cumi,0.223
cupbearer,0.223
curdle,0.223
cures,0.223
curves,0.223
customarily,0.223
cuth,0.223
cuthah,0.223
cymbal,0.223
cyrenians,0.223
dabbasheth,0.223
dainties,0.223
dalmanutha,0.223
dalmatia,0.223
dalphon,0.223
dama,0.223
damaris,0.223
damascenes,0.223
dammim,0.223
dams,0.223
dandled,0.223
dangerous,0.223
dannah,0.223
darda,0.223
darics,0.223
darkens,0.223
darker,0.223
darlings,0.223
dart,0.223
darted,0.223
darts,0.223
dashes,0.223
daubed,0.223
dawns,0.223
deadness,0.223
dealer,0.223
dealers,0.223
debased,0.223
debases,0.223
debate,0.223
debris,0.223
decays,0.223
deceits,0.223
deceptions,0.223
deceptively,0.223
declaration,0.223
dedanites,0.223
deducted,0.223
deeded,0.223
defame,0.223
defamed,0.223
defeats,0.223
defenses,0.223
defer,0.223
dehavites,0.223
deker,0.223
delegate,0.223
delicateness,0.223
deliverers,0.223
deluded,0.223
demented,0.223
demolish,0.223
demonic,0.223
demonstrates,0.223
demonstrating,0.223
demonstration,0.223
deplete,0.223
deprives,0.223
deranged,0.223
deride,0.223
derided,0.223
derived,0.223
describes,0.223
describing,0.223
designates,0.223
desolated,0.223
despaired,0.223
desperation,0.223
despising,0.223
despoiled,0.223
detachment,0.223
determining,0.223
devastate,0.223
devastated,0.223
develops,0.223
device,0.223
devious,0.223
devourer,0.223
devoutly,0.223
diadems,0.223
dial,0.223
diameter,0.223
diblaim,0.223
dibri,0.223
differs,0.223
diffused,0.223
diffuses,0.223
dilapidation,0.223
dilean,0.223
dimly,0.223
dimnah,0.223
dimon,0.223
dimonah,0.223
dinaites,0.223
dining,0.223
dionysius,0.223
diotrephes,0.223
diphath,0.223
dips,0.223
director,0.223
directs,0.223
disapproved,0.223
disarmed,0.223
disarms,0.223
disasters,0.223
disc,0.223
discerner,0.223
discerns,0.223
disciplines,0.223
discreet,0.223
discussed,0.223
discussing,0.223
discussion,0.223
disfigured,0.223
disgusted,0.223
disheartened,0.223
dishonesty,0.223
disinherit,0.223
dislocated,0.223
dispatches,0.223
dispensation,0.223
dispersions,0.223
displeases,0.223
disposed,0.223
dispossessing,0.223
disputer,0.223
disquiet,0.223
disquieting,0.223
disreputable,0.223
disrepute,0.223
dissensions,0.223
dissolve,0.223
distill,0.223
distorts,0.223
distracted,0.223
distraction,0.223
distraught,0.223
disturbs,0.223
diverse,0.223
diverting,0.223
divider,0.223
diviner,0.223
divining,0.223
divisive,0.223
dizahab,0.223
docile,0.223
dodai,0.223
dodanim,0.223
dodavah,0.223
doe,0.223
domain,0.223
donations,0.223
doorways,0.223
dorcas,0.223
doubling,0.223
downcast,0.223
drains,0.223
dreaded,0.223
dreamers,0.223
dressing,0.223
drift,0.223
drinkers,0.223
dripped,0.223
dromedaries,0.223
dromedary,0.223
droppings,0.223
dropsy,0.223
drusilla,0.223
dryshod,0.223
dump,0.223
dung,0.223
dunghill,0.223
dura,0.223
dwarf,0.223
dysentery,0.223
eaance,0.223
earners,0.223
earns,0.223
earring,0.223
earthenware,0.223
eaters,0.223
eaves,0.223
ebony,0.223
ebron,0.223
edible,0.223
edict,0.223
eglah,0.223
ehi,0.223
eightieth,0.223
eladah,0.223
eldership,0.223
elead,0.223
elementary,0.223
eleph,0.223
elevated,0.223
eliadah,0.223
eliahba,0.223
elidad,0.223
elienai,0.223
elihoreph,0.223
elika,0.223
eliphal,0.223
elipheleh,0.223
elishaphat,0.223
elisheba,0.223
elishua,0.223
eliud,0.223
elkoshite,0.223
elmodam,0.223
elohe,0.223
eloi,0.223
elonites,0.223
elpelet,0.223
eltekon,0.223
elul,0.223
eluzai,0.223
elymas,0.223
emasculated,0.223
embalm,0.223
embankment,0.223
ember,0.223
emblems,0.223
emboldened,0.223
embossed,0.223
embraces,0.223
emeralds,0.223
emits,0.223
emitted,0.223
empire,0.223
emptiers,0.223
enable,0.223
enam,0.223
encampments,0.223
enchanter,0.223
encircle,0.223
enclose,0.223
enclosing,0.223
enclosures,0.223
endangered,0.223
endearment,0.223
endeavored,0.223
endeavoring,0.223
endeavors,0.223
endless,0.223
endlessly,0.223
endow,0.223
endowment,0.223
endued,0.223
engulfing,0.223
enlisted,0.223
enslaved,0.223
ensnares,0.223
ensure,0.223
entangle,0.223
entangles,0.223
entertain,0.223
enticing,0.223
entrap,0.223
entreaties,0.223
envying,0.223
epaenetus,0.223
ephai,0.223
ephes,0.223
ephesian,0.223
ephlal,0.223
ephphatha,0.223
ephrain,0.223
ephrathite,0.223
epileptic,0.223
epileptics,0.223
equipping,0.223
eran,0.223
eranites,0.223
erites,0.223
errand,0.223
escorted,0.223
esek,0.223
eshean,0.223
eshek,0.223
eshtaolites,0.223
eshtemoh,0.223
eshterah,0.223
eshton,0.223
esli,0.223
establishing,0.223
estate,0.223
esteeming,0.223
esteems,0.223
eth,0.223
ethanim,0.223
ethbaal,0.223
ethnan,0.223
ethni,0.223
eubulus,0.223
eunice,0.223
euroclydon,0.223
eutychus,0.223
evangelists,0.223
evenly,0.223
everybody,0.223
evicting,0.223
evidences,0.223
exacts,0.223
exalting,0.223
examination,0.223
examining,0.223
excepted,0.223
excess,0.223
excitement,0.223
excusing,0.223
executing,0.223
executioner,0.223
executioners,0.223
exempted,0.223
exhaustion,0.223
exhortations,0.223
exhorts,0.223
exorcise,0.223
exorcists,0.223
expectantly,0.223
expectations,0.223
expedition,0.223
expended,0.223
expiration,0.223
exploits,0.223
explore,0.223
expression,0.223
exquisite,0.223
extensive,0.223
exterior,0.223
exterminate,0.223
extorted,0.223
extraordinary,0.223
extremity,0.223
exult,0.223
eyebrows,0.223
ezbai,0.223
ezrah,0.223
ezrahite,0.223
ezri,0.223
fabric,0.223
faintness,0.223
fairer,0.223
falsifying,0.223
falter,0.223
falters,0.223
famish,0.223
fancies,0.223
fancy,0.223
fared,0.223
fathered,0.223
fathoms,0.223
fatling,0.223
favoritism,0.223
feathered,0.223
features,0.223
fee,0.223
feebler,0.223
feelings,0.223
fellows,0.223
fence,0.223
fenced,0.223
ferryboat,0.223
fertilize,0.223
fervently,0.223
fervor,0.223
festal,0.223
festering,0.223
festivals,0.223
fetch,0.223
fidelity,0.223
fiercer,0.223
fifths,0.223
figuratively,0.223
figurehead,0.223
filly,0.223
finery,0.223
finisher,0.223
finishes,0.223
firebrand,0.223
firebrands,0.223
firstfruit,0.223
fishhooks,0.223
fitly,0.223
flashed,0.223
flavorless,0.223
flay,0.223
fleeting,0.223
flitting,0.223
floodwater,0.223
flourished,0.223
flourishes,0.223
flowed,0.223
flushed,0.223
flutists,0.223
fluttering,0.223
foals,0.223
foe,0.223
folded,0.223
foliage,0.223
folk,0.223
footmen,0.223
footstep,0.223
forage,0.223
forceful,0.223
ford,0.223
forego,0.223
foremen,0.223
foreordained,0.223
forerunner,0.223
foresaw,0.223
foresight,0.223
foretell,0.223
forewarn,0.223
forewarned,0.223
forgers,0.223
fork,0.223
fornications,0.223
forsaking,0.223
fort,0.223
fortifying,0.223
forts,0.223
fostered,0.223
fouled,0.223
fouling,0.223
founding,0.223
fowlers,0.223
fracture,0.223
fragile,0.223
frailty,0.223
framed,0.223
freedman,0.223
freedmen,0.223
freshly,0.223
frontier,0.223
fulfilling,0.223
fume,0.223
function,0.223
furlongs,0.223
furnish,0.223
furniture,0.223
furtherance,0.223
gaba,0.223
gabbai,0.223
gabbatha,0.223
gaddah,0.223
gaddi,0.223
gaddiel,0.223
gader,0.223
gadite,0.223
galbanum,0.223
galley,0.223
gallons,0.223
gallops,0.223
gammad,0.223
gardener,0.223
garland,0.223
garlands,0.223
garmite,0.223
gasp,0.223
gatekeeper,0.223
gateways,0.223
gatherer,0.223
gazed,0.223
gazez,0.223
ge,0.223
gebim,0.223
gecko,0.223
geder,0.223
gederathite,0.223
gederite,0.223
gederothaim,0.223
geliloth,0.223
gemalli,0.223
gems,0.223
generate,0.223
genitals,0.223
gennesaret,0.223
genubath,0.223
genuineness,0.223
gergesenes,0.223
gershonite,0.223
geshan,0.223
giah,0.223
gibea,0.223
gibeath,0.223
gibeathite,0.223
gibeonite,0.223
gilalai,0.223
gimzo,0.223
ginath,0.223
ginnethoi,0.223
ginnethon,0.223
gishpa,0.223
gittites,0.223
giver,0.223
gizonite,0.223
glazed,0.223
glorying,0.223
gluttonous,0.223
gluttons,0.223
gnash,0.223
gnawed,0.223
gnawing,0.223
goal,0.223
goath,0.223
goatherds,0.223
goatskins,0.223
gob,0.223
goblet,0.223
goings,0.223
gopherwood,0.223
gores,0.223
gourds,0.223
govern,0.223
governed,0.223
graft,0.223
grandfather,0.223
graveclothes,0.223
gravestone,0.223
greediness,0.223
greyhound,0.223
griefs,0.223
grinder,0.223
grinders,0.223
grip,0.223
groans,0.223
gropes,0.223
gross,0.223
growled,0.223
grudge,0.223
grudging,0.223
gruesome,0.223
grumble,0.223
grumblers,0.223
grumbling,0.223
gudgodah,0.223
gullible,0.223
gushes,0.223
gutters,0.223
haahashtari,0.223
haammoni,0.223
habakkuk,0.223
habazziniah,0.223
hacaliah,0.223
hachaliah,0.223
hachmoni,0.223
hacked,0.223
hadashah,0.223
hadassah,0.223
hadattah,0.223
haddah,0.223
hadrach,0.223
hagab,0.223
hagaba,0.223
hagabah,0.223
haggan,0.223
haggiah,0.223
haggites,0.223
hagri,0.223
hailstone,0.223
hakkatan,0.223
hakupha,0.223
hali,0.223
hamites,0.223
hammoleketh,0.223
hammoth,0.223
hamonah,0.223
hamran,0.223
hamstring,0.223
hamuel,0.223
hamulites,0.223
handbreadths,0.223
handiwork,0.223
handling,0.223
handmill,0.223
handwriting,0.223
hanes,0.223
haniel,0.223
hannathon,0.223
hanniel,0.223
hanochites,0.223
haphraim,0.223
happier,0.223
happizzez,0.223
happuch,0.223
hara,0.223
haradah,0.223
haraseth,0.223
harashim,0.223
harbona,0.223
harbonah,0.223
hardworking,0.223
hareph,0.223
hareseth,0.223
harhaiah,0.223
harhas,0.223
harhur,0.223
hariph,0.223
harmon,0.223
harms,0.223
harnepher,0.223
harod,0.223
harodite,0.223
haroeh,0.223
harpoons,0.223
harumaph,0.223
haruphite,0.223
haruz,0.223
harvesting,0.223
hasadiah,0.223
hashabnah,0.223
hashbadana,0.223
hashem,0.223
hashubah,0.223
hasrah,0.223
hassenaah,0.223
hassenuah,0.223
hatefully,0.223
hathath,0.223
hatticon,0.223
haunts,0.223
hauran,0.223
havens,0.223
havoc,0.223
hazaiah,0.223
hazarmaveth,0.223
hazazon,0.223
hazelelponi,0.223
haziel,0.223
hazo,0.223
headbands,0.223
headdresses,0.223
headstrong,0.223
hearer,0.223
hearths,0.223
hearty,0.223
heathen,0.223
heaves,0.223
heberites,0.223
heeding,0.223
helbah,0.223
helbon,0.223
heleb,0.223
helekites,0.223
heli,0.223
helkai,0.223
helkath,0.223
helmets,0.223
helmsman,0.223
hemam,0.223
hemdan,0.223
henceforth,0.223
herald,0.223
heresh,0.223
hereth,0.223
heritages,0.223
hermas,0.223
hermogenes,0.223
herodion,0.223
heron,0.223
heshmon,0.223
hew,0.223
hewed,0.223
hews,0.223
hezir,0.223
hezrai,0.223
hezro,0.223
hiddai,0.223
hiddekel,0.223
hideout,0.223
hiel,0.223
hierapolis,0.223
hilen,0.223
hilly,0.223
hilt,0.223
hireling,0.223
hit,0.223
hitch,0.223
hitched,0.223
hizki,0.223
ho,0.223
hobab,0.223
hobah,0.223
hod,0.223
hodesh,0.223
hodevah,0.223
hodiah,0.223
hodshi,0.223
hoe,0.223
hoham,0.223
hoisted,0.223
holier,0.223
homeless,0.223
homemakers,0.223
homosexuals,0.223
hoofed,0.223
hopeless,0.223
hophra,0.223
horam,0.223
horite,0.223
hornets,0.223
horribly,0.223
horrified,0.223
hoshama,0.223
hospitality,0.223
hotly,0.223
hottest,0.223
hound,0.223
householder,0.223
hovering,0.223
hovers,0.223
howling,0.223
hubs,0.223
huddle,0.223
hukkok,0.223
humbling,0.223
humtah,0.223
hunchback,0.223
hunters,0.223
hupham,0.223
huphamites,0.223
huppah,0.223
hurai,0.223
huri,0.223
hurling,0.223
hurrying,0.223
hurts,0.223
hushah,0.223
hushed,0.223
huz,0.223
huzoth,0.223
hyacinth,0.223
hyenas,0.223
ibhar,0.223
ibneiah,0.223
ibnijah,0.223
ibri,0.223
idalah,0.223
idbash,0.223
idolatries,0.223
idumea,0.223
igdaliah,0.223
ilai,0.223
illegitimate,0.223
ills,0.223
illustration,0.223
illyricum,0.223
imitators,0.223
immeasurable,0.223
immutability,0.223
immutable,0.223
imna,0.223
impatient,0.223
impenitent,0.223
imperishable,0.223
implanted,0.223
implement,0.223
impressive,0.223
imprisonments,0.223
improper,0.223
improperly,0.223
imputes,0.223
imputing,0.223
imrah,0.223
inaugurate,0.223
inciting,0.223
inclination,0.223
includes,0.223
income,0.223
indicated,0.223
indicates,0.223
indicating,0.223
indisposed,0.223
industrious,0.223
inexcusable,0.223
infallible,0.223
infamous,0.223
infidelity,0.223
inflamed,0.223
inflames,0.223
inflaming,0.223
inflict,0.223
informer,0.223
informs,0.223
ingathering,0.223
ingrained,0.223
ingredients,0.223
inheritances,0.223
inlets,0.223
innkeeper,0.223
innocently,0.223
inquiries,0.223
inquiring,0.223
insatiable,0.223
insect,0.223
insects,0.223
insistent,0.223
insolence,0.223
installed,0.223
institution,0.223
instructing,0.223
instructors,0.223
insubordination,0.223
insults,0.223
intercessions,0.223
interior,0.223
intermarry,0.223
interrogated,0.223
interruption,0.223
intervene,0.223
intervened,0.223
intervening,0.223
interviewed,0.223
intimidate,0.223
intricate,0.223
intruding,0.223
invasion,0.223
inventors,0.223
inventory,0.223
involves,0.223
iphdeiah,0.223
irad,0.223
iri,0.223
irpeel,0.223
irrevocable,0.223
irritants,0.223
iru,0.223
iscah,0.223
ishbah,0.223
ishbi,0.223
ishhod,0.223
ishijah,0.223
ishma,0.223
ishmerai,0.223
ishpan,0.223
ishuah,0.223
ishvah,0.223
ishvi,0.223
ismachiah,0.223
isolates,0.223
ispah,0.223
isui,0.223
italian,0.223
itch,0.223
itching,0.223
item,0.223
ithai,0.223
ithnan,0.223
ithream,0.223
ithrites,0.223
itinerant,0.223
iturea,0.223
izehar,0.223
jaakobah,0.223
jaan,0.223
jaare,0.223
jaareshiah,0.223
jaasai,0.223
jaasiel,0.223
jaaziel,0.223
jabal,0.223
jachan,0.223
jachinites,0.223
jaddai,0.223
jaddua,0.223
jagur,0.223
jahaziah,0.223
jahdai,0.223
jahdiel,0.223
jahdo,0.223
jahleelites,0.223
jahmai,0.223
jahzeel,0.223
jahzerah,0.223
jahziel,0.223
jailer,0.223
jairite,0.223
jakeh,0.223
jalon,0.223
jambres,0.223
jaminites,0.223
jamlech,0.223
janna,0.223
jannes,0.223
janoah,0.223
janum,0.223
jareb,0.223
jarkon,0.223
jaroah,0.223
jashen,0.223
jashobeam,0.223
jashubites,0.223
jathniel,0.223
jaw,0.223
jealousies,0.223
jealously,0.223
jeatherai,0.223
jeberechiah,0.223
jecamiah,0.223
jedidah,0.223
jedidiah,0.223
jeering,0.223
jeezer,0.223
jeezerites,0.223
jegar,0.223
jehezekel,0.223
jehiah,0.223
jehoaddah,0.223
jehoaddan,0.223
jehoshabeath,0.223
jehosheba,0.223
jehubbah,0.223
jehucal,0.223
jehud,0.223
jehudijah,0.223
jekabzeel,0.223
jekamiah,0.223
jekuthiel,0.223
jemimah,0.223
jeopardized,0.223
jerah,0.223
jered,0.223
jeremai,0.223
jeriel,0.223
jerijah,0.223
jerioth,0.223
jerubbesheth,0.223
jeruel,0.223
jerusha,0.223
jerushah,0.223
jeshanah,0.223
jesharelah,0.223
jeshebeab,0.223
jesher,0.223
jeshishai,0.223
jeshohaiah,0.223
jesimiel,0.223
jesimoth,0.223
jesshiah,0.223
jesting,0.223
jesui,0.223
jesuites,0.223
jetheth,0.223
jethlah,0.223
jeuel,0.223
jeuz,0.223
jezerites,0.223
jeziah,0.223
jeziel,0.223
jezrahiah,0.223
jibsam,0.223
jidlaph,0.223
jimna,0.223
jimnah,0.223
jimnites,0.223
jithra,0.223
jithran,0.223
jizliah,0.223
jizri,0.223
joahaz,0.223
joannas,0.223
joed,0.223
jogbehah,0.223
jogli,0.223
joiakim,0.223
jointed,0.223
jokdeam,0.223
jokmeam,0.223
joktheel,0.223
jonan,0.223
jorah,0.223
jorai,0.223
jorim,0.223
jorkoam,0.223
jose,0.223
joshah,0.223
joshibiah,0.223
jostle,0.223
jot,0.223
jotbah,0.223
journeying,0.223
joyously,0.223
jubal,0.223
jubilation,0.223
jucal,0.223
judaism,0.223
judean,0.223
julia,0.223
julius,0.223
jump,0.223
junia,0.223
juniper,0.223
jurisdiction,0.223
jushab,0.223
justifier,0.223
justifying,0.223
kab,0.223
kadmonites,0.223
kallai,0.223
kamai,0.223
karkaa,0.223
karkor,0.223
kartah,0.223
kartan,0.223
kattath,0.223
kazin,0.223
kelaiah,0.223
kenezzites,0.223
keramim,0.223
keren,0.223
kettle,0.223
keziah,0.223
keziz,0.223
kibzaim,0.223
kidnapper,0.223
kidnappers,0.223
kidnapping,0.223
kidnaps,0.223
kiln,0.223
kinah,0.223
kingly,0.223
kiriathaim,0.223
kishi,0.223
kitchens,0.223
kithlish,0.223
kitron,0.223
knocked,0.223
knocking,0.223
koa,0.223
kor,0.223
korahite,0.223
korathites,0.223
laadah,0.223
ladies,0.223
lads,0.223
lael,0.223
lagging,0.223
lahad,0.223
lahmas,0.223
lair,0.223
lakkum,0.223
lamentations,0.223
laments,0.223
lance,0.223
lances,0.223
lanes,0.223
languished,0.223
lap,0.223
lapful,0.223
lapidoth,0.223
laps,0.223
largeness,0.223
lasea,0.223
lasha,0.223
lasharon,0.223
latch,0.223
launched,0.223
launderer,0.223
launderers,0.223
layer,0.223
laziness,0.223
league,0.223
leaps,0.223
lease,0.223
leb,0.223
lebana,0.223
lebanah,0.223
lebaoth,0.223
lebbaeus,0.223
lebonah,0.223
lecah,0.223
leech,0.223
lees,0.223
leftover,0.223
leg,0.223
legions,0.223
lemuel,0.223
lending,0.223
lengthened,0.223
lengthens,0.223
leopards,0.223
leshem,0.223
letushim,0.223
leummim,0.223
leveled,0.223
levels,0.223
levitical,0.223
levy,0.223
lewdly,0.223
liberal,0.223
liberally,0.223
libnites,0.223
licks,0.223
lid,0.223
lifeblood,0.223
lifeless,0.223
ligaments,0.223
likely,0.223
likhi,0.223
limped,0.223
link,0.223
linus,0.223
lionesses,0.223
listless,0.223
literature,0.223
lively,0.223
lizard,0.223
loading,0.223
loathing,0.223
loftily,0.223
lois,0.223
lonely,0.223
looming,0.223
loosened,0.223
loosens,0.223
looter,0.223
lop,0.223
lordly,0.223
lordship,0.223
losses,0.223
louder,0.223
loveliest,0.223
loveliness,0.223
lover,0.223
lovingly,0.223
lowliest,0.223
lucifer,0.223
lucius,0.223
lukewarm,0.223
lulled,0.223
lurked,0.223
lusty,0.223
lycaonia,0.223
lycaonian,0.223
lycia,0.223
lydians,0.223
lye,0.223
lysanias,0.223
maadai,0.223
maai,0.223
maarath,0.223
maasai,0.223
maath,0.223
macedonian,0.223
machbanai,0.223
machbenah,0.223
machirites,0.223
machnadebai,0.223
madmenah,0.223
madon,0.223
magbish,0.223
magdala,0.223
maggot,0.223
magnificence,0.223
magnificent,0.223
magor,0.223
mahol,0.223
maim,0.223
mainsail,0.223
mainstay,0.223
makaz,0.223
makers,0.223
makheloth,0.223
maktesh,0.223
malachi,0.223
malady,0.223
malcam,0.223
malchielites,0.223
malchiram,0.223
malchus,0.223
maliciousness,0.223
malign,0.223
mallow,0.223
manaen,0.223
manahethites,0.223
manifestation,0.223
manslayers,0.223
mantles,0.223
manuhoth,0.223
maoch,0.223
maonites,0.223
mara,0.223
maralah,0.223
marker,0.223
maroth,0.223
marsh,0.223
marveling,0.223
marvels,0.223
mashal,0.223
massacred,0.223
match,0.223
mates,0.223
mating,0.223
matri,0.223
matrix,0.223
mattathah,0.223
mattattah,0.223
mattock,0.223
mattocks,0.223
mauled,0.223
mazzaroth,0.223
meadow,0.223
meadows,0.223
mealtime,0.223
mearah,0.223
mebunnai,0.223
mecherathite,0.223
meconah,0.223
meddles,0.223
meddling,0.223
mediate,0.223
mediators,0.223
medicine,0.223
meditating,0.223
mehir,0.223
mehujael,0.223
mehuman,0.223
melchiah,0.223
melea,0.223
melichu,0.223
melting,0.223
memorable,0.223
memphis,0.223
menan,0.223
mended,0.223
meni,0.223
meonothai,0.223
meraiah,0.223
merarites,0.223
merathaim,0.223
mercenaries,0.223
merchandisers,0.223
merib,0.223
meron,0.223
meronothite,0.223
meroz,0.223
merrily,0.223
meshezabel,0.223
meshillemith,0.223
meshillemoth,0.223
meshobab,0.223
meshullemeth,0.223
methushael,0.223
meunim,0.223
mibhar,0.223
michmethath,0.223
michri,0.223
middin,0.223
midway,0.223
migdal,0.223
mikneiah,0.223
milalai,0.223
mild,0.223
mile,0.223
mincing,0.223
mindedness,0.223
mingle,0.223
miniamin,0.223
ministries,0.223
minjamin,0.223
minni,0.223
mint,0.223
minus,0.223
miphkad,0.223
mirmah,0.223
miry,0.223
miscarried,0.223
miscarrying,0.223
miserably,0.223
miseries,0.223
mishal,0.223
misham,0.223
mishmannah,0.223
mishraites,0.223
mispar,0.223
missabib,0.223
misses,0.223
misunderstand,0.223
misusing,0.223
mite,0.223
mites,0.223
mithnite,0.223
mitylene,0.223
mixing,0.223
mizar,0.223
mnason,0.223
moan,0.223
mocker,0.223
mockings,0.223
modesty,0.223
moisten,0.223
moldy,0.223
mole,0.223
molid,0.223
moloch,0.223
moneylender,0.223
monitor,0.223
monkeys,0.223
monthly,0.223
monument,0.223
moorings,0.223
moriah,0.223
morsels,0.223
mortality,0.223
mortgaged,0.223
mosaic,0.223
moserah,0.223
mountaineers,0.223
mountings,0.223
mourner,0.223
mournful,0.223
movement,0.223
mowed,0.223
mowing,0.223
mowings,0.223
mozah,0.223
muppim,0.223
murky,0.223
murmur,0.223
murmuring,0.223
muscle,0.223
muscles,0.223
muse,0.223
musing,0.223
musters,0.223
muttered,0.223
myra,0.223
myriads,0.223
mysterious,0.223
naam,0.223
naamites,0.223
naarai,0.223
naaran,0.223
nachon,0.223
naggai,0.223
nahalal,0.223
nahaliel,0.223
nahallal,0.223
nahalol,0.223
naham,0.223
nahbi,0.223
nailed,0.223
nain,0.223
narcissus,0.223
narrative,0.223
nazarene,0.223
nazarenes,0.223
neah,0.223
neapolis,0.223
nearly,0.223
nebaioth,0.223
neballat,0.223
nebushasban,0.223
nedabiah,0.223
needful,0.223
nehushta,0.223
nehushtan,0.223
neiel,0.223
neighed,0.223
neighing,0.223
neighings,0.223
nekeb,0.223
nemuelites,0.223
nephishesim,0.223
nereus,0.223
neri,0.223
nested,0.223
nestled,0.223
netaim,0.223
netophah,0.223
nevermore,0.223
newborn,0.223
newly,0.223
nibhaz,0.223
nibshan,0.223
nicanor,0.223
nicolas,0.223
nicopolis,0.223
niger,0.223
nimrim,0.223
ninevites,0.223
nobah,0.223
nobility,0.223
nobleman,0.223
nod,0.223
nodab,0.223
nodded,0.223
nohah,0.223
noisily,0.223
nonexistent,0.223
noontime,0.223
noose,0.223
nophah,0.223
northwest,0.223
noses,0.223
nourisher,0.223
nourishment,0.223
novice,0.223
nudity,0.223
numbering,0.223
nymphas,0.223
oar,0.223
obal,0.223
obese,0.223
obil,0.223
objection,0.223
objects,0.223
obnoxious,0.223
obscure,0.223
obscurity,0.223
observer,0.223
obsessed,0.223
obsolete,0.223
obstinate,0.223
occasionally,0.223
occupies,0.223
occupy,0.223
occurs,0.223
offensive,0.223
officiated,0.223
ohel,0.223
oils,0.223
oldness,0.223
olympas,0.223
omers,0.223
omnipotent,0.223
onager,0.223
oni,0.223
onycha,0.223
ophni,0.223
opinions,0.223
oppressing,0.223
orator,0.223
orchard,0.223
orchards,0.223
ordain,0.223
ordinary,0.223
oregim,0.223
origin,0.223
originally,0.223
osnapper,0.223
othni,0.223
outbursts,0.223
outgoings,0.223
outlet,0.223
outpost,0.223
outrage,0.223
outwardly,0.223
outwit,0.223
overcoming,0.223
overextending,0.223
overflows,0.223
overgrown,0.223
overlooked,0.223
overlooking,0.223
overrule,0.223
overruled,0.223
overrules,0.223
overrun,0.223
overshadow,0.223
overshadowing,0.223
overspread,0.223
overspreads,0.223
overtaking,0.223
overthrowing,0.223
overwork,0.223
owes,0.223
owls,0.223
ozem,0.223
ozni,0.223
oznites,0.223
paaneah,0.223
paarai,0.223
paces,0.223
packed,0.223
pai,0.223
pails,0.223
paint,0.223
painted,0.223
painting,0.223
palal,0.223
palanquin,0.223
palate,0.223
palluites,0.223
palti,0.223
paltite,0.223
pampers,0.223
paneling,0.223
panic,0.223
panicked,0.223
panted,0.223
parah,0.223
paralytics,0.223
paramours,0.223
parapet,0.223
parbar,0.223
parcel,0.223
parchments,0.223
parmashta,0.223
parmenas,0.223
parnach,0.223
parshandatha,0.223
partaken,0.223
partakes,0.223
parthians,0.223
partitioned,0.223
parvaim,0.223
parzites,0.223
pasach,0.223
pasdammim,0.223
pashur,0.223
pastors,0.223
pastured,0.223
patara,0.223
patch,0.223
patched,0.223
pathless,0.223
patmos,0.223
patrobas,0.223
patrol,0.223
pau,0.223
paulus,0.223
pause,0.223
paused,0.223
paw,0.223
paws,0.223
payments,0.223
pays,0.223
pazzez,0.223
peacemakers,0.223
peacetime,0.223
pearl,0.223
pedahel,0.223
peddling,0.223
peeled,0.223
peep,0.223
pelaliah,0.223
peleth,0.223
penetrated,0.223
peniel,0.223
penitents,0.223
penny,0.223
perceives,0.223
perceiving,0.223
perception,0.223
perceptive,0.223
peresh,0.223
perfumers,0.223
perida,0.223
perilous,0.223
perils,0.223
perishable,0.223
perjurer,0.223
permitting,0.223
perpetuate,0.223
persecutes,0.223
persecutor,0.223
persevere,0.223
persevered,0.223
persis,0.223
persuades,0.223
persuasion,0.223
perturbed,0.223
peruda,0.223
perverseness,0.223
pestered,0.223
pestle,0.223
pethuel,0.223
peulthai,0.223
pharpar,0.223
philemon,0.223
philetus,0.223
philippians,0.223
philologus,0.223
philosophy,0.223
phlegon,0.223
phoenician,0.223
phoenix,0.223
phygellus,0.223
physically,0.223
picture,0.223
pigeon,0.223
pildash,0.223
pilfering,0.223
pilgrim,0.223
pilha,0.223
pillaged,0.223
pillow,0.223
pilot,0.223
pim,0.223
pined,0.223
pins,0.223
piped,0.223
pipings,0.223
piram,0.223
pirathon,0.223
pispah,0.223
pistachio,0.223
pithom,0.223
pitiable,0.223
pities,0.223
placenta,0.223
plaited,0.223
plane,0.223
planters,0.223
plate,0.223
plateau,0.223
platitudes,0.223
plays,0.223
plea,0.223
pleadings,0.223
pleasantness,0.223
pledges,0.223
plentifully,0.223
plowers,0.223
plowshare,0.223
plummet,0.223
plump,0.223
plunged,0.223
pods,0.223
pointedly,0.223
pointing,0.223
polish,0.223
pollute,0.223
pollutions,0.223
ponders,0.223
poorly,0.223
poplars,0.223
populous,0.223
poratha,0.223
porcius,0.223
portico,0.223
portray,0.223
posed,0.223
possessing,0.223
possessors,0.223
possibly,0.223
posted,0.223
potentate,0.223
potsherds,0.223
potters,0.223
pouch,0.223
poultice,0.223
pounds,0.223
powders,0.223
powerless,0.223
prattle,0.223
prattler,0.223
preappointed,0.223
preceding,0.223
pregnancy,0.223
prejudice,0.223
prematurely,0.223
premeditate,0.223
premeditation,0.223
presentable,0.223
presentation,0.223
presumed,0.223
presumes,0.223
pretty,0.223
preys,0.223
priced,0.223
pricking,0.223
primal,0.223
prime,0.223
princess,0.223
princesses,0.223
print,0.223
prisca,0.223
prized,0.223
problems,0.223
proceedings,0.223
procession,0.223
prochorus,0.223
proconsuls,0.223
procured,0.223
prodigal,0.223
profaneness,0.223
profess,0.223
profited,0.223
profound,0.223
prognosticators,0.223
projects,0.223
promote,0.223
promptly,0.223
pronged,0.223
proportions,0.223
prosecutor,0.223
prospering,0.223
prosperously,0.223
protested,0.223
proves,0.223
prowl,0.223
pruned,0.223
prunes,0.223
psalmist,0.223
ptolemais,0.223
pudens,0.223
puffs,0.223
pulverized,0.223
punites,0.223
punon,0.223
purchases,0.223
purer,0.223
purest,0.223
purifier,0.223
purse,0.223
purses,0.223
pursuer,0.223
pursuits,0.223
pushes,0.223
pushing,0.223
puteoli,0.223
puthites,0.223
putiel,0.223
putrefy,0.223
putrefying,0.223
puvah,0.223
quadrans,0.223
quaking,0.223
quarries,0.223
quart,0.223
quartermaster,0.223
quarts,0.223
quartus,0.223
quartz,0.223
quiets,0.223
quirinius,0.223
quivered,0.223
quotes,0.223
raama,0.223
raamses,0.223
rabbim,0.223
rabbith,0.223
rabble,0.223
rabboni,0.223
raca,0.223
rachal,0.223
raddai,0.223
radiating,0.223
rafters,0.223
raham,0.223
raids,0.223
rakem,0.223
rakkath,0.223
rakkon,0.223
rally,0.223
ramath,0.223
ramathaim,0.223
ramathite,0.223
ramiah,0.223
rapha,0.223
raphah,0.223
rapidly,0.223
rattles,0.223
raving,0.223
raze,0.223
reaching,0.223
reader,0.223
reaffirm,0.223
rearing,0.223
reasonings,0.223
rebecca,0.223
rebuker,0.223
rebuking,0.223
receptacles,0.223
recess,0.223
reckless,0.223
recklessness,0.223
reconsider,0.223
recount,0.223
recruited,0.223
recruiter,0.223
recruiting,0.223
rectangular,0.223
reelaiah,0.223
refiner,0.223
refines,0.223
refining,0.223
reflects,0.223
reformation,0.223
refrained,0.223
refreshes,0.223
refugee,0.223
regiment,0.223
register,0.223
registers,0.223
rei,0.223
reinforced,0.223
relenting,0.223
relents,0.223
relieves,0.223
remeth,0.223
removing,0.223
remphan,0.223
rend,0.223
renders,0.223
rending,0.223
renounces,0.223
rented,0.223
repairer,0.223
repeatedly,0.223
rephael,0.223
rephah,0.223
replica,0.223
representing,0.223
reprisal,0.223
reproof,0.223
reproofs,0.223
reproves,0.223
reputed,0.223
requests,0.223
requirement,0.223
requires,0.223
rescues,0.223
resemblance,0.223
resembled,0.223
resen,0.223
reservoir,0.223
resheph,0.223
reside,0.223
residence,0.223
resides,0.223
resolves,0.223
resort,0.223
resorted,0.223
resound,0.223
resounding,0.223
responsively,0.223
restoration,0.223
restraining,0.223
restricted,0.223
resulted,0.223
resulting,0.223
retains,0.223
revealer,0.223
revelry,0.223
revenues,0.223
review,0.223
reviler,0.223
revilers,0.223
reviles,0.223
revival,0.223
revolters,0.223
rewarder,0.223
rezon,0.223
rhegium,0.223
rhesa,0.223
rhodes,0.223
rib,0.223
richer,0.223
richest,0.223
riddance,0.223
riddles,0.223
ridge,0.223
ridges,0.223
rifled,0.223
righteousnesses,0.223
rigid,0.223
ringleader,0.223
rinnah,0.223
ripening,0.223
riphath,0.223
risk,0.223
rite,0.223
ritually,0.223
riverbank,0.223
riverbeds,0.223
riverheads,0.223
rivulets,0.223
rizia,0.223
roadside,0.223
roaming,0.223
roast,0.223
roasting,0.223
robbing,0.223
robs,0.223
rodanim,0.223
roe,0.223
roebucks,0.223
rogue,0.223
rogues,0.223
rohgah,0.223
rolling,0.223
rolls,0.223
roofs,0.223
roosts,0.223
roundabout,0.223
rounded,0.223
route,0.223
rove,0.223
rowing,0.223
rudely,0.223
rugged,0.223
rumah,0.223
runner,0.223
rural,0.223
rust,0.223
ruthless,0.223
sabta,0.223
sabtah,0.223
sabtecha,0.223
sabtechah,0.223
sachiah,0.223
safekeeping,0.223
saffron,0.223
sahadutha,0.223
saint,0.223
salamis,0.223
salim,0.223
sallai,0.223
salmai,0.223
salmone,0.223
salted,0.223
saltpits,0.223
salu,0.223
salute,0.223
salve,0.223
samgar,0.223
samos,0.223
samothrace,0.223
sanctifying,0.223
sands,0.223
sannah,0.223
sansannah,0.223
sapphira,0.223
sardites,0.223
sardonyx,0.223
sarezer,0.223
sargon,0.223
sarsechim,0.223
satiate,0.223
satisfying,0.223
saturated,0.223
saturates,0.223
savage,0.223
saviors,0.223
savor,0.223
sawn,0.223
scabbard,0.223
scabs,0.223
scalp,0.223
scaly,0.223
scan,0.223
scarcity,0.223
scare,0.223
scarves,0.223
scepters,0.223
sceva,0.223
schemed,0.223
schism,0.223
school,0.223
scoffed,0.223
scoffing,0.223
scoundrel,0.223
scoured,0.223
scourgings,0.223
scraped,0.223
scraps,0.223
scratched,0.223
scruples,0.223
sculptured,0.223
scythian,0.223
seafaring,0.223
sealing,0.223
seams,0.223
searchings,0.223
secacah,0.223
sechu,0.223
seclusion,0.223
secundus,0.223
secured,0.223
secures,0.223
seedlings,0.223
seirah,0.223
seldom,0.223
selected,0.223
seled,0.223
seleucia,0.223
sellers,0.223
selvedge,0.223
semachiah,0.223
semei,0.223
seneh,0.223
sensed,0.223
sensibly,0.223
sensitivity,0.223
senuah,0.223
seorim,0.223
sephar,0.223
sepharvites,0.223
sepulcher,0.223
seraphim,0.223
sergius,0.223
servings,0.223
servitude,0.223
sethur,0.223
settling,0.223
sewn,0.223
sews,0.223
shaalabbin,0.223
shaalbonite,0.223
shaalim,0.223
shaashgaz,0.223
shaded,0.223
shadowed,0.223
shafts,0.223
shageh,0.223
shahar,0.223
shaharaim,0.223
shahazimah,0.223
shallecheth,0.223
shallun,0.223
shalmai,0.223
shalman,0.223
shama,0.223
shamariah,0.223
shambles,0.223
shamefaced,0.223
shamelessly,0.223
shamer,0.223
shames,0.223
shamgar,0.223
shamma,0.223
shamsherai,0.223
shaphir,0.223
sharai,0.223
sharaim,0.223
sharar,0.223
shard,0.223
shards,0.223
sharonite,0.223
sharpening,0.223
sharpness,0.223
sharuhen,0.223
shashai,0.223
shatter,0.223
shaulites,0.223
shavsha,0.223
shawl,0.223
shearer,0.223
shebah,0.223
shebam,0.223
shebarim,0.223
sheber,0.223
shebeth,0.223
shechemites,0.223
shedder,0.223
sheepbreeders,0.223
sheepskins,0.223
sheerah,0.223
sheets,0.223
shehariah,0.223
shelanites,0.223
sheleph,0.223
shelesh,0.223
shelomi,0.223
shelomoth,0.223
shemaah,0.223
shemeber,0.223
shemed,0.223
shen,0.223
shenazzar,0.223
shepham,0.223
shepherded,0.223
shepherdess,0.223
shephi,0.223
shepho,0.223
shephuphan,0.223
sheresh,0.223
sherezer,0.223
shibmah,0.223
shicron,0.223
shifts,0.223
shigionoth,0.223
shilhi,0.223
shillemites,0.223
shiloah,0.223
shiloni,0.223
shilonites,0.223
shilshah,0.223
shimeam,0.223
shimeath,0.223
shimeathites,0.223
shimeon,0.223
shimi,0.223
shimon,0.223
shimrath,0.223
shimrith,0.223
shimronites,0.223
shinab,0.223
shined,0.223
shion,0.223
shiphi,0.223
shiphmite,0.223
shiphrah,0.223
shiphtan,0.223
shipmaster,0.223
shipwreck,0.223
shipwrecked,0.223
shisha,0.223
shitrai,0.223
shoa,0.223
shobek,0.223
shobi,0.223
shocks,0.223
shod,0.223
shoham,0.223
shomer,0.223
shophan,0.223
shores,0.223
shortsighted,0.223
shovel,0.223
shrank,0.223
shriek,0.223
shrivels,0.223
shrub,0.223
shrubs,0.223
shuffles,0.223
shuhah,0.223
shuham,0.223
shuhamites,0.223
shulamite,0.223
shumathites,0.223
shun,0.223
shunites,0.223
shupham,0.223
shuphamites,0.223
shuthalhites,0.223
shuttle,0.223
sia,0.223
siaha,0.223
sibraim,0.223
sided,0.223
sifted,0.223
sifts,0.223
sighted,0.223
sights,0.223
signified,0.223
signify,0.223
signposts,0.223
sihor,0.223
sikkuth,0.223
silencing,0.223
silla,0.223
similitude,0.223
simmer,0.223
singed,0.223
singleness,0.223
singular,0.223
sinim,0.223
sinking,0.223
sinks,0.223
sion,0.223
siphmoth,0.223
sippai,0.223
sirah,0.223
sirs,0.223
sismai,0.223
sistrums,0.223
sitnah,0.223
sivan,0.223
skillfulness,0.223
skip,0.223
skipped,0.223
skipping,0.223
skirt,0.223
slabs,0.223
slacken,0.223
slackness,0.223
slanderously,0.223
slanders,0.223
slaps,0.223
slash,0.223
slavery,0.223
sledge,0.223
sleeper,0.223
sleepers,0.223
sleeve,0.223
sleeves,0.223
sliced,0.223
slidden,0.223
slide,0.223
slighted,0.223
slingers,0.223
sloops,0.223
slothful,0.223
sluggish,0.223
slumbered,0.223
slumbering,0.223
slung,0.223
smells,0.223
smelted,0.223
smelter,0.223
smite,0.223
smitten,0.223
smooths,0.223
snail,0.223
snakes,0.223
sneer,0.223
sneers,0.223
sneezed,0.223
sneezings,0.223
sniffed,0.223
sniffs,0.223
snout,0.223
soaked,0.223
socoh,0.223
soda,0.223
sodi,0.223
softer,0.223
sojourn,0.223
soldering,0.223
solicited,0.223
solitarily,0.223
solved,0.223
solving,0.223
somebody,0.223
somewhat,0.223
soot,0.223
soothed,0.223
soothing,0.223
sopater,0.223
sorek,0.223
sorrel,0.223
sorrowed,0.223
sorrowing,0.223
sorts,0.223
soundings,0.223
southwest,0.223
sovereignty,0.223
spanned,0.223
sparingly,0.223
spark,0.223
sparkled,0.223
sparkles,0.223
spattered,0.223
speaker,0.223
spearhead,0.223
spearmen,0.223
specifically,0.223
specify,0.223
spectacular,0.223
speedy,0.223
spells,0.223
spice,0.223
spiced,0.223
spiritist,0.223
spits,0.223
spitting,0.223
splendid,0.223
splint,0.223
splintered,0.223
splinters,0.223
splits,0.223
spokes,0.223
spout,0.223
sprigs,0.223
sprinkles,0.223
spur,0.223
spying,0.223
squads,0.223
squanders,0.223
squares,0.223
squeezed,0.223
stable,0.223
stachys,0.223
stacked,0.223
stacte,0.223
staggered,0.223
staggers,0.223
stairway,0.223
stalks,0.223
stallions,0.223
stammerers,0.223
stamped,0.223
stamping,0.223
standstill,0.223
stargazers,0.223
starting,0.223
starved,0.223
starving,0.223
stately,0.223
staves,0.223
stead,0.223
steady,0.223
stealing,0.223
stealth,0.223
stem,0.223
sternness,0.223
stoops,0.223
storerooms,0.223
stout,0.223
stoutest,0.223
stove,0.223
stragglers,0.223
straightforward,0.223
strain,0.223
straining,0.223
strata,0.223
streaming,0.223
strenuously,0.223
stricter,0.223
strictest,0.223
stripe,0.223
stubbornly,0.223
student,0.223
studs,0.223
stuff,0.223
stupor,0.223
sturdy,0.223
style,0.223
suah,0.223
subside,0.223
succeeding,0.223
succeeds,0.223
succulent,0.223
suchathites,0.223
suckling,0.223
sue,0.223
sukkiim,0.223
sulfur,0.223
summed,0.223
summoning,0.223
sumptuous,0.223
sumptuously,0.223
sunshine,0.223
supervise,0.223
supervised,0.223
suph,0.223
suphah,0.223
supplant,0.223
supplanted,0.223
supplying,0.223
supporting,0.223
suppress,0.223
sur,0.223
surpass,0.223
surpasses,0.223
surpassing,0.223
susah,0.223
susanna,0.223
susi,0.223
susim,0.223
sustains,0.223
swamps,0.223
swarm,0.223
sweep,0.223
sweeps,0.223
sweetly,0.223
swimmer,0.223
swing,0.223
swings,0.223
swirl,0.223
swirls,0.223
swollen,0.223
swoon,0.223
swoop,0.223
swooping,0.223
sychar,0.223
symbol,0.223
symbolic,0.223
sympathize,0.223
sympathy,0.223
syracuse,0.223
syro,0.223
syrtis,0.223
taanath,0.223
tabbath,0.223
tabitha,0.223
tackle,0.223
tahanites,0.223
tahrea,0.223
tahtim,0.223
talitha,0.223
tamed,0.223
tammuz,0.223
tanach,0.223
tangled,0.223
taphath,0.223
taralah,0.223
tarea,0.223
tarpelites,0.223
tarshishah,0.223
tartak,0.223
tassel,0.223
tastes,0.223
tattoo,0.223
taunt,0.223
taunts,0.223
taxed,0.223
tebaliah,0.223
tedious,0.223
teeming,0.223
tehaphnehes,0.223
telah,0.223
telaim,0.223
temanites,0.223
temeni,0.223
tenor,0.223
tentmakers,0.223
teraphim,0.223
terebinths,0.223
termed,0.223
terrestrial,0.223
terrifying,0.223
tertius,0.223
thankfulness,0.223
thanking,0.223
tharshish,0.223
theme,0.223
thinner,0.223
thirsted,0.223
thirtieth,0.223
thongs,0.223
thornbushes,0.223
thoughtlessly,0.223
threads,0.223
threefold,0.223
threshes,0.223
thresholds,0.223
thronging,0.223
thunderous,0.223
tiberius,0.223
tibhath,0.223
tibni,0.223
tiers,0.223
tigris,0.223
tiling,0.223
tiller,0.223
tilon,0.223
timaeus,0.223
timbers,0.223
timnite,0.223
timon,0.223
tinder,0.223
tirathites,0.223
tirhanah,0.223
tiria,0.223
tithing,0.223
tizite,0.223
toah,0.223
tobadonijah,0.223
tohu,0.223
toi,0.223
token,0.223
tokhath,0.223
tolad,0.223
tolaites,0.223
tongued,0.223
tophel,0.223
topheth,0.223
torrents,0.223
torso,0.223
torturers,0.223
toss,0.223
tossing,0.223
totaled,0.223
tottering,0.223
towered,0.223
trace,0.223
trachonitis,0.223
tracked,0.223
tract,0.223
trader,0.223
trains,0.223
traitors,0.223
tramp,0.223
trampling,0.223
transfer,0.223
transferred,0.223
transforming,0.223
transforms,0.223
transparent,0.223
travelers,0.223
traverse,0.223
traversing,0.223
treader,0.223
treasuring,0.223
treats,0.223
tresses,0.223
trickling,0.223
trim,0.223
triumphing,0.223
triumphs,0.223
trogyllium,0.223
troublemaking,0.223
trudging,0.223
tryphena,0.223
tryphosa,0.223
turncoat,0.223
tusks,0.223
twigs,0.223
twists,0.223
tyrannus,0.223
ucal,0.223
uel,0.223
ugliness,0.223
ulcer,0.223
ulla,0.223
ummah,0.223
unafraid,0.223
unapproachable,0.223
uncleannesses,0.223
unclothed,0.223
uncondemned,0.223
uncovering,0.223
undergird,0.223
underground,0.223
undermine,0.223
undersides,0.223
undertake,0.223
undesirable,0.223
undignified,0.223
undiscerning,0.223
undo,0.223
unduly,0.223
uneducated,0.223
unequally,0.223
unfanned,0.223
unformed,0.223
unheard,0.223
unintended,0.223
unintentional,0.223
unique,0.223
unit,0.223
unlifted,0.223
unlike,0.223
unload,0.223
unloaded,0.223
unmerciful,0.223
unmindful,0.223
unnoticed,0.223
unprepared,0.223
unpresentable,0.223
unprofitableness,0.223
unquenchable,0.223
unrecognized,0.223
unreliable,0.223
unrighteously,0.223
unruly,0.223
unsavory,0.223
unsettling,0.223
unshod,0.223
unskilled,0.223
unspotted,0.223
unstopped,0.223
untaught,0.223
untrue,0.223
untrustworthy,0.223
unturned,0.223
unwittingly,0.223
upharsin,0.223
upholding,0.223
uplifted,0.223
upraised,0.223
uproots,0.223
upstairs,0.223
urbanus,0.223
urgency,0.223
usually,0.223
uttering,0.223
uzai,0.223
uzzen,0.223
uzzia,0.223
uzzielites,0.223
vagabonds,0.223
vajezatha,0.223
valuable,0.223
values,0.223
vaniah,0.223
variation,0.223
varieties,0.223
vat,0.223
vengefully,0.223
vent,0.223
vents,0.223
verdure,0.223
verified,0.223
verity,0.223
vestibules,0.223
vestments,0.223
vice,0.223
victories,0.223
vigil,0.223
vigorous,0.223
vileness,0.223
vindicates,0.223
vinedresser,0.223
violates,0.223
visage,0.223
visitors,0.223
vitality,0.223
volume,0.223
voluntarily,0.223
volunteer,0.223
volunteers,0.223
vomits,0.223
vophsi,0.223
vote,0.223
vowing,0.223
waheb,0.223
waifs,0.223
walkways,0.223
walled,0.223
wallowing,0.223
wanderers,0.223
wanderings,0.223
warming,0.223
warms,0.223
warred,0.223
wary,0.223
washings,0.223
watercourses,0.223
waterfalls,0.223
waterless,0.223
waterpot,0.223
wavered,0.223
wavering,0.223
waving,0.223
wavy,0.223
wayfaring,0.223
weaknesses,0.223
wears,0.223
webs,0.223
wedge,0.223
weeps,0.223
weightier,0.223
wellsprings,0.223
wend,0.223
whelps,0.223
whet,0.223
whirls,0.223
whisperer,0.223
whisperers,0.223
whiten,0.223
whitewash,0.223
wholehearted,0.223
wider,0.223
wield,0.223
wielded,0.223
wielding,0.223
wiles,0.223
willingness,0.223
willow,0.223
wilts,0.223
windy,0.223
winebibbers,0.223
wines,0.223
wineskin,0.223
winnowed,0.223
winnowers,0.223
wins,0.223
wintered,0.223
wisest,0.223
wits,0.223
wizards,0.223
woes,0.223
wonderfully,0.223
wondering,0.223
woodcutters,0.223
wooded,0.223
woodland,0.223
woodsman,0.223
woolen,0.223
workings,0.223
worshiper,0.223
wounding,0.223
wranglings,0.223
wreath,0.223
wrestle,0.223
wrestlings,0.223
wretched,0.223
wretchedness,0.223
wringing,0.223
wrinkle,0.223
writhe,0.223
writhes,0.223
writings,0.223
wrongs,0.223
wrung,0.223
yearning,0.223
yonder,0.223
zaanaim,0.223
zaanan,0.223
zaanannim,0.223
zabbud,0.223
zabud,0.223
zaccai,0.223
zacchur,0.223
zaham,0.223
zair,0.223
zalaph,0.223
zalmonah,0.223
zamzummim,0.223
zaphnath,0.223
zaphon,0.223
zaza,0.223
zebina,0.223
zebudah,0.223
zebulunites,0.223
zecher,0.223
zelzah,0.223
zemirah,0.223
zenan,0.223
zenas,0.223
zephath,0.223
zephathah,0.223
zephonites,0.223
zer,0.223
zereda,0.223
zeredah,0.223
zererah,0.223
zeri,0.223
zeror,0.223
zeruah,0.223
zetham,0.223
zethan,0.223
zethar,0.223
zia,0.223
zibia,0.223
ziddim,0.223
zina,0.223
zior,0.223
ziphah,0.223
ziphion,0.223
ziphron,0.223
zithri,0.223
ziz,0.223
zizah,0.223
zoheleth,0.223
zoheth,0.223
zophai,0.223
zorites,0.223
zuriel,0.223
zuzim,0.223
brightness,0.223
chiefs,0.223
feeble,0.223
minds,0.223
officials,0.223
rage,0.223
adultery,0.214
dark,0.213
sworn,0.213
threw,0.213
small,0.203
changes,0.202
crucify,0.202
fetters,0.202
lofty,0.202
preacher,0.202
stream,0.202
usury,0.202
raise,0.199
formed,0.198
flood,0.192
dream,0.190
carrying,0.189
forced,0.189
grows,0.189
plot,0.189
listened,0.188
offense,0.186
theirs,0.186
abstain,0.178
ages,0.178
blindness,0.178
blossom,0.178
blowing,0.178
convinced,0.178
damage,0.178
discouraged,0.178
divorces,0.178
effective,0.178
flows,0.178
foolishly,0.178
hailstones,0.178
honors,0.178
inhabit,0.178
israelite,0.178
joyfully,0.178
languages,0.178
longing,0.178
luxury,0.178
mantle,0.178
member,0.178
missing,0.178
mules,0.178
narrow,0.178
pegs,0.178
playing,0.178
prolonged,0.178
purchased,0.178
pursues,0.178
repented,0.178
sacrificing,0.178
seated,0.178
shameful,0.178
shore,0.178
slept,0.178
smell,0.178
snared,0.178
solid,0.178
strip,0.178
uprightly,0.178
uzza,0.178
wandered,0.178
win,0.178
worry,0.178
judge,0.176
acts,0.163
jonah,0.149
appears,0.148
begun,0.148
boldly,0.148
considers,0.148
course,0.148
dying,0.148
groaning,0.148
noon,0.148
point,0.148
prolong,0.148
skins,0.148
splendor,0.148
value,0.148
wither,0.148
korah,0.144
ascend,0.143
captured,0.143
especially,0.143
lovely,0.143
mean,0.143
tablets,0.143
faithful,0.141
forget,0.132
remember,0.122
admonition,0.122
affirm,0.122
agreements,0.122
ain,0.122
anchors,0.122
appease,0.122
arab,0.122
areas,0.122
ascertain,0.122
bags,0.122
bees,0.122
bounds,0.122
burdened,0.122
calm,0.122
class,0.122
composition,0.122
cost,0.122
covenants,0.122
cruelty,0.122
daybreak,0.122
deception,0.122
denying,0.122
deposit,0.122
designs,0.122
devising,0.122
disdained,0.122
distinguished,0.122
divinely,0.122
dressed,0.122
dropped,0.122
eggs,0.122
eternity,0.122
ewes,0.122
excluded,0.122
expense,0.122
failing,0.122
farewell,0.122
footed,0.122
growth,0.122
guarantee,0.122
invisible,0.122
kneeling,0.122
laborer,0.122
lady,0.122
lends,0.122
level,0.122
lied,0.122
lighter,0.122
loathsome,0.122
majority,0.122
material,0.122
multiplying,0.122
occupied,0.122
overtaken,0.122
owners,0.122
picked,0.122
proven,0.122
quarters,0.122
rains,0.122
raising,0.122
ransomed,0.122
reduce,0.122
scent,0.122
shoots,0.122
shouts,0.122
smallest,0.122
snatch,0.122
sounds,0.122
spider,0.122
stalk,0.122
sudden,0.122
suggest,0.122
twisted,0.122
uninhabited,0.122
uppermost,0.122
vanishes,0.122
victim,0.122
view,0.122
watcher,0.122
burning,0.121
drive,0.121
courage,0.106
males,0.104
strengthened,0.104
tongues,0.104
completed,0.099
spot,0.099
strikes,0.099
water,0.095
utter,0.095
afflictions,0.095
clusters,0.095
correct,0.095
detestable,0.095
err,0.095
flaming,0.095
foreheads,0.095
fortresses,0.095
fountains,0.095
groves,0.095
imposed,0.095
intoxicating,0.095
journeys,0.095
late,0.095
lights,0.095
marched,0.095
rebels,0.095
reverence,0.095
roasted,0.095
seasons,0.095
throat,0.095
wipe,0.095
wrongfully,0.095
effect,0.094
mightier,0.094
talking,0.094
age,0.091
husbands,0.086
defeated,0.081
divided,0.078
names,0.078
adversity,0.078
deserving,0.078
heir,0.078
kindle,0.078
olives,0.078
pomegranates,0.078
prophecy,0.078
revive,0.078
straw,0.078
voices,0.078
desire,0.076
ar,0.074
attentive,0.074
blasphemies,0.074
boils,0.074
bolts,0.074
charges,0.074
contentious,0.074
couple,0.074
creep,0.074
deceives,0.074
deserts,0.074
designated,0.074
dreadful,0.074
erred,0.074
expert,0.074
fashioned,0.074
fleeing,0.074
greedy,0.074
horror,0.074
laughed,0.074
laughter,0.074
lepers,0.074
naturally,0.074
occasion,0.074
perfectly,0.074
race,0.074
raven,0.074
renown,0.074
revile,0.074
rob,0.074
rubies,0.074
select,0.074
size,0.074
sorcery,0.074
surrender,0.074
tablet,0.074
tied,0.074
trials,0.074
unknown,0.074
uses,0.074
wet,0.074
absent,0.072
discern,0.072
flourish,0.072
jealous,0.072
plenty,0.072
riding,0.072
utterance,0.072
watching,0.072
apart,0.072
beautiful,0.072
ishmael,0.062
continued,0.062
breasts,0.061
waves,0.061
midian,0.052
joseph,0.051
legs,0.051
paid,0.051
secret,0.050
truly,0.050
play,0.041
stoned,0.041
attend,0.040
rules,0.040
things,0.035
devil,0.034
pleased,0.033
asks,0.031
dog,0.031
guards,0.031
lightning,0.031
cold,0.030
destroying,0.030
herbs,0.030
necessary,0.030
observed,0.030
surface,0.030
white,0.026
forgotten,0.023
sinners,0.023
dust,0.023
accompanied,0.020
beds,0.020
handle,0.020
health,0.020
notice,0.020
nurse,0.020
reveals,0.020
spreads,0.020
treated,0.020
beware,0.020
remembrance,0.020
talk,0.020
accomplish,0.020
agree,0.020
concern,0.020
dull,0.020
enmity,0.020
feeds,0.020
highly,0.020
instruct,0.020
intend,0.020
memory,0.020
praising,0.020
refuses,0.020
showers,0.020
sincerity,0.020
sowed,0.020
spreading,0.020
stretches,0.020
swelling,0.020
tall,0.020
torches,0.020
stars,0.019
remain,0.018
chose,0.017
hunger,0.016
appear,0.016
strengthen,0.016
bright,0.012
pledge,0.012
rocks,0.012
calls,0.011
actually,0.010
arrive,0.010
attacks,0.010
authorities,0.010
befallen,0.010
bestow,0.010
boats,0.010
bowing,0.010
center,0.010
commanding,0.010
confessing,0.010
degrees,0.010
doubtless,0.010
easier,0.010
endured,0.010
ewe,0.010
farmers,0.010
fulfillment,0.010
generosity,0.010
hole,0.010
inferior,0.010
invaded,0.010
learning,0.010
lineage,0.010
lodging,0.010
meant,0.010
measures,0.010
owe,0.010
purge,0.010
purifying,0.010
purity,0.010
push,0.010
reasoning,0.010
reputation,0.010
reverent,0.010
ridiculed,0.010
romans,0.010
steadfastly,0.010
stored,0.010
supposing,0.010
tooth,0.010
trained,0.010
virginity,0.010
warriors,0.010
weights,0.010
acquitted,0.010
affection,0.010
alter,0.010
announce,0.010
anxious,0.010
babies,0.010
beating,0.010
begets,0.010
blossoms,0.010
boasts,0.010
collection,0.010
compel,0.010
concerns,0.010
continuing,0.010
cutting,0.010
debtor,0.010
dedicate,0.010
delicate,0.010
denies,0.010
dissension,0.010
distinguish,0.010
enriched,0.010
eve,0.010
events,0.010
fasten,0.010
forms,0.010
grind,0.010
headed,0.010
heals,0.010
joyous,0.010
lentils,0.010
lice,0.010
lifetime,0.010
lit,0.010
livelihood,0.010
loads,0.010
main,0.010
manifold,0.010
mix,0.010
needed,0.010
numbers,0.010
ornament,0.010
parted,0.010
powder,0.010
prays,0.010
preaches,0.010
pushed,0.010
raid,0.010
reads,0.010
reaped,0.010
reviled,0.010
rushing,0.010
saving,0.010
shaking,0.010
slaying,0.010
sounding,0.010
spares,0.010
spoils,0.010
stays,0.010
storage,0.010
strayed,0.010
tamarisk,0.010
underneath,0.010
unity,0.010
vehemently,0.010
veils,0.010
victims,0.010
visiting,0.010
web,0.010
yarn,0.010
make,0.009
burdens,0.009
crushed,0.009
fasting,0.009
subdued,0.009
scripture,0.009
committed,0.008
kindness,0.008
weak,0.008
seeking,0.007
months,0.006
raised,0.005
remained,0.005
calling,0.005
happen,0.005
ago,0.004
band,0.004
disobedient,0.004
fingers,0.004
ruined,0.004
storm,0.004
carry,0.004
seeks,0.003
begin,0.003
completely,0.003
bank,0.003
earthquake,0.003
extended,0.003
killing,0.003
measuring,0.003
permit,0.003
satisfy,0.003
shouted,0.003
state,0.003
armies,0.002
watch,0.002
chooses,0.001
deceitful,0.001
seas,0.001
confidence,0.001
fulfill,0.001
making,0.001
straight,0.001
refused,0.000
taste,0.000
attended,0.000
behaved,0.000
bond,0.000
curtain,0.000
disperse,0.000
evident,0.000
floods,0.000
gladly,0.000
greeted,0.000
holding,0.000
hurry,0.000
individually,0.000
misery,0.000
pitch,0.000
skill,0.000
slumber,0.000
sole,0.000
thinks,0.000
wonder,0.000
