token,score
jesus,2908.464
christ,1690.347
lord,851.288
disciples,706.821
things,625.990
nt,539.668
paul,507.351
peter,507.351
israel,458.499
shall,457.777
john,373.197
people,363.424
spirit,347.865
having,346.355
king,344.168
land,309.864
gospel,287.402
grace,284.784
world,272.854
ot,264.096
pharisees,256.654
church,242.364
immediately,234.142
assuredly,230.745
jews,229.072
simon,224.506
faith,217.933
apostles,195.945
sons,181.748
galilee,177.638
judah,169.210
pilate,167.400
hour,158.951
teacher,156.758
judea,151.270
preached,151.170
heaven,149.566
scribes,143.527
body,143.400
brethren,142.756
baptized,142.435
love,139.181
multitudes,138.980
synagogue,138.870
gentiles,137.397
answered,125.903
james,124.610
herod,121.046
dead,116.458
david,114.996
boat,111.783
philip,110.355
worthy,107.421
teaching,104.771
muhammad,104.751
fellow,103.942
crucified,103.488
demon,103.228
ought,102.750
moses,102.370
churches,101.421
marveled,101.421
demons,101.270
received,99.189
egypt,98.606
crowd,97.865
barnabas,96.103
nazareth,96.103
kingdom,94.923
saints,94.482
children,93.169
eternal,91.992
offering,91.748
sat,90.590
house,90.199
saw,89.536
angel,89.292
works,89.211
judas,88.978
certainly,88.450
doctrine,88.196
beloved,87.444
believers,84.485
says,82.436
likewise,81.967
conscience,81.854
believed,79.573
said,78.355
disciple,78.293
written,77.741
amen,76.621
day,76.428
aaron,75.735
greet,75.427
bring,75.338
caesar,74.732
pharaoh,74.470
heard,74.118
circumcision,72.989
council,72.989
devil,72.267
spirits,72.158
certain,71.900
mystery,71.171
timothy,71.171
spiritual,68.151
cause,67.692
lusts,67.610
surely,66.923
hosts,66.895
began,66.730
justified,66.054
mind,65.999
heavens,65.995
baptism,65.891
synagogues,65.891
coming,65.649
believes,65.610
scripture,65.610
named,65.045
torment,64.625
apostle,64.049
asia,64.049
centurion,64.049
members,63.722
begged,62.344
hand,61.606
return,60.502
macedonia,60.489
ministry,59.278
tribulation,58.799
flesh,58.791
burnt,57.085
caesarea,56.929
healed,56.686
saying,56.533
entered,56.045
loud,54.933
cities,54.794
make,54.565
army,54.348
messenger,53.834
philistines,53.764
antioch,53.369
capernaum,53.369
sexual,53.369
scriptures,53.326
ship,52.557
glory,52.293
glorified,52.024
law,51.978
greeks,51.715
believe,51.519
quran,50.918
ones,50.914
anger,49.873
mary,49.868
ephesus,49.810
godliness,49.810
greek,49.810
levites,49.510
abides,49.441
fulfilled,49.363
joshua,48.657
guidance,48.642
help,48.629
multitude,48.611
messengers,48.460
solomon,48.428
amazed,48.177
called,47.885
earth,47.514
like,46.536
gold,46.532
baptist,46.250
boasting,46.250
rabbi,46.250
sadducees,46.250
daughters,46.137
year,45.678
jacob,45.479
authority,44.795
gift,44.787
collectors,44.642
fellowship,44.642
gods,44.164
parable,44.007
babylon,43.825
ark,43.663
immorality,43.628
father,43.562
beginning,43.072
elect,43.022
sailed,43.022
book,42.757
nations,42.719
dragon,42.691
festus,42.691
lazarus,42.691
magdalene,42.691
martha,42.691
partakers,42.691
contrary,42.671
revelations,42.491
saul,42.377
tomb,42.331
resurrection,42.301
sword,42.198
servants,41.673
wicked,41.557
iniquity,41.384
receive,41.196
unbelievers,40.804
princes,40.686
boast,40.507
heavenly,40.054
offerings,40.004
working,39.710
region,39.705
obtained,39.462
need,39.376
opened,39.217
achaia,39.132
agrippa,39.132
andrew,39.132
hades,39.132
rooster,39.132
supper,39.132
titus,39.132
families,39.002
altar,38.952
mountains,38.592
battle,38.006
inhabitants,37.832
manifested,37.583
nature,37.583
powers,37.583
fathers,37.139
write,37.120
chief,36.775
moab,36.713
putting,36.693
teachers,36.693
silver,36.616
month,36.354
risen,36.326
ephraim,36.168
place,36.158
turn,36.141
persuaded,36.092
deeds,36.009
angels,35.776
tabernacle,35.614
apollos,35.574
cornelius,35.574
edification,35.574
epistle,35.574
iscariot,35.574
lake,35.574
loses,35.574
pharisee,35.574
reasoned,35.574
silas,35.574
thomas,35.574
unbelief,35.574
grain,35.506
fell,35.255
tongues,34.971
followed,34.957
meeting,34.728
standing,34.556
statutes,34.445
created,34.418
enemies,34.382
soldiers,34.231
faithful,34.116
betrayed,34.062
exhort,34.062
wedding,34.062
jew,33.960
receives,33.960
soul,33.753
war,33.593
savior,33.514
asked,33.329
set,33.082
valley,33.052
prisoner,32.863
joab,32.744
covenant,32.681
willing,32.269
dwell,32.166
witnesses,32.146
sabbath,32.017
ananias,32.015
barabbas,32.015
caiaphas,32.015
desiring,32.015
island,32.015
lawless,32.015
resist,32.015
zebedee,32.015
camp,31.924
bronze,31.920
gilead,31.611
young,31.561
lies,31.362
benjamin,31.318
testimony,31.285
disbelievers,31.044
path,31.044
crying,30.975
manasseh,30.901
does,30.789
marvel,30.547
tormented,30.547
translated,30.547
sanctuary,30.520
sick,30.267
assyria,30.195
cut,30.118
evidence,29.959
fragrant,29.815
seeking,29.713
asleep,29.705
sake,29.704
unjust,29.668
loved,29.655
forever,29.653
longsuffering,29.523
abound,29.516
betray,29.516
pass,29.278
brought,28.929
cubits,28.928
preach,28.869
tribe,28.841
descendants,28.531
north,28.526
bondservants,28.457
elizabeth,28.457
impossible,28.457
lawlessness,28.457
overcomes,28.457
rome,28.457
tares,28.457
village,28.457
sinners,28.230
heart,27.929
longer,27.754
die,27.600
greater,27.600
blind,27.555
power,27.543
reigned,27.525
waters,27.274
far,27.252
raised,27.066
boldness,27.042
devout,27.042
sir,27.042
especially,26.975
liberty,26.975
jeremiah,26.879
hide,26.830
thousand,26.782
gate,26.754
know,26.668
morning,26.598
edom,26.515
terrible,26.515
merciful,26.431
minded,26.406
shortly,26.406
sufferings,26.406
field,26.324
boldly,26.214
urge,26.214
calling,26.193
fear,26.193
favor,26.158
daughter,26.156
congregation,26.114
years,25.870
strength,25.845
river,25.798
prison,25.775
judged,25.771
hell,25.725
thirty,25.628
jonathan,25.383
departed,25.343
hezekiah,25.271
conduct,25.156
girl,25.156
bethany,24.899
bondservant,24.899
bottomless,24.899
cilicia,24.899
exhortation,24.899
felix,24.899
gnashing,24.899
infirmities,24.899
persecuting,24.899
perseverance,24.899
remission,24.899
soldier,24.899
stephen,24.899
surname,24.899
speaking,24.881
eyes,24.835
favors,24.818
temple,24.766
caused,24.709
justice,24.699
came,24.640
turned,24.574
decree,24.571
preaching,24.569
beth,24.535
jeroboam,24.535
accord,24.531
majestic,23.969
destroyed,23.934
loaves,23.809
samuel,23.809
idols,23.782
chains,23.653
greetings,23.549
zacharias,23.549
concerning,23.503
disobedient,23.491
parables,23.491
persecuted,23.491
star,23.491
tempted,23.491
little,23.375
peoples,23.314
zion,23.314
built,23.144
taught,23.134
lust,23.131
necessary,23.131
possible,23.131
evident,23.024
natural,23.024
east,22.961
absent,22.944
colt,22.944
crucify,22.944
bull,22.838
beware,22.788
care,22.788
just,22.518
kings,22.477
punishment,22.436
saved,22.328
flocks,22.273
nebuchadnezzar,22.273
houses,22.099
come,21.902
reason,21.754
baal,21.750
absalom,21.707
fat,21.707
accuse,21.653
known,21.603
dwelt,21.549
border,21.468
ammon,21.425
sitting,21.375
male,21.373
chariots,21.343
signs,21.342
aquila,21.341
baptize,21.341
baptizing,21.341
barracks,21.341
beelzebub,21.341
bethsaida,21.341
cephas,21.341
collector,21.341
commend,21.341
denarii,21.341
denarius,21.341
nathanael,21.341
paralytic,21.341
philippi,21.341
praetorium,21.341
reconciled,21.341
seats,21.341
sect,21.341
sober,21.341
thessalonica,21.341
uncircumcision,21.341
unfruitful,21.341
belongs,21.305
condemnation,21.148
ahab,21.142
passing,21.130
forgiving,21.063
righteously,20.905
holy,20.899
family,20.874
news,20.874
generations,20.785
strong,20.665
pious,20.577
shekels,20.577
court,20.473
vinedressers,20.469
inheritance,20.422
thank,20.354
desolate,20.331
human,20.331
judgments,20.331
wants,20.331
atonement,20.295
deliver,20.285
joy,20.205
means,20.182
struck,20.079
ages,20.072
approved,20.072
tribulations,20.072
worry,20.072
fight,20.058
unrighteousness,20.018
laid,20.015
man,19.861
dwelling,19.805
prophets,19.763
alms,19.723
consolation,19.723
advantage,19.679
agree,19.679
bold,19.679
eagerly,19.679
melchizedek,19.679
trespasses,19.679
week,19.679
death,19.630
suffered,19.596
burn,19.582
seeing,19.542
testified,19.408
dust,19.397
lot,19.129
wall,19.013
witness,18.990
face,18.984
praise,18.982
punish,18.933
replied,18.933
wealth,18.933
disbelief,18.882
freely,18.847
overcome,18.847
prophecy,18.847
equal,18.811
lips,18.706
rebuked,18.704
refuge,18.651
pagans,18.600
upright,18.600
got,18.562
oh,18.547
break,18.526
wood,18.436
jordan,18.431
astonished,18.398
gardens,18.317
seed,18.282
best,18.228
listen,18.228
gifts,18.174
water,18.156
sayings,18.153
swine,18.153
acts,18.089
consumed,18.089
egyptians,18.089
gad,18.089
half,18.063
falsehood,18.035
property,18.035
sweet,17.983
astray,17.897
wives,17.859
chaldeans,17.807
adoption,17.784
alexander,17.784
alphaeus,17.784
aristarchus,17.784
cheer,17.784
corinth,17.784
corruptible,17.784
crows,17.784
deacons,17.784
debtors,17.784
diana,17.784
disqualified,17.784
doctrines,17.784
earnest,17.784
election,17.784
gaius,17.784
galatia,17.784
hardness,17.784
herodias,17.784
incorruptible,17.784
infirmity,17.784
intently,17.784
joses,17.784
laodicea,17.784
lawyers,17.784
lystra,17.784
matthew,17.784
necessity,17.784
pamphylia,17.784
paralyzed,17.784
principalities,17.784
priscilla,17.784
roman,17.784
sanctification,17.784
spat,17.784
suffers,17.784
tetrarch,17.784
tolerable,17.784
troas,17.784
tychicus,17.784
plain,17.752
envy,17.730
release,17.730
cattle,17.710
god,17.652
accusation,17.519
accused,17.519
disobedience,17.519
opportunity,17.519
hebron,17.470
jinn,17.470
rams,17.470
selah,17.470
guide,17.230
incense,17.214
amorites,17.188
dan,17.188
defeated,17.188
pillars,17.152
bow,17.091
faces,17.091
fact,17.091
trees,16.987
idle,16.973
joppa,16.973
temptation,16.973
testing,16.973
jehoshaphat,16.964
recompense,16.964
donkeys,16.905
injustice,16.905
leaders,16.880
livestock,16.682
sustenance,16.682
eleazar,16.623
territory,16.623
exceeding,16.619
fervent,16.619
greets,16.619
maimed,16.619
object,16.619
samaritans,16.619
wanting,16.619
ways,16.614
tent,16.605
wilderness,16.582
finally,16.563
gladly,16.563
persecution,16.563
weakness,16.563
sing,16.415
guardian,16.401
cares,16.380
compelled,16.380
diligence,16.380
fragments,16.380
gentleness,16.380
preparation,16.380
stripes,16.380
camped,16.341
existence,16.341
parents,16.335
canaan,16.330
remnant,16.317
cried,16.220
south,16.209
touched,16.179
masters,16.125
plagues,16.125
offense,16.061
deal,16.059
zedekiah,16.059
utterly,16.055
weak,16.010
perfect,15.981
son,15.973
ready,15.924
commanded,15.843
told,15.843
worldly,15.839
esau,15.781
bethel,15.776
streams,15.776
trust,15.643
painful,15.558
abimelech,15.494
fury,15.494
lived,15.489
looking,15.417
fault,15.367
fornication,15.367
godly,15.367
loosed,15.367
openly,15.367
sorrowful,15.367
possess,15.332
instead,15.232
beneficent,15.212
grave,15.212
lebanon,15.212
skin,15.212
minds,15.195
captivity,15.062
reuben,14.997
walls,14.997
garden,14.958
paradise,14.958
carved,14.930
leader,14.930
sacred,14.930
oil,14.923
established,14.877
old,14.858
appeared,14.835
mighty,14.787
good,14.776
burned,14.691
covetousness,14.655
leading,14.655
captive,14.650
lawful,14.593
enemy,14.431
captains,14.411
ram,14.411
wickedness,14.384
covered,14.374
lambs,14.372
ishmael,14.365
circumcised,14.352
tax,14.318
lift,14.254
offer,14.247
aground,14.227
alpha,14.227
annas,14.227
appearing,14.227
arrested,14.227
athens,14.227
babe,14.227
bartholomew,14.227
betrayer,14.227
brotherly,14.227
changers,14.227
choked,14.227
citizen,14.227
clubs,14.227
conformed,14.227
covetous,14.227
crete,14.227
crowed,14.227
disorderly,14.227
doubting,14.227
elements,14.227
fables,14.227
forbidding,14.227
galileans,14.227
guest,14.227
hearers,14.227
hosanna,14.227
imitate,14.227
immortality,14.227
incorruption,14.227
loosing,14.227
meekness,14.227
mysteries,14.227
omega,14.227
pertain,14.227
pontius,14.227
principles,14.227
proconsul,14.227
propitiation,14.227
resisted,14.227
sailing,14.227
samaritan,14.227
sexually,14.227
silvanus,14.227
spitefully,14.227
stewardship,14.227
strengthening,14.227
tarsus,14.227
thyatira,14.227
unworthy,14.227
joseph,14.195
fine,14.182
hills,14.155
tents,14.155
abner,14.083
jehu,14.083
pleasant,14.083
syrians,14.083
word,14.045
destroy,14.033
baskets,14.013
female,13.986
mercy,13.985
assembly,13.879
bless,13.879
meet,13.879
benefit,13.874
bashan,13.801
haman,13.801
seal,13.794
cover,13.717
famine,13.717
reported,13.656
numbered,13.631
wait,13.628
noah,13.595
waste,13.594
daniel,13.541
jehoiada,13.519
mordecai,13.519
reed,13.502
cornerstone,13.483
customs,13.483
descending,13.483
finding,13.483
laborers,13.483
marries,13.483
possession,13.449
daily,13.339
heal,13.317
entrance,13.314
length,13.314
wise,13.222
assurance,13.200
authorities,13.200
boats,13.200
cloths,13.200
dared,13.200
depth,13.200
dish,13.200
endured,13.200
exhorting,13.200
farther,13.200
hundredfold,13.200
marketplaces,13.200
mediator,13.200
owe,13.200
partake,13.200
physician,13.200
pleading,13.200
pretense,13.200
robber,13.200
romans,13.200
steadfastly,13.200
supposing,13.200
wiped,13.200
bears,13.190
begotten,13.190
husbands,13.190
counsel,13.182
cloak,13.147
convinced,13.147
divorces,13.147
effective,13.147
marketplace,13.147
member,13.147
sower,13.147
unprofitable,13.147
understanding,13.096
act,13.033
abram,12.955
calamity,12.955
camels,12.955
canaanites,12.955
group,12.955
satisfied,12.955
shield,12.955
evil,12.823
fought,12.777
ancient,12.753
flour,12.753
abominations,12.712
gates,12.701
bridegroom,12.685
casting,12.685
jewish,12.685
fortified,12.673
laban,12.673
plans,12.673
plant,12.673
rebellious,12.673
spoil,12.673
possessed,12.662
repent,12.604
seventy,12.581
walking,12.529
width,12.473
severe,12.436
midst,12.416
lest,12.407
articles,12.391
chambers,12.391
hope,12.390
promise,12.340
corruption,12.275
perceive,12.275
sinner,12.275
commandment,12.262
ran,12.244
bowed,12.234
dry,12.234
reward,12.215
beauty,12.193
images,12.193
job,12.193
plunder,12.193
worship,12.178
drive,12.160
lands,12.116
happiness,12.109
needy,12.109
universe,12.109
bound,12.068
goats,12.049
sacrifice,12.038
unless,11.977
elisha,11.913
placed,11.913
fever,11.899
perdition,11.899
broken,11.893
horses,11.886
try,11.885
asks,11.875
cedar,11.827
gibeah,11.827
pursued,11.827
age,11.751
pride,11.693
west,11.693
cherubim,11.633
edge,11.633
consume,11.610
pour,11.610
turns,11.610
forgiven,11.553
arrows,11.545
azariah,11.545
confidence,11.534
fast,11.500
rain,11.394
blasphemed,11.361
withered,11.361
going,11.360
altars,11.354
rivers,11.335
present,11.325
rachel,11.263
sides,11.263
judge,11.259
rock,11.245
babes,11.163
confession,11.163
taxes,11.163
thinks,11.163
striving,11.154
worshiped,11.152
command,11.145
led,11.133
manner,11.133
belief,11.074
produce,11.074
shechem,11.074
sworn,11.074
confess,11.033
bones,11.031
suppose,10.995
esther,10.981
joash,10.981
bore,10.831
worse,10.829
filled,10.812
lie,10.794
delight,10.785
say,10.768
seventh,10.766
tribes,10.766
places,10.755
enter,10.703
benaiah,10.699
dwellers,10.699
pestilence,10.699
self,10.676
alleluia,10.670
apostleship,10.670
appealed,10.670
arimathea,10.670
barn,10.670
begging,10.670
bernice,10.670
betraying,10.670
bishop,10.670
blasphemous,10.670
bodily,10.670
buildings,10.670
cana,10.670
chained,10.670
claudius,10.670
communion,10.670
convict,10.670
convicted,10.670
convulsed,10.670
crumbs,10.670
cyrene,10.670
decapolis,10.670
deceitfulness,10.670
demas,10.670
derbe,10.670
dissipation,10.670
earthquakes,10.670
edify,10.670
epaphras,10.670
ephesians,10.670
famines,10.670
fastings,10.670
flavor,10.670
foretold,10.670
fornicators,10.670
freewoman,10.670
gadarenes,10.670
galilean,10.670
gallio,10.670
golgotha,10.670
grafted,10.670
guarding,10.670
healings,10.670
herodians,10.670
hospitable,10.670
hymns,10.670
iconium,10.670
illuminated,10.670
impart,10.670
imploring,10.670
italy,10.670
justification,10.670
justus,10.670
landed,10.670
lawyer,10.670
legion,10.670
luke,10.670
lysias,10.670
macedonians,10.670
mistaken,10.670
nicodemus,10.670
noises,10.670
oracles,10.670
passion,10.670
passions,10.670
perga,10.670
persecutions,10.670
phoenicia,10.670
plank,10.670
pontus,10.670
progress,10.670
resists,10.670
reviling,10.670
sailors,10.670
salutation,10.670
seasoned,10.670
selfish,10.670
siloam,10.670
simplicity,10.670
skiff,10.670
sparrows,10.670
speck,10.670
sphere,10.670
spiritually,10.670
sponge,10.670
tanner,10.670
temperate,10.670
testifying,10.670
thefts,10.670
thessalonians,10.670
tiberias,10.670
trance,10.670
twin,10.670
uninformed,10.670
unwashed,10.670
zeus,10.670
adultery,10.656
lose,10.656
bear,10.648
feet,10.607
height,10.516
midian,10.516
accusers,10.509
diseases,10.509
exalts,10.509
gentle,10.509
hypocrisy,10.509
knelt,10.509
laying,10.509
cross,10.494
deserving,10.448
example,10.448
encamped,10.417
ephod,10.417
males,10.417
unseen,10.417
valor,10.417
vineyards,10.417
foundation,10.335
strike,10.291
rod,10.249
restore,10.237
zadok,10.236
flock,10.179
mount,10.146
ephah,10.135
harlotry,10.135
mizpah,10.135
shimei,10.135
dying,10.127
fitting,10.127
thieves,10.127
promises,10.113
beasts,10.088
abomination,10.080
forsake,10.080
elders,10.067
appeal,10.007
approve,10.007
arrayed,10.007
bush,10.007
copper,10.007
deceives,10.007
foods,10.007
hindered,10.007
lepers,10.007
murderers,10.007
mustard,10.007
uproar,10.007
worker,10.007
chariot,9.964
plague,9.964
transgressions,9.957
heads,9.915
abide,9.913
loose,9.913
appointed,9.878
caleb,9.853
hadad,9.853
heritage,9.853
merari,9.853
seir,9.853
virtuous,9.853
slain,9.844
judgment,9.840
answering,9.838
babies,9.838
beheaded,9.838
blaspheme,9.838
craftiness,9.838
denies,9.838
dissension,9.838
dragged,9.838
fleshly,9.838
imputed,9.838
intending,9.838
knock,9.838
livelihood,9.838
mina,9.838
partaker,9.838
perplexed,9.838
pertaining,9.838
preaches,9.838
sprinkling,9.838
stony,9.838
tossed,9.838
undefiled,9.838
unmarried,9.838
vehemently,9.838
firstborn,9.819
pieces,9.819
choose,9.813
beat,9.806
mark,9.804
spent,9.804
words,9.747
afflicted,9.746
number,9.714
mixed,9.691
blue,9.679
brook,9.679
trespass,9.679
spread,9.650
righteous,9.610
ben,9.572
chronicles,9.572
countries,9.572
doom,9.572
jehoiakim,9.572
wooden,9.572
slaughter,9.546
obtain,9.538
hears,9.527
seven,9.516
rejected,9.507
forget,9.486
considered,9.484
mankind,9.484
right,9.444
kingdoms,9.418
floor,9.400
horn,9.400
meat,9.400
slay,9.400
build,9.292
dew,9.290
fatherless,9.290
gath,9.290
gilgal,9.290
blasphemy,9.277
humility,9.277
pleasing,9.277
winter,9.277
swore,9.230
stumbling,9.193
ungodly,9.193
rested,9.145
advice,9.121
goat,9.121
person,9.093
lion,9.030
afflict,9.008
amaziah,9.008
choice,9.008
consecrate,9.008
dismayed,9.008
flowing,9.008
hamath,9.008
homes,9.008
protect,9.008
ramah,9.008
sheba,9.008
warning,9.008
sky,8.967
leave,8.931
sown,8.900
captives,8.873
fourth,8.873
praying,8.870
asher,8.843
attacked,8.843
noise,8.843
threshing,8.843
sins,8.821
awesome,8.726
guided,8.726
magicians,8.726
prey,8.726
respite,8.726
sockets,8.726
forgiveness,8.726
religion,8.709
arrived,8.629
deserted,8.629
footstool,8.629
mute,8.629
sleeping,8.629
breath,8.602
forest,8.565
happy,8.565
spear,8.565
armies,8.486
balaam,8.486
despised,8.486
cup,8.476
fled,8.464
accounted,8.455
highly,8.455
malice,8.455
perishing,8.455
praising,8.455
sincerity,8.455
sour,8.455
ai,8.444
beersheba,8.444
disbelieve,8.444
firm,8.444
gibeon,8.444
herds,8.444
heshbon,8.444
nun,8.444
shemaiah,8.444
shiloh,8.444
vanity,8.444
generation,8.420
way,8.370
crossed,8.331
warn,8.331
samaria,8.313
oxen,8.294
balak,8.287
divide,8.287
hardship,8.287
issachar,8.287
story,8.287
confident,8.273
learned,8.273
leaven,8.273
released,8.273
stranger,8.225
refuse,8.222
flow,8.195
bondage,8.181
inhabited,8.163
line,8.163
plundered,8.163
poles,8.163
prostrate,8.163
result,8.163
shekel,8.163
fish,8.120
counted,8.085
fig,8.085
perceived,8.084
asa,8.060
bulls,8.060
lame,8.017
manifest,8.017
various,8.017
ahaz,8.010
cave,8.010
nathan,8.010
rebelled,8.010
scatter,8.010
denied,7.999
redemption,7.999
tradition,7.999
fully,7.983
captain,7.976
clear,7.976
forsaken,7.976
honey,7.959
isaiah,7.940
night,7.935
ahaziah,7.881
bars,7.881
forces,7.881
gedaliah,7.881
inhabitant,7.881
molded,7.881
overlaid,7.881
palaces,7.881
retribution,7.881
sihon,7.881
tribute,7.881
valleys,7.881
worshipped,7.881
doing,7.830
whomever,7.809
rise,7.764
covering,7.732
instruction,7.732
rehoboam,7.732
accept,7.728
cyprus,7.725
privately,7.725
abstain,7.681
blinded,7.681
crowns,7.681
dear,7.681
housetop,7.681
knee,7.681
perfected,7.681
repented,7.681
shore,7.681
win,7.681
withdrew,7.681
exalted,7.641
passover,7.602
wrote,7.602
acacia,7.599
beings,7.599
chooses,7.599
gatekeepers,7.599
leah,7.599
philistine,7.599
single,7.599
truthful,7.599
wail,7.599
consider,7.580
josiah,7.520
deep,7.481
rejoiced,7.475
knew,7.456
animal,7.455
greatness,7.455
testimonies,7.455
triumph,7.455
yield,7.455
feed,7.449
iron,7.449
gone,7.409
aware,7.362
curse,7.362
head,7.355
earthquake,7.353
kiss,7.353
previously,7.353
false,7.325
deserves,7.317
eden,7.317
experience,7.317
feel,7.317
hananiah,7.317
ignore,7.317
jezreel,7.317
kirjath,7.317
lovingkindness,7.317
rebekah,7.317
relations,7.317
ride,7.317
thread,7.317
vows,7.317
buried,7.257
multiply,7.252
staff,7.252
thousands,7.252
servant,7.224
lamb,7.206
arm,7.179
fifth,7.179
removed,7.179
create,7.178
guilt,7.178
nobles,7.178
samson,7.178
change,7.175
palm,7.175
prince,7.175
killed,7.173
olives,7.171
plotted,7.171
compassion,7.163
ceased,7.152
invited,7.152
murder,7.152
gather,7.128
abba,7.113
accords,7.113
accurately,7.113
acknowledgment,7.113
aeneas,7.113
affirmed,7.113
agabus,7.113
aim,7.113
alarmed,7.113
alexandrian,7.113
amazement,7.113
ambition,7.113
antichrist,7.113
archangel,7.113
archippus,7.113
areopagus,7.113
assos,7.113
augustus,7.113
austere,7.113
author,7.113
avoiding,7.113
babblings,7.113
barsabas,7.113
basic,7.113
belts,7.113
berea,7.113
betrays,7.113
bithynia,7.113
blasphemes,7.113
blessedness,7.113
boasters,7.113
breakfast,7.113
breastplates,7.113
brute,7.113
builder,7.113
cappadocia,7.113
carousing,7.113
centurions,7.113
character,7.113
cherishes,7.113
choke,7.113
chorazin,7.113
christs,7.113
citizens,7.113
citizenship,7.113
cleanses,7.113
comparing,7.113
competes,7.113
complaining,7.113
concluding,7.113
conducted,7.113
consciousness,7.113
consenting,7.113
contradict,7.113
conversed,7.113
converted,7.113
corinthians,7.113
councils,7.113
credit,7.113
crispus,7.113
crow,7.113
crowds,7.113
cultivated,7.113
cyrenian,7.113
decease,7.113
deceivers,7.113
delaying,7.113
delegation,7.113
demetrius,7.113
demonstrate,7.113
despisers,7.113
differ,7.113
dignitaries,7.113
dishonored,7.113
dispersion,7.113
distributing,7.113
diversities,7.113
dragging,7.113
edified,7.113
edifies,7.113
edifying,7.113
eliminated,7.113
eminent,7.113
endurance,7.113
entertained,7.113
epaphroditus,7.113
epistles,7.113
erastus,7.113
evangelist,7.113
exceeds,7.113
excused,7.113
expecting,7.113
expedient,7.113
extortioners,7.113
eyeservice,7.113
faultless,7.113
figurative,7.113
filling,7.113
fishers,7.113
foaming,7.113
foams,7.113
foreknew,7.113
foreknowledge,7.113
foreseeing,7.113
fornicator,7.113
gethsemane,7.113
ghost,7.113
godhead,7.113
grainfields,7.113
grounded,7.113
handkerchief,7.113
harmless,7.113
harpists,7.113
heartily,7.113
hellenists,7.113
heresies,7.113
hermes,7.113
holiest,7.113
hoping,7.113
hymenaeus,7.113
hymn,7.113
impediment,7.113
indulgence,7.113
inexpressible,7.113
inn,7.113
insubordinate,7.113
inwardly,7.113
jairus,7.113
jason,7.113
jeopardy,7.113
joanna,7.113
lama,7.113
landowner,7.113
laodiceans,7.113
latin,7.113
leavens,7.113
liberality,7.113
lightened,7.113
lowliness,7.113
luxuriously,7.113
lydda,7.113
mammon,7.113
martyr,7.113
mattathiah,7.113
matthat,7.113
matthias,7.113
melchi,7.113
mending,7.113
miles,7.113
miletus,7.113
motioned,7.113
motioning,7.113
mysia,7.113
natives,7.113
necessities,7.113
newness,7.113
nicolaitans,7.113
observing,7.113
olivet,7.113
onesimus,7.113
onesiphorus,7.113
opportune,7.113
outcome,7.113
overboard,7.113
paphos,7.113
patriarch,7.113
patriarchs,7.113
pentecost,7.113
pergamos,7.113
permits,7.113
personal,7.113
persuading,7.113
persuasive,7.113
perverting,7.113
pestilences,7.113
philadelphia,7.113
phrygia,7.113
pinnacle,7.113
pisidia,7.113
pleasers,7.113
plotting,7.113
poisoned,7.113
preeminence,7.113
principality,7.113
prisons,7.113
professing,7.113
prophetic,7.113
proselyte,7.113
proselytes,7.113
prow,7.113
publius,7.113
readiness,7.113
reconciling,7.113
regeneration,7.113
removal,7.113
renewing,7.113
requirements,7.113
revelries,7.113
rudder,7.113
rufus,7.113
sabachthani,7.113
sabaoth,7.113
salome,7.113
sardis,7.113
scorpion,7.113
sensual,7.113
sharply,7.113
sheet,7.113
sighed,7.113
signifying,7.113
sleeplessness,7.113
smyrna,7.113
soberly,7.113
sodomites,7.113
sosthenes,7.113
spain,7.113
spewed,7.113
spin,7.113
stephanas,7.113
sting,7.113
stooping,7.113
storing,7.113
strangled,7.113
surnamed,7.113
tame,7.113
tempter,7.113
tenderhearted,7.113
tertullus,7.113
thaddaeus,7.113
theater,7.113
theophilus,7.113
title,7.113
tittle,7.113
towel,7.113
transfigured,7.113
transform,7.113
transformed,7.113
trophimus,7.113
tutor,7.113
unforgiving,7.113
unloving,7.113
unshrunk,7.113
unthankful,7.113
vigilant,7.113
visitation,7.113
voyage,7.113
wagging,7.113
welcomed,7.113
whitewashed,7.113
widely,7.113
willfully,7.113
windstorm,7.113
winebibber,7.113
zacchaeus,7.113
zealot,7.113
zealously,7.113
acceptable,7.101
knows,7.085
bounties,7.036
chamber,7.036
deserve,7.036
elam,7.036
hilkiah,7.036
hittite,7.036
incline,7.036
kadesh,7.036
kid,7.036
micah,7.036
sprinkle,7.036
started,7.036
statute,7.036
stronghold,7.036
valiant,7.036
accustomed,7.005
bondwoman,7.005
ceasing,7.005
commanding,7.005
commended,7.005
easier,7.005
glass,7.005
humbles,7.005
jasper,7.005
key,7.005
lodging,7.005
meant,7.005
offenses,7.005
practices,7.005
predestined,7.005
reasoning,7.005
reputation,7.005
sprang,7.005
strictly,7.005
subjection,7.005
thunderings,7.005
ungodliness,7.005
warmed,7.005
fool,6.990
air,6.988
silent,6.988
reproach,6.984
heap,6.983
iniquities,6.983
pray,6.973
born,6.935
inner,6.927
horsemen,6.916
carry,6.909
instruments,6.902
spoken,6.888
righteousness,6.879
clothed,6.874
holding,6.825
ministering,6.825
profitable,6.825
sickle,6.825
foolish,6.788
thrown,6.788
ahasuerus,6.754
array,6.754
blast,6.754
defend,6.754
muslims,6.754
precepts,6.754
provinces,6.754
ramoth,6.754
record,6.754
responsible,6.754
rewards,6.754
shallum,6.754
gracious,6.716
spring,6.716
obeyed,6.677
remove,6.677
eating,6.665
shaken,6.665
fierce,6.657
trouble,6.653
prayers,6.650
road,6.650
pay,6.634
careful,6.625
fruitful,6.625
reply,6.625
touches,6.625
transgressed,6.625
fall,6.598
abounds,6.573
acceptance,6.573
admonition,6.573
affirm,6.573
aid,6.573
anchors,6.573
ascertain,6.573
cheat,6.573
conferred,6.573
confesses,6.573
covenants,6.573
danger,6.573
denying,6.573
dinner,6.573
divinely,6.573
farewell,6.573
footed,6.573
glories,6.573
guarantee,6.573
implore,6.573
indignant,6.573
instructions,6.573
invisible,6.573
knapsack,6.573
laborer,6.573
laboring,6.573
majority,6.573
mirror,6.573
mob,6.573
murders,6.573
owed,6.573
peaceable,6.573
press,6.573
reconcile,6.573
salmon,6.573
scorched,6.573
scourged,6.573
skull,6.573
spectacle,6.573
speechless,6.573
spilled,6.573
stewards,6.573
supplied,6.573
trickery,6.573
useful,6.573
warfare,6.573
root,6.523
conceal,6.472
decreed,6.472
doings,6.472
executed,6.472
phinehas,6.472
pledge,6.472
siege,6.472
skillful,6.472
treasuries,6.472
utensils,6.472
lead,6.461
exceedingly,6.461
aroused,6.449
pillar,6.449
prosper,6.449
shout,6.449
ground,6.445
beg,6.434
brimstone,6.434
darkened,6.434
diligent,6.434
effect,6.434
healing,6.434
offended,6.434
point,6.434
puffed,6.434
reserved,6.434
sows,6.434
steward,6.434
value,6.434
knowing,6.426
till,6.426
repentance,6.425
naphtali,6.400
service,6.399
sanctified,6.398
widows,6.398
stones,6.366
armed,6.350
breaks,6.350
consecrated,6.350
gideon,6.350
low,6.350
maintain,6.350
safely,6.350
woven,6.350
sight,6.331
ago,6.261
ruler,6.234
question,6.228
surrounding,6.228
bodies,6.216
drinks,6.208
fullness,6.208
practice,6.208
render,6.208
continue,6.206
adonijah,6.191
attractive,6.191
baasha,6.191
blessings,6.191
darius,6.191
gershon,6.191
heave,6.191
illustrious,6.191
kohath,6.191
nebat,6.191
perpetual,6.191
recite,6.191
regular,6.191
rescue,6.191
shields,6.191
shoulder,6.191
singers,6.191
square,6.191
thamud,6.191
zeruiah,6.191
doers,6.183
support,6.183
wide,6.183
inquire,6.143
makes,6.088
boards,6.074
passes,6.074
pity,6.074
settled,6.074
carried,6.054
city,6.051
washed,6.038
driven,6.025
wings,6.025
want,6.021
drink,5.993
afflictions,5.936
doves,5.936
eunuch,5.936
foreheads,5.936
inscription,5.936
millstone,5.936
minas,5.936
mingled,5.936
refreshed,5.936
seals,5.936
thrones,5.936
unbelieving,5.936
hill,5.933
provide,5.933
bird,5.918
companion,5.918
eighty,5.918
israelites,5.918
laws,5.918
trumpets,5.918
abishai,5.909
amalekites,5.909
arnon,5.909
asaph,5.909
baruch,5.909
cedars,5.909
chiefs,5.909
claim,5.909
concubine,5.909
ezra,5.909
grants,5.909
invented,5.909
johanan,5.909
lachish,5.909
midianites,5.909
persia,5.909
praised,5.909
profaned,5.909
realize,5.909
rebel,5.909
require,5.909
shaphan,5.909
whirlwind,5.909
worshipping,5.909
worthless,5.909
case,5.888
search,5.888
ships,5.888
terror,5.888
dug,5.799
facing,5.799
thigh,5.799
cursed,5.788
rulers,5.781
guard,5.779
swear,5.779
profit,5.773
stood,5.757
comes,5.752
better,5.737
desire,5.713
earnestly,5.712
sits,5.712
warned,5.712
master,5.705
hungry,5.655
disaster,5.654
mere,5.654
ordinance,5.654
sending,5.654
torn,5.634
achish,5.628
admit,5.628
ahijah,5.628
assemble,5.628
attend,5.628
besieged,5.628
carmel,5.628
dedicated,5.628
disregard,5.628
fortress,5.628
heights,5.628
increases,5.628
jehoram,5.628
micaiah,5.628
og,5.628
ornaments,5.628
pagan,5.628
recorded,5.628
roar,5.628
twilight,5.628
wander,5.628
windows,5.628
burden,5.624
rich,5.606
covers,5.525
eli,5.525
piety,5.525
praises,5.525
swallow,5.525
unlawful,5.525
accompanied,5.514
adorned,5.514
fearing,5.514
treated,5.514
glad,5.486
sign,5.461
calls,5.460
behalf,5.452
inasmuch,5.452
understood,5.452
seen,5.433
spend,5.403
depart,5.393
light,5.391
abundant,5.391
blemish,5.391
followers,5.391
aroma,5.382
permission,5.382
song,5.382
weight,5.382
forbid,5.363
stirred,5.363
moved,5.359
leaving,5.353
lowly,5.353
permitted,5.353
sakes,5.353
turning,5.353
zealous,5.353
ad,5.346
adversity,5.346
amalek,5.346
ammonites,5.346
arrogant,5.346
counselors,5.346
curtains,5.346
devoid,5.346
disgrace,5.346
highway,5.346
hooks,5.346
issued,5.346
jabesh,5.346
jehoahaz,5.346
kindle,5.346
machir,5.346
mosque,5.346
nethaniah,5.346
plains,5.346
pomegranates,5.346
recompensed,5.346
resting,5.346
revive,5.346
shemesh,5.346
shoot,5.346
sixteen,5.346
stringed,5.346
torah,5.346
priesthood,5.321
serving,5.321
steal,5.321
vineyard,5.312
treasure,5.271
wine,5.267
oppression,5.251
religious,5.251
seas,5.251
tremble,5.251
continually,5.184
matter,5.180
feast,5.175
isaac,5.174
begot,5.161
escape,5.159
truly,5.155
angry,5.152
honor,5.150
different,5.130
innocent,5.130
ox,5.130
redeem,5.130
zebulun,5.130
preserve,5.128
sacrificed,5.128
zechariah,5.128
elijah,5.110
condemn,5.089
redeemed,5.084
transgression,5.084
ahikam,5.065
ascribe,5.065
baals,5.065
borders,5.065
carts,5.065
cherub,5.065
conspired,5.065
discharge,5.065
doomed,5.065
eastern,5.065
elkanah,5.065
en,5.065
forced,5.065
hin,5.065
hittites,5.065
integrity,5.065
maaseiah,5.065
pronounce,5.065
protection,5.065
records,5.065
redeemer,5.065
repaired,5.065
seer,5.065
sisera,5.065
subservient,5.065
terebinth,5.065
towers,5.065
vestibule,5.065
watchman,5.065
wheels,5.065
wickedly,5.065
admonish,5.063
blasphemies,5.063
brood,5.063
circumcise,5.063
crop,5.063
disputing,5.063
drunkenness,5.063
earthly,5.063
examined,5.063
fearful,5.063
hoped,5.063
idolaters,5.063
implored,5.063
leaped,5.063
liken,5.063
perfectly,5.063
practiced,5.063
pregnant,5.063
proceeded,5.063
race,5.063
revile,5.063
seeds,5.063
watchful,5.063
wayside,5.063
wineskins,5.063
wolves,5.063
returned,5.014
steadfast,5.010
abiathar,4.978
approach,4.978
depths,4.978
dreams,4.978
korah,4.978
prevent,4.978
provisions,4.978
rings,4.978
fields,4.962
queen,4.962
scribe,4.962
determined,4.927
mourning,4.881
shake,4.881
wish,4.879
speaks,4.874
maidservant,4.868
punished,4.868
ends,4.854
portion,4.854
speak,4.848
youth,4.787
abigail,4.783
acted,4.783
argue,4.783
authoritative,4.783
backs,4.783
baked,4.783
cakes,4.783
cruel,4.783
cyrus,4.783
defeat,4.783
ekron,4.783
expel,4.783
freewill,4.783
hanan,4.783
hazael,4.783
heaps,4.783
hiram,4.783
humiliating,4.783
inevitable,4.783
jebusites,4.783
jeshua,4.783
nadab,4.783
naomi,4.783
nose,4.783
outstretched,4.783
pan,4.783
pardon,4.783
period,4.783
reaches,4.783
recited,4.783
resurrected,4.783
shushan,4.783
standard,4.783
stolen,4.783
storm,4.783
task,4.783
tells,4.783
timber,4.783
valuation,4.783
youngest,4.783
puts,4.759
cease,4.752
defiled,4.739
forgotten,4.723
measured,4.723
sinai,4.723
steps,4.723
creature,4.722
belonged,4.705
dwellings,4.705
gateway,4.705
governors,4.705
magic,4.705
recall,4.705
wave,4.705
lifted,4.692
small,4.689
serve,4.657
use,4.654
execute,4.633
lions,4.633
destruction,4.627
humble,4.625
heirs,4.620
blow,4.608
royal,4.608
concern,4.595
content,4.595
lacking,4.595
lampstands,4.595
midnight,4.595
mindful,4.595
remind,4.595
rolled,4.595
scourge,4.595
showing,4.595
sowed,4.595
supplies,4.595
tasted,4.595
tidings,4.595
knowledge,4.579
anointed,4.565
names,4.565
doors,4.539
subject,4.523
added,4.509
heir,4.509
partiality,4.509
persecute,4.509
watched,4.509
asahel,4.502
ashdod,4.502
athaliah,4.502
bank,4.502
bows,4.502
color,4.502
cows,4.502
despite,4.502
disgraced,4.502
doorposts,4.502
eastward,4.502
enjoyment,4.502
extended,4.502
hazor,4.502
horeb,4.502
hur,4.502
islam,4.502
ithamar,4.502
jackals,4.502
lesson,4.502
mecca,4.502
nabal,4.502
naboth,4.502
nebuzaradan,4.502
ner,4.502
obadiah,4.502
repairs,4.502
replace,4.502
rimmon,4.502
rows,4.502
sheol,4.502
signet,4.502
solemn,4.502
spears,4.502
stories,4.502
succoth,4.502
verses,4.502
sit,4.473
cloth,4.448
regions,4.448
falling,4.442
permit,4.442
state,4.442
supposed,4.442
base,4.433
courage,4.433
differences,4.433
exalt,4.433
hundreds,4.433
jephthah,4.433
lad,4.433
looks,4.433
play,4.433
uriah,4.433
weapons,4.433
looked,4.420
think,4.401
milk,4.398
forth,4.389
close,4.386
formed,4.386
interpretation,4.386
child,4.369
wronged,4.350
jericho,4.349
neck,4.349
hebrew,4.329
obedience,4.329
clouds,4.328
jerusalem,4.326
affection,4.227
anxious,4.227
begins,4.227
compel,4.227
comprehend,4.227
continuing,4.227
cured,4.227
debt,4.227
edged,4.227
evildoer,4.227
goodwill,4.227
helpful,4.227
hours,4.227
innumerable,4.227
knocks,4.227
lifetime,4.227
occurred,4.227
offend,4.227
outward,4.227
overturned,4.227
psalm,4.227
renewed,4.227
reviled,4.227
scorpions,4.227
shared,4.227
slanderers,4.227
strap,4.227
traditions,4.227
vipers,4.227
willed,4.227
remember,4.225
oath,4.222
continued,4.220
deceive,4.220
admitted,4.220
amnon,4.220
anathoth,4.220
aram,4.220
benefits,4.220
boil,4.220
citadel,4.220
coastlands,4.220
concubines,4.220
customary,4.220
cymbals,4.220
cypress,4.220
destroying,4.220
district,4.220
duties,4.220
elah,4.220
faced,4.220
ham,4.220
hunt,4.220
insane,4.220
issue,4.220
jebusite,4.220
jehoash,4.220
keilah,4.220
leprous,4.220
libnah,4.220
lowland,4.220
maid,4.220
maidens,4.220
march,4.220
mentioned,4.220
meshullam,4.220
mim,4.220
moabites,4.220
perizzites,4.220
pot,4.220
pronounced,4.220
rebuilt,4.220
surface,4.220
tarshish,4.220
tirzah,4.220
treacherous,4.220
uncover,4.220
unfaithful,4.220
ungrateful,4.220
uzziel,4.220
whichever,4.220
woods,4.220
eunuchs,4.162
fighting,4.162
pleases,4.162
ruins,4.162
safe,4.162
submitted,4.162
kept,4.153
complete,4.142
olive,4.142
possessions,4.142
poor,4.137
proud,4.133
sufficient,4.133
dream,4.119
town,4.119
gathered,4.107
countenance,4.094
duty,4.094
watch,4.081
sought,4.047
belong,4.020
devoured,4.020
sackcloth,4.020
stretch,4.020
governor,4.019
bringing,4.007
days,4.004
sail,3.967
brings,3.953
tenth,3.951
living,3.950
achieve,3.939
ahimelech,3.939
ahithophel,3.939
angelic,3.939
armorbearer,3.939
aroer,3.939
ascent,3.939
backward,3.939
bare,3.939
beams,3.939
boiling,3.939
bone,3.939
bribe,3.939
capitals,3.939
closer,3.939
delights,3.939
devised,3.939
dread,3.939
eliab,3.939
firmament,3.939
forgot,3.939
furnishings,3.939
hermon,3.939
intercede,3.939
jearim,3.939
jephunneh,3.939
kohathites,3.939
maachah,3.939
michal,3.939
nebo,3.939
noon,3.939
nostrils,3.939
pairs,3.939
posterity,3.939
prolong,3.939
rabshakeh,3.939
revenge,3.939
rewarded,3.939
section,3.939
seraiah,3.939
skins,3.939
slew,3.939
splendor,3.939
split,3.939
uncle,3.939
uprightness,3.939
warner,3.939
kinds,3.920
share,3.913
rest,3.908
desert,3.900
grief,3.900
guilty,3.900
aloud,3.892
attack,3.892
cords,3.892
joram,3.892
slaughtered,3.892
supreme,3.892
great,3.891
neighbor,3.868
harp,3.839
prayed,3.831
green,3.790
scarlet,3.790
woman,3.766
increase,3.761
pit,3.761
deceived,3.760
joined,3.760
did,3.760
reign,3.734
heavy,3.732
donkey,3.729
moon,3.729
adulterers,3.676
attained,3.676
dare,3.676
deadly,3.676
departing,3.676
lacked,3.676
lump,3.676
magistrates,3.676
sanctifies,3.676
serves,3.676
solid,3.676
highest,3.671
force,3.660
sends,3.660
abed,3.657
ahimaaz,3.657
ahitub,3.657
alif,3.657
amorite,3.657
artaxerxes,3.657
banner,3.657
barrier,3.657
basins,3.657
bathe,3.657
bela,3.657
bible,3.657
brooks,3.657
carcasses,3.657
changes,3.657
consequences,3.657
deer,3.657
design,3.657
devise,3.657
dislike,3.657
disobey,3.657
disobeyed,3.657
eglon,3.657
elishama,3.657
fetters,3.657
flames,3.657
flourish,3.657
gadites,3.657
goshen,3.657
gray,3.657
hiding,3.657
hivites,3.657
hor,3.657
hostility,3.657
ignored,3.657
inspired,3.657
lam,3.657
lofty,3.657
meshach,3.657
mislead,3.657
mortar,3.657
moves,3.657
muslim,3.657
native,3.657
nego,3.657
nethanel,3.657
nethinim,3.657
numerous,3.657
omri,3.657
overlay,3.657
plenty,3.657
portions,3.657
prosperous,3.657
reckoning,3.657
reubenites,3.657
riding,3.657
rode,3.657
row,3.657
salih,3.657
satraps,3.657
shadrach,3.657
sidonians,3.657
spouse,3.657
spouses,3.657
stricken,3.657
stubble,3.657
success,3.657
supported,3.657
terrors,3.657
threshold,3.657
unintentionally,3.657
usury,3.657
warnings,3.657
wholly,3.657
ziba,3.657
threw,3.638
outside,3.633
cloud,3.628
went,3.624
crushed,3.623
feeble,3.623
fro,3.623
genuine,3.623
officials,3.623
preference,3.623
rage,3.623
shade,3.623
subdued,3.623
unaware,3.623
home,3.619
observe,3.619
sun,3.615
marriage,3.592
public,3.586
tender,3.586
vow,3.586
arose,3.585
serpents,3.574
talking,3.574
tombs,3.574
blameless,3.566
slave,3.566
speech,3.566
ashes,3.562
treasures,3.562
666,3.556
abaddon,3.556
abiding,3.556
abilene,3.556
aboard,3.556
abstinence,3.556
acceptably,3.556
accompany,3.556
accomplishment,3.556
accuses,3.556
achim,3.556
acknowledges,3.556
addi,3.556
adjourned,3.556
administration,3.556
administrations,3.556
admired,3.556
admonishing,3.556
adornment,3.556
adramyttium,3.556
adriatic,3.556
advocate,3.556
aenon,3.556
affectionate,3.556
affectionately,3.556
affections,3.556
aide,3.556
aimless,3.556
akel,3.556
alexandria,3.556
alexandrians,3.556
alighting,3.556
ambitions,3.556
amphipolis,3.556
amplias,3.556
andronicus,3.556
anise,3.556
ankle,3.556
annulling,3.556
annuls,3.556
anticipated,3.556
antipas,3.556
antipatris,3.556
antitype,3.556
anxiously,3.556
apelles,3.556
apollonia,3.556
apollyon,3.556
appareled,3.556
apphia,3.556
apprehended,3.556
approves,3.556
arbitrator,3.556
archelaus,3.556
areopagite,3.556
aretas,3.556
aristobulus,3.556
armageddon,3.556
arranging,3.556
artemas,3.556
assail,3.556
assembling,3.556
assented,3.556
assure,3.556
asyncritus,3.556
athenians,3.556
athletics,3.556
attaining,3.556
attalia,3.556
attempted,3.556
attendant,3.556
auditorium,3.556
awaking,3.556
azor,3.556
azotus,3.556
backbiters,3.556
baptisms,3.556
baptizes,3.556
barbarian,3.556
barbarians,3.556
bartimaeus,3.556
basin,3.556
beach,3.556
beckoned,3.556
bedridden,3.556
befitting,3.556
beggarly,3.556
beholding,3.556
belial,3.556
benefactors,3.556
benefited,3.556
bethabara,3.556
bethesda,3.556
bethphage,3.556
betrayers,3.556
bishops,3.556
blasphemer,3.556
blasphemers,3.556
blaspheming,3.556
blasphemously,3.556
blastus,3.556
blindfold,3.556
boanerges,3.556
boarded,3.556
boisterous,3.556
brave,3.556
breaker,3.556
breathing,3.556
bridles,3.556
briefly,3.556
broiled,3.556
bruising,3.556
buffet,3.556
bursts,3.556
busybodies,3.556
busybody,3.556
bygone,3.556
cables,3.556
calculate,3.556
calvary,3.556
cananite,3.556
cancer,3.556
candace,3.556
carouse,3.556
carpenter,3.556
carpus,3.556
celestial,3.556
cenchrea,3.556
certified,3.556
chalcedony,3.556
cheerfully,3.556
cheerfulness,3.556
chicks,3.556
chios,3.556
chloe,3.556
choosing,3.556
chrysolite,3.556
chrysoprase,3.556
chuza,3.556
circumspectly,3.556
circumstances,3.556
citron,3.556
claiming,3.556
clamor,3.556
clanging,3.556
clauda,3.556
claudia,3.556
clement,3.556
cleopas,3.556
clerk,3.556
clopas,3.556
cnidus,3.556
collections,3.556
colony,3.556
colosse,3.556
commendable,3.556
commendation,3.556
commends,3.556
commission,3.556
commonly,3.556
commonwealth,3.556
commotions,3.556
complainers,3.556
completion,3.556
conceit,3.556
conceited,3.556
concession,3.556
conclude,3.556
confidently,3.556
conflicts,3.556
conforming,3.556
conquering,3.556
conquerors,3.556
consciences,3.556
constrained,3.556
contending,3.556
contentment,3.556
contradicting,3.556
contradiction,3.556
conveniently,3.556
conversion,3.556
convicts,3.556
convince,3.556
convulses,3.556
copies,3.556
coppersmith,3.556
corban,3.556
correcting,3.556
corresponds,3.556
corroded,3.556
corrosion,3.556
corrupts,3.556
cos,3.556
cosam,3.556
countryman,3.556
courteous,3.556
courteously,3.556
courtesy,3.556
cousin,3.556
coveted,3.556
craft,3.556
crept,3.556
crescens,3.556
cretans,3.556
cripple,3.556
criticized,3.556
crowing,3.556
cumi,3.556
cures,3.556
customarily,3.556
cymbal,3.556
cyrenians,3.556
dalmanutha,3.556
dalmatia,3.556
dama,3.556
damaris,3.556
damascenes,3.556
dangerous,3.556
dawns,3.556
deadness,3.556
debased,3.556
deceptions,3.556
defame,3.556
defamed,3.556
demonic,3.556
demonstrates,3.556
demonstrating,3.556
demonstration,3.556
derided,3.556
derived,3.556
describes,3.556
describing,3.556
designates,3.556
despising,3.556
detachment,3.556
determining,3.556
devoutly,3.556
diadems,3.556
differs,3.556
diffuses,3.556
dimly,3.556
dining,3.556
dionysius,3.556
diotrephes,3.556
dips,3.556
disapproved,3.556
disarmed,3.556
discerner,3.556
discreet,3.556
discussed,3.556
discussing,3.556
discussion,3.556
dislocated,3.556
dispensation,3.556
disputer,3.556
disrepute,3.556
dissensions,3.556
distracted,3.556
distraction,3.556
divisive,3.556
domain,3.556
donations,3.556
dorcas,3.556
downcast,3.556
dreamers,3.556
drift,3.556
dropsy,3.556
drusilla,3.556
dunghill,3.556
dysentery,3.556
eldership,3.556
elementary,3.556
eliud,3.556
elmodam,3.556
eloi,3.556
elymas,3.556
embankment,3.556
emboldened,3.556
endeavored,3.556
endeavoring,3.556
endless,3.556
endued,3.556
enlisted,3.556
ensnares,3.556
ensure,3.556
entangle,3.556
entangles,3.556
entertain,3.556
envying,3.556
epaenetus,3.556
ephesian,3.556
ephphatha,3.556
epileptic,3.556
epileptics,3.556
equipping,3.556
esli,3.556
estate,3.556
esteeming,3.556
esteems,3.556
eubulus,3.556
eunice,3.556
euroclydon,3.556
eutychus,3.556
evangelists,3.556
examination,3.556
examining,3.556
excepted,3.556
excusing,3.556
executioner,3.556
exhortations,3.556
exhorts,3.556
exorcise,3.556
exorcists,3.556
expiration,3.556
fared,3.556
fathoms,3.556
favoritism,3.556
fertilize,3.556
fervently,3.556
fidelity,3.556
figuratively,3.556
figurehead,3.556
finisher,3.556
firstfruit,3.556
flourished,3.556
flutists,3.556
folded,3.556
foreordained,3.556
forerunner,3.556
foresaw,3.556
foresight,3.556
foretell,3.556
forewarned,3.556
fornications,3.556
forsaking,3.556
framed,3.556
freedman,3.556
freedmen,3.556
fulfilling,3.556
function,3.556
furlongs,3.556
furtherance,3.556
gabbatha,3.556
gallons,3.556
gardener,3.556
garland,3.556
garlands,3.556
gazed,3.556
generate,3.556
gennesaret,3.556
genuineness,3.556
gergesenes,3.556
giver,3.556
glorying,3.556
gnawed,3.556
goal,3.556
goatskins,3.556
graft,3.556
graveclothes,3.556
greediness,3.556
groans,3.556
grudging,3.556
grumble,3.556
grumblers,3.556
grumbling,3.556
gullible,3.556
hailstone,3.556
handwriting,3.556
happier,3.556
hardworking,3.556
havens,3.556
havoc,3.556
headstrong,3.556
hearer,3.556
heathen,3.556
heli,3.556
helmsman,3.556
henceforth,3.556
hermas,3.556
hermogenes,3.556
herodion,3.556
hierapolis,3.556
hireling,3.556
hoisted,3.556
homeless,3.556
homemakers,3.556
homosexuals,3.556
hospitality,3.556
householder,3.556
humbling,3.556
hurrying,3.556
hyacinth,3.556
idolatries,3.556
idumea,3.556
illustration,3.556
illyricum,3.556
imitators,3.556
immutability,3.556
immutable,3.556
impenitent,3.556
imperishable,3.556
implanted,3.556
imprisonments,3.556
improperly,3.556
imputes,3.556
imputing,3.556
inciting,3.556
includes,3.556
indicated,3.556
indicates,3.556
indicating,3.556
inexcusable,3.556
infallible,3.556
innkeeper,3.556
inquiries,3.556
inquiring,3.556
insistent,3.556
instructing,3.556
instructors,3.556
insubordination,3.556
intercessions,3.556
intimidate,3.556
intruding,3.556
inventors,3.556
involves,3.556
irrevocable,3.556
italian,3.556
itching,3.556
itinerant,3.556
iturea,3.556
jailer,3.556
jambres,3.556
janna,3.556
jannes,3.556
jealousies,3.556
jealously,3.556
jesting,3.556
joannas,3.556
jonan,3.556
jorim,3.556
jose,3.556
jot,3.556
journeying,3.556
judaism,3.556
julia,3.556
julius,3.556
jump,3.556
junia,3.556
jurisdiction,3.556
justifier,3.556
kidnappers,3.556
knocking,3.556
lagging,3.556
lanes,3.556
lasea,3.556
launched,3.556
launderer,3.556
lease,3.556
lebbaeus,3.556
leftover,3.556
legions,3.556
levitical,3.556
liberal,3.556
ligaments,3.556
linus,3.556
lois,3.556
lordship,3.556
lover,3.556
lucius,3.556
lukewarm,3.556
lycaonia,3.556
lycaonian,3.556
lycia,3.556
lysanias,3.556
maath,3.556
macedonian,3.556
magdala,3.556
magnificence,3.556
mainsail,3.556
malchus,3.556
maliciousness,3.556
manaen,3.556
manifestation,3.556
manslayers,3.556
marveling,3.556
match,3.556
mattathah,3.556
mediate,3.556
melea,3.556
menan,3.556
mile,3.556
mindedness,3.556
ministries,3.556
mint,3.556
minus,3.556
miserably,3.556
miseries,3.556
misusing,3.556
mite,3.556
mites,3.556
mitylene,3.556
mnason,3.556
mockings,3.556
modesty,3.556
moloch,3.556
mortality,3.556
mowed,3.556
murmur,3.556
murmuring,3.556
myra,3.556
myriads,3.556
naggai,3.556
nailed,3.556
nain,3.556
narcissus,3.556
narrative,3.556
nazarene,3.556
nazarenes,3.556
neapolis,3.556
needful,3.556
nereus,3.556
neri,3.556
nested,3.556
newborn,3.556
nicanor,3.556
nicolas,3.556
nicopolis,3.556
niger,3.556
ninevites,3.556
nobleman,3.556
nodded,3.556
northwest,3.556
novice,3.556
nymphas,3.556
objection,3.556
objects,3.556
obsessed,3.556
obsolete,3.556
occupies,3.556
officiated,3.556
oils,3.556
oldness,3.556
olympas,3.556
omnipotent,3.556
orator,3.556
ordain,3.556
originally,3.556
outbursts,3.556
outwardly,3.556
overextending,3.556
overlooked,3.556
overshadow,3.556
overshadowing,3.556
owes,3.556
packed,3.556
paralytics,3.556
parchments,3.556
parmenas,3.556
partaken,3.556
partakes,3.556
parthians,3.556
pastors,3.556
patara,3.556
patch,3.556
patmos,3.556
patrobas,3.556
paulus,3.556
peacemakers,3.556
pearl,3.556
peddling,3.556
penny,3.556
perceiving,3.556
perilous,3.556
perils,3.556
perishable,3.556
permitting,3.556
persecutor,3.556
persevere,3.556
persevered,3.556
persis,3.556
persuades,3.556
persuasion,3.556
philemon,3.556
philetus,3.556
philippians,3.556
philologus,3.556
philosophy,3.556
phlegon,3.556
phoenician,3.556
phoenix,3.556
phygellus,3.556
physically,3.556
picture,3.556
pilfering,3.556
pillow,3.556
pilot,3.556
piped,3.556
pitiable,3.556
plentifully,3.556
plunged,3.556
pods,3.556
pollutions,3.556
poorly,3.556
porcius,3.556
possessors,3.556
potentate,3.556
pounds,3.556
preappointed,3.556
preceding,3.556
prejudice,3.556
premeditate,3.556
presentable,3.556
priced,3.556
print,3.556
prisca,3.556
proceedings,3.556
prochorus,3.556
proconsuls,3.556
prodigal,3.556
profess,3.556
profited,3.556
protested,3.556
prunes,3.556
ptolemais,3.556
pudens,3.556
puffs,3.556
pursuits,3.556
puteoli,3.556
quadrans,3.556
quart,3.556
quarts,3.556
quartus,3.556
quirinius,3.556
rabboni,3.556
raca,3.556
reaching,3.556
reader,3.556
reaffirm,3.556
rebecca,3.556
rebuking,3.556
reformation,3.556
regiment,3.556
remphan,3.556
renders,3.556
rented,3.556
repeatedly,3.556
reproof,3.556
requests,3.556
requirement,3.556
restoration,3.556
restraining,3.556
resulted,3.556
resulting,3.556
revelry,3.556
reviler,3.556
revilers,3.556
rewarder,3.556
rhegium,3.556
rhesa,3.556
rhodes,3.556
rigid,3.556
ringleader,3.556
rowing,3.556
rudely,3.556
rust,3.556
saint,3.556
salamis,3.556
salim,3.556
salmone,3.556
salute,3.556
salve,3.556
samos,3.556
samothrace,3.556
sands,3.556
sapphira,3.556
sardonyx,3.556
savage,3.556
sawn,3.556
sceva,3.556
schism,3.556
school,3.556
scourgings,3.556
scruples,3.556
scythian,3.556
sealing,3.556
secundus,3.556
secured,3.556
seleucia,3.556
semei,3.556
sensed,3.556
sergius,3.556
sews,3.556
sharpness,3.556
shearer,3.556
sheepskins,3.556
shipmaster,3.556
shipwreck,3.556
shipwrecked,3.556
shod,3.556
shortsighted,3.556
shun,3.556
sided,3.556
sighted,3.556
sights,3.556
signified,3.556
similitude,3.556
sinking,3.556
sirs,3.556
slackness,3.556
slanderously,3.556
slaps,3.556
sluggish,3.556
slumbered,3.556
somebody,3.556
somewhat,3.556
sopater,3.556
sorrowed,3.556
sorrowing,3.556
soundings,3.556
southwest,3.556
sparingly,3.556
speaker,3.556
spearmen,3.556
specify,3.556
splendid,3.556
squads,3.556
stachys,3.556
stealth,3.556
straightforward,3.556
strain,3.556
straining,3.556
stricter,3.556
strictest,3.556
stupor,3.556
sue,3.556
sulfur,3.556
summed,3.556
summoning,3.556
sumptuously,3.556
suppress,3.556
surpasses,3.556
susanna,3.556
sychar,3.556
symbol,3.556
symbolic,3.556
sympathize,3.556
syracuse,3.556
syro,3.556
syrtis,3.556
tabitha,3.556
tackle,3.556
talitha,3.556
tamed,3.556
tedious,3.556
tentmakers,3.556
terrestrial,3.556
terrifying,3.556
tertius,3.556
thankfulness,3.556
thongs,3.556
thornbushes,3.556
threshes,3.556
thronging,3.556
tiberius,3.556
tiling,3.556
timaeus,3.556
timon,3.556
tongued,3.556
torturers,3.556
totaled,3.556
trachonitis,3.556
traitors,3.556
transferred,3.556
transforming,3.556
transforms,3.556
transparent,3.556
treasuring,3.556
triumphing,3.556
triumphs,3.556
trogyllium,3.556
tryphena,3.556
tryphosa,3.556
tyrannus,3.556
unafraid,3.556
unapproachable,3.556
unclothed,3.556
uncondemned,3.556
undergird,3.556
undiscerning,3.556
uneducated,3.556
unequally,3.556
unheard,3.556
unlifted,3.556
unlike,3.556
unload,3.556
unmerciful,3.556
unnoticed,3.556
unprepared,3.556
unpresentable,3.556
unprofitableness,3.556
unquenchable,3.556
unruly,3.556
unsettling,3.556
unskilled,3.556
unspotted,3.556
untaught,3.556
untrustworthy,3.556
unwittingly,3.556
upholding,3.556
uplifted,3.556
urbanus,3.556
urgency,3.556
variation,3.556
varieties,3.556
vice,3.556
vinedresser,3.556
visitors,3.556
vote,3.556
wallowing,3.556
warming,3.556
washings,3.556
waterpot,3.556
wavering,3.556
weaknesses,3.556
weightier,3.556
whisperers,3.556
whiten,3.556
wiles,3.556
willingness,3.556
wintered,3.556
woes,3.556
worshiper,3.556
wranglings,3.556
wrestle,3.556
wretched,3.556
wrinkle,3.556
writings,3.556
zenas,3.556
block,3.549
encouraged,3.549
expectation,3.549
greeted,3.549
pattern,3.549
pearls,3.549
proceeds,3.549
produces,3.549
shone,3.549
tempt,3.549
testifies,3.549
toil,3.549
washing,3.549
wrapped,3.549
yielded,3.549
red,3.515
vengeance,3.515
streets,3.509
villages,3.509
adorn,3.502
alabaster,3.502
arguments,3.502
attempt,3.502
avails,3.502
behaving,3.502
beseech,3.502
birthday,3.502
cargo,3.502
christian,3.502
commotion,3.502
compels,3.502
compulsion,3.502
conflict,3.502
consist,3.502
continues,3.502
convenient,3.502
deceiving,3.502
declaring,3.502
departure,3.502
dishonors,3.502
doer,3.502
doorkeeper,3.502
enlightened,3.502
entangled,3.502
exclude,3.502
excuse,3.502
exhorted,3.502
forbade,3.502
fraud,3.502
goddess,3.502
governing,3.502
hating,3.502
hen,3.502
immovable,3.502
kick,3.502
leased,3.502
lingered,3.502
manger,3.502
meantime,3.502
needle,3.502
obliged,3.502
oneself,3.502
orderly,3.502
overcame,3.502
parting,3.502
passage,3.502
petitioned,3.502
practicing,3.502
prophecies,3.502
pulling,3.502
pulls,3.502
reaping,3.502
reaps,3.502
regretted,3.502
releasing,3.502
risked,3.502
rooted,3.502
rumors,3.502
shackles,3.502
sharing,3.502
smelling,3.502
sooner,3.502
sorcerer,3.502
sufficiency,3.502
summon,3.502
tails,3.502
testament,3.502
thronged,3.502
unreasonable,3.502
untrained,3.502
unusual,3.502
uttermost,3.502
weather,3.502
welcome,3.502
worrying,3.502
charge,3.495
obey,3.428
arms,3.423
grapes,3.423
rising,3.423
swift,3.423
virtue,3.423
live,3.422
work,3.422
chosen,3.395
divorce,3.391
stoned,3.391
revealed,3.389
answer,3.382
abhorred,3.376
abinadab,3.376
absolute,3.376
alien,3.376
amasa,3.376
assigned,3.376
ayb,3.376
beard,3.376
big,3.376
booty,3.376
boundary,3.376
bracelets,3.376
cake,3.376
canaanite,3.376
cart,3.376
companies,3.376
confirms,3.376
creeps,3.376
despises,3.376
dowry,3.376
edomites,3.376
eliashib,3.376
evenings,3.376
final,3.376
forbearing,3.376
game,3.376
geba,3.376
grateful,3.376
hadadezer,3.376
hallow,3.376
hangings,3.376
hardships,3.376
hasten,3.376
hazar,3.376
hooves,3.376
horon,3.376
ill,3.376
indecency,3.376
jehiel,3.376
jehoiachin,3.376
keepers,3.376
laver,3.376
mahanaim,3.376
manoah,3.376
measurements,3.376
mephibosheth,3.376
mornings,3.376
northward,3.376
nurse,3.376
oppressor,3.376
oppressors,3.376
pastures,3.376
peor,3.376
petition,3.376
plots,3.376
prostration,3.376
rabbah,3.376
realm,3.376
rear,3.376
rechab,3.376
remaliah,3.376
reveals,3.376
sarai,3.376
sash,3.376
screen,3.376
shephatiah,3.376
shu,3.376
snares,3.376
southern,3.376
tobiah,3.376
truthfulness,3.376
vines,3.376
weigh,3.376
westward,3.376
withheld,3.376
bloodshed,3.356
captured,3.356
gaza,3.356
hatred,3.356
jotham,3.356
lovely,3.356
music,3.356
necks,3.356
rises,3.356
shoulders,3.356
summer,3.356
tablets,3.356
tread,3.356
miracles,3.342
eats,3.340
touch,3.340
dealt,3.338
distress,3.338
simeon,3.338
strengthen,3.338
tore,3.338
heeded,3.335
oppress,3.335
reach,3.335
supplication,3.335
devour,3.311
oppressed,3.301
grieved,3.295
harvest,3.295
sister,3.292
vain,3.283
pure,3.246
blood,3.235
refused,3.188
endure,3.182
pleased,3.175
affliction,3.153
stand,3.121
desolation,3.116
gladness,3.116
towns,3.116
end,3.101
custom,3.100
reap,3.100
uncleanness,3.100
abandoned,3.094
acquired,3.094
ah,3.094
amoz,3.094
amram,3.094
answers,3.094
ashkelon,3.094
astonishment,3.094
attended,3.094
baby,3.094
backsliding,3.094
bani,3.094
boughs,3.094
contains,3.094
cow,3.094
curtain,3.094
defect,3.094
demand,3.094
dibon,3.094
disperse,3.094
drop,3.094
ebed,3.094
eliphaz,3.094
ezer,3.094
flies,3.094
footsteps,3.094
future,3.094
gateposts,3.094
gazelle,3.094
gezer,3.094
glean,3.094
haggai,3.094
hannah,3.094
happens,3.094
hashabiah,3.094
heman,3.094
herb,3.094
heth,3.094
hurry,3.094
iblis,3.094
iddo,3.094
impurity,3.094
inclined,3.094
ishbosheth,3.094
japheth,3.094
jeduthun,3.094
jerubbaal,3.094
kareah,3.094
kedar,3.094
kedesh,3.094
magician,3.094
mahli,3.094
manslayer,3.094
mattaniah,3.094
miriam,3.094
mirth,3.094
ointment,3.094
oracle,3.094
original,3.094
overthrown,3.094
pitch,3.094
pitched,3.094
pots,3.094
prospered,3.094
proudly,3.094
reform,3.094
regularly,3.094
remainder,3.094
repair,3.094
responsibility,3.094
riblah,3.094
sennacherib,3.094
sighing,3.094
skill,3.094
sole,3.094
tenths,3.094
transgressing,3.094
treaty,3.094
unjustly,3.094
vast,3.094
weeks,3.094
western,3.094
wheel,3.094
worst,3.094
zichri,3.094
violence,3.092
troubled,3.092
weary,3.090
amon,3.090
contend,3.090
corner,3.090
kish,3.090
lamentation,3.090
nights,3.090
officer,3.090
ordered,3.090
position,3.090
private,3.090
safety,3.090
straw,3.090
treacherously,3.090
twelfth,3.090
zerah,3.090
building,3.087
folly,3.087
groups,3.087
nakedness,3.087
prosperity,3.087
mountain,3.080
girded,3.017
labored,3.017
lewdness,3.017
rightly,3.017
early,2.977
free,2.974
syria,2.967
purpose,2.959
tower,2.956
wonders,2.954
calf,2.897
jesse,2.897
paths,2.897
proper,2.897
cleansed,2.888
sidon,2.888
run,2.887
thief,2.884
increased,2.882
thing,2.864
agreed,2.855
ahead,2.855
bag,2.855
cold,2.855
confirmed,2.855
courtyard,2.855
ministers,2.855
urged,2.855
cubit,2.842
faithfulness,2.842
province,2.842
provoked,2.842
tell,2.840
agreement,2.825
dog,2.825
entrails,2.825
jezebel,2.825
pasture,2.825
payment,2.825
spy,2.825
strongholds,2.825
surround,2.825
weighed,2.825
wool,2.825
gives,2.822
accepts,2.813
adar,2.813
afford,2.813
arabah,2.813
arabic,2.813
asunder,2.813
attached,2.813
badger,2.813
banquet,2.813
barzillai,2.813
beriah,2.813
bilhah,2.813
bounty,2.813
byword,2.813
chapter,2.813
climb,2.813
colors,2.813
compared,2.813
convocation,2.813
cord,2.813
creates,2.813
cuts,2.813
debir,2.813
deceitfully,2.813
delicacies,2.813
delighted,2.813
destined,2.813
devils,2.813
dim,2.813
dungeon,2.813
earrings,2.813
eighteenth,2.813
entire,2.813
ephron,2.813
existed,2.813
exists,2.813
fate,2.813
firmly,2.813
frighten,2.813
fuel,2.813
gehazi,2.813
hammered,2.813
hanun,2.813
heber,2.813
hinnom,2.813
hivite,2.813
hollow,2.813
hoshea,2.813
immer,2.813
included,2.813
inevitably,2.813
inherited,2.813
jair,2.813
jazer,2.813
jeiel,2.813
jubilee,2.813
kenaz,2.813
kidneys,2.813
leaf,2.813
legends,2.813
liver,2.813
locust,2.813
memory,2.813
moons,2.813
neriah,2.813
network,2.813
ophir,2.813
padan,2.813
pashhur,2.813
pekah,2.813
perverted,2.813
presents,2.813
rent,2.813
rephaim,2.813
rezin,2.813
robbed,2.813
ruled,2.813
sacrificial,2.813
showers,2.813
space,2.813
spreading,2.813
start,2.813
stretches,2.813
successors,2.813
sunrise,2.813
tabor,2.813
tall,2.813
teman,2.813
thirteenth,2.813
torches,2.813
travelled,2.813
trimmers,2.813
turban,2.813
vashti,2.813
vowed,2.813
warm,2.813
weaver,2.813
wisely,2.813
wondrous,2.813
worshippers,2.813
yearly,2.813
zakat,2.813
ziklag,2.813
zimri,2.813
zobah,2.813
measure,2.801
afraid,2.773
abounding,2.757
accounts,2.757
actually,2.757
ascending,2.757
bestow,2.757
certificate,2.757
confessing,2.757
contentions,2.757
countrymen,2.757
crowned,2.757
defiles,2.757
dipped,2.757
esteem,2.757
happening,2.757
idolatry,2.757
inferior,2.757
knit,2.757
leaning,2.757
mad,2.757
nourished,2.757
overshadowed,2.757
pains,2.757
perfection,2.757
porch,2.757
preferred,2.757
purifying,2.757
purity,2.757
reverent,2.757
ridiculed,2.757
scarcely,2.757
sinning,2.757
stooped,2.757
temples,2.757
threats,2.757
unbeliever,2.757
stone,2.746
minister,2.743
fail,2.735
shadow,2.735
wild,2.735
met,2.730
awake,2.728
barley,2.728
dried,2.728
enjoy,2.728
sabbaths,2.728
separated,2.728
shepherds,2.728
springs,2.728
naked,2.727
foot,2.726
served,2.726
builders,2.725
finish,2.725
labors,2.725
psalms,2.725
submissive,2.725
animals,2.697
sinful,2.697
sold,2.695
commands,2.682
surrounded,2.682
mouth,2.679
ear,2.678
helped,2.677
abundantly,2.671
ministered,2.671
sisters,2.671
seek,2.664
board,2.660
brass,2.660
burdensome,2.660
confessed,2.660
immoral,2.660
justify,2.660
prominent,2.660
prophesies,2.660
robbers,2.660
seasons,2.660
sorry,2.660
unrighteous,2.660
wipe,2.660
condemned,2.649
establish,2.604
appear,2.603
committing,2.599
easy,2.599
roots,2.599
uzziah,2.599
testify,2.583
abundance,2.569
alike,2.563
band,2.563
bands,2.563
correction,2.563
devoted,2.563
expelled,2.563
haughty,2.563
honored,2.563
maker,2.563
nahor,2.563
offers,2.563
snow,2.563
stop,2.563
tamar,2.563
abihu,2.532
aijalon,2.532
amariah,2.532
ammonite,2.532
anah,2.532
anakim,2.532
archers,2.532
banished,2.532
barnea,2.532
bathsheba,2.532
bend,2.532
benjamites,2.532
besiege,2.532
bezalel,2.532
bribes,2.532
brick,2.532
camps,2.532
challenge,2.532
chased,2.532
complaints,2.532
consecration,2.532
corpses,2.532
correct,2.532
dagon,2.532
deborah,2.532
decides,2.532
decked,2.532
dedan,2.532
demanded,2.532
derision,2.532
detestable,2.532
devouring,2.532
diminish,2.532
discretion,2.532
dispossess,2.532
dreamed,2.532
elihu,2.532
enan,2.532
engraved,2.532
err,2.532
explains,2.532
eyelids,2.532
failed,2.532
fatty,2.532
flowers,2.532
forbidden,2.532
fortresses,2.532
gaal,2.532
gerar,2.532
grasping,2.532
groves,2.532
hanani,2.532
handful,2.532
hasty,2.532
hearted,2.532
helpers,2.532
hepher,2.532
honest,2.532
humbly,2.532
hurried,2.532
hushai,2.532
inform,2.532
intoxicating,2.532
invent,2.532
jeroham,2.532
jonadab,2.532
jozabad,2.532
kir,2.532
knowingly,2.532
lean,2.532
legacy,2.532
lobe,2.532
malchijah,2.532
mamre,2.532
marched,2.532
mediums,2.532
melted,2.532
meshech,2.532
michmash,2.532
milcah,2.532
mourns,2.532
munificent,2.532
nearest,2.532
onyx,2.532
outsider,2.532
overflowing,2.532
overtook,2.532
panels,2.532
paran,2.532
philistia,2.532
pick,2.532
pilgrimage,2.532
plucked,2.532
prescribed,2.532
prostrated,2.532
ra,2.532
rehob,2.532
riddle,2.532
roads,2.532
roasted,2.532
sack,2.532
sanballat,2.532
schemes,2.532
scorn,2.532
shadows,2.532
shelemiah,2.532
shobal,2.532
soles,2.532
southward,2.532
stray,2.532
tekoa,2.532
thirteen,2.532
tonight,2.532
treat,2.532
troop,2.532
twentieth,2.532
uphold,2.532
victorious,2.532
weaned,2.532
wrongfully,2.532
youths,2.532
zephaniah,2.532
zin,2.532
teach,2.511
breasts,2.502
prevail,2.502
uncovered,2.502
marry,2.500
presence,2.499
white,2.484
drove,2.471
hired,2.471
snare,2.471
enters,2.462
voices,2.462
garments,2.440
short,2.437
harlot,2.428
fruit,2.423
away,2.402
priest,2.393
took,2.383
count,2.377
evening,2.364
boaz,2.360
obed,2.360
scales,2.360
levi,2.328
passed,2.324
accepted,2.317
honorable,2.317
women,2.309
everlasting,2.305
arrow,2.303
corpse,2.303
ethiopia,2.303
farthest,2.303
fifteenth,2.303
guardians,2.303
habitation,2.303
relent,2.303
restrain,2.303
ring,2.303
satisfy,2.303
shem,2.303
trusts,2.303
prayer,2.302
voice,2.288
stumble,2.283
hot,2.281
lower,2.281
majesty,2.281
talk,2.281
double,2.280
comforted,2.272
ninth,2.272
mercies,2.264
used,2.264
harm,2.260
ascended,2.260
obedient,2.260
offspring,2.256
abdon,2.250
adullam,2.250
advise,2.250
ammihud,2.250
aphek,2.250
appointment,2.250
area,2.250
artistic,2.250
asaiah,2.250
assyrians,2.250
astrologers,2.250
axes,2.250
baker,2.250
bearer,2.250
befall,2.250
befalls,2.250
beget,2.250
belteshazzar,2.250
bethuel,2.250
bit,2.250
blazing,2.250
blesses,2.250
blossom,2.250
bountiful,2.250
butler,2.250
capital,2.250
carmi,2.250
charity,2.250
cherethites,2.250
conjecture,2.250
cush,2.250
damage,2.250
deceased,2.250
declares,2.250
deprived,2.250
determines,2.250
devises,2.250
dictates,2.250
diminished,2.250
dinah,2.250
disbelieving,2.250
disgraceful,2.250
dominant,2.250
dor,2.250
ehud,2.250
eliel,2.250
emptied,2.250
equity,2.250
establishes,2.250
favorable,2.250
feasting,2.250
flows,2.250
geber,2.250
gently,2.250
gera,2.250
geshur,2.250
giant,2.250
giants,2.250
gifted,2.250
gileadite,2.250
goliath,2.250
ha,2.250
hailstones,2.250
harder,2.250
harim,2.250
heels,2.250
hides,2.250
impose,2.250
inhabit,2.250
intention,2.250
isolate,2.250
jabin,2.250
jachin,2.250
jedaiah,2.250
jerimoth,2.250
jethro,2.250
jeush,2.250
jobab,2.250
languages,2.250
lifts,2.250
loan,2.250
maacah,2.250
makkedah,2.250
mantle,2.250
melech,2.250
menahem,2.250
meribah,2.250
mishael,2.250
missing,2.250
mocks,2.250
molding,2.250
mound,2.250
mule,2.250
mules,2.250
mushi,2.250
mustered,2.250
nahash,2.250
noonday,2.250
northern,2.250
obstacles,2.250
oversight,2.250
overthrew,2.250
overwhelmed,2.250
owl,2.250
peaceably,2.250
peg,2.250
pegs,2.250
pisgah,2.250
pours,2.250
preserves,2.250
proclamation,2.250
prolonged,2.250
proverbs,2.250
pursues,2.250
quiver,2.250
raisins,2.250
raw,2.250
rebukes,2.250
recovered,2.250
reeds,2.250
relented,2.250
reuel,2.250
rituals,2.250
sacks,2.250
saddled,2.250
scoffer,2.250
seventeen,2.250
shaft,2.250
shamed,2.250
shammah,2.250
sheaves,2.250
shelomith,2.250
shunammite,2.250
sigh,2.250
slayer,2.250
smell,2.250
snared,2.250
soothsayers,2.250
span,2.250
speckled,2.250
spending,2.250
steeds,2.250
stick,2.250
strip,2.250
stubborn,2.250
timnah,2.250
tops,2.250
totally,2.250
trying,2.250
tubal,2.250
unfaithfulness,2.250
uprightly,2.250
uprooted,2.250
urijah,2.250
uzza,2.250
watchmen,2.250
whisper,2.250
wing,2.250
witchcraft,2.250
zachariah,2.250
zalmunna,2.250
zebadiah,2.250
zebah,2.250
zelophehad,2.250
ziph,2.250
zorah,2.250
grant,2.244
stayed,2.242
walk,2.222
loves,2.216
dogs,2.213
creatures,2.209
drew,2.195
room,2.151
weeping,2.151
bitterly,2.124
blew,2.124
direction,2.124
faint,2.124
follows,2.124
hewn,2.124
levite,2.124
orphans,2.124
transgressors,2.124
visions,2.124
barren,2.087
understand,2.083
avenge,2.070
pleaded,2.070
reading,2.070
completely,2.065
criminals,2.065
explain,2.065
feasts,2.065
guides,2.065
listened,2.065
pain,2.065
palace,2.065
perverse,2.065
fulfill,2.060
straight,2.060
broad,2.046
eber,2.046
forevermore,2.046
girls,2.046
joel,2.046
lazy,2.046
overthrow,2.046
praiseworthy,2.046
rods,2.046
sore,2.046
threatened,2.046
upward,2.046
letters,2.045
wills,2.045
causes,2.022
adam,2.016
secret,2.003
asking,1.990
business,1.990
clearly,1.990
mean,1.990
sharp,1.990
shining,1.990
nation,1.982
forgive,1.975
abandon,1.969
achbor,1.969
adah,1.969
adaiah,1.969
addition,1.969
ahinoam,1.969
akkub,1.969
amid,1.969
anak,1.969
apple,1.969
ar,1.969
araunah,1.969
arba,1.969
archways,1.969
arrogance,1.969
ascribed,1.969
attentive,1.969
avail,1.969
aven,1.969
azekah,1.969
baanah,1.969
baldness,1.969
beer,1.969
belongings,1.969
belshazzar,1.969
benjamite,1.969
bewitched,1.969
bichri,1.969
bloodthirsty,1.969
boiled,1.969
boils,1.969
bolts,1.969
booths,1.969
bozrah,1.969
ceases,1.969
chase,1.969
chebar,1.969
chemosh,1.969
clefts,1.969
cloven,1.969
consult,1.969
corn,1.969
couch,1.969
couple,1.969
cubs,1.969
cud,1.969
decide,1.969
delaiah,1.969
designated,1.969
desolations,1.969
destiny,1.969
discord,1.969
diviners,1.969
doorkeepers,1.969
doorway,1.969
dreadful,1.969
drives,1.969
drought,1.969
dyed,1.969
ebal,1.969
edrei,1.969
elioenai,1.969
elon,1.969
enclosed,1.969
encompasses,1.969
enjoyed,1.969
enlightening,1.969
equally,1.969
erred,1.969
eshtaol,1.969
examines,1.969
executes,1.969
exempt,1.969
expiate,1.969
faded,1.969
fashioned,1.969
fatigue,1.969
females,1.969
fleeing,1.969
folds,1.969
frames,1.969
germ,1.969
gershonites,1.969
hastened,1.969
hastens,1.969
hiss,1.969
hissing,1.969
hormah,1.969
horrible,1.969
horror,1.969
hud,1.969
huge,1.969
izhar,1.969
jahath,1.969
jarmuth,1.969
javan,1.969
jehozadak,1.969
jeshaiah,1.969
jether,1.969
jewels,1.969
jezreelite,1.969
joah,1.969
kenites,1.969
laish,1.969
laughed,1.969
loving,1.969
mareshah,1.969
mattithiah,1.969
meditation,1.969
megiddo,1.969
melts,1.969
millo,1.969
miserable,1.969
misfortune,1.969
misled,1.969
molech,1.969
mortals,1.969
motionless,1.969
nazirite,1.969
obeys,1.969
ophrah,1.969
oppose,1.969
ornan,1.969
paneled,1.969
parched,1.969
peaceful,1.969
pedaiah,1.969
pen,1.969
plunderer,1.969
prohibited,1.969
prostrating,1.969
raiders,1.969
rank,1.969
raven,1.969
recorder,1.969
regards,1.969
rehum,1.969
renown,1.969
revolted,1.969
rubies,1.969
sanctuaries,1.969
sank,1.969
scab,1.969
seduced,1.969
seductress,1.969
select,1.969
settings,1.969
shaphat,1.969
simply,1.969
size,1.969
skies,1.969
soil,1.969
source,1.969
spared,1.969
stationed,1.969
stew,1.969
storehouses,1.969
surrender,1.969
swarms,1.969
term,1.969
toes,1.969
traders,1.969
treachery,1.969
trespassed,1.969
tumors,1.969
unable,1.969
unpunished,1.969
uri,1.969
uz,1.969
uzzi,1.969
wastes,1.969
welfare,1.969
wet,1.969
workmen,1.969
zabad,1.969
zaccur,1.969
zippor,1.969
zoan,1.969
zoar,1.969
zur,1.969
clay,1.952
wept,1.933
food,1.926
beautiful,1.923
perform,1.923
common,1.919
brother,1.914
wife,1.909
casts,1.903
disease,1.903
disputed,1.903
distributed,1.903
enmity,1.903
faithless,1.903
intend,1.903
patiently,1.903
registered,1.903
swears,1.903
bitter,1.899
goodness,1.899
abijah,1.894
ambush,1.894
brightness,1.894
delivers,1.894
eagle,1.894
egyptian,1.894
foreigner,1.894
fourteenth,1.894
joyful,1.894
remaining,1.894
trembled,1.894
near,1.892
spoke,1.886
falsely,1.862
deceitful,1.853
keeping,1.853
knees,1.853
escaped,1.847
horns,1.847
message,1.847
allow,1.838
workers,1.838
abolished,1.838
abounded,1.838
abyss,1.838
access,1.838
administered,1.838
alienated,1.838
announced,1.838
assured,1.838
brotherhood,1.838
burdened,1.838
buys,1.838
cheated,1.838
collect,1.838
deception,1.838
defraud,1.838
delivering,1.838
deposit,1.838
dine,1.838
disturbed,1.838
earned,1.838
furnished,1.838
glorifying,1.838
glutton,1.838
goads,1.838
grinding,1.838
idolater,1.838
inquiry,1.838
kneeling,1.838
lady,1.838
level,1.838
longed,1.838
lydia,1.838
material,1.838
multiplying,1.838
nests,1.838
occupied,1.838
overtaken,1.838
performing,1.838
redeeming,1.838
reminding,1.838
repents,1.838
salem,1.838
seizes,1.838
shines,1.838
sicknesses,1.838
sleeps,1.838
sorceries,1.838
springing,1.838
steep,1.838
sternly,1.838
stumbles,1.838
sung,1.838
thunders,1.838
twisted,1.838
uncertain,1.838
unwise,1.838
vehement,1.838
wake,1.838
withstood,1.838
wondered,1.838
wind,1.826
finished,1.825
thanks,1.818
defense,1.817
sandals,1.817
thanksgiving,1.817
sinned,1.814
burns,1.792
considers,1.792
crooked,1.792
curses,1.792
decision,1.792
eliezer,1.792
forgives,1.792
frogs,1.792
generous,1.792
naaman,1.792
pangs,1.792
ranks,1.792
recover,1.792
roll,1.792
wither,1.792
charges,1.787
charitable,1.787
closely,1.787
covet,1.787
entrusted,1.787
fatted,1.787
filthiness,1.787
greedy,1.787
interpret,1.787
mature,1.787
pilgrims,1.787
sorcery,1.787
tied,1.787
trials,1.787
unknown,1.787
trumpet,1.784
country,1.778
heed,1.777
yoke,1.777
mother,1.777
breathed,1.769
dishonor,1.769
required,1.769
flee,1.747
weep,1.725
exercise,1.716
lords,1.716
multiplied,1.716
look,1.704
begin,1.700
tried,1.700
younger,1.700
glorious,1.694
stretched,1.694
abarim,1.688
abihail,1.688
address,1.688
agag,1.688
ahio,1.688
aholibamah,1.688
al,1.688
alarm,1.688
allotted,1.688
ammiel,1.688
animosity,1.688
arguing,1.688
argument,1.688
arpad,1.688
arrive,1.688
ashtaroth,1.688
ashtoreths,1.688
ataroth,1.688
attacks,1.688
awaken,1.688
awe,1.688
azmaveth,1.688
azrikam,1.688
bake,1.688
balance,1.688
bald,1.688
balm,1.688
banks,1.688
bath,1.688
baths,1.688
battles,1.688
beam,1.688
bedroom,1.688
befallen,1.688
bellies,1.688
bereave,1.688
binnui,1.688
blown,1.688
boastful,1.688
bricks,1.688
bridle,1.688
bud,1.688
busy,1.688
caravan,1.688
ceiling,1.688
censers,1.688
chastity,1.688
clap,1.688
cluster,1.688
coat,1.688
commemorate,1.688
compete,1.688
concealed,1.688
conquered,1.688
corruptly,1.688
crime,1.688
dances,1.688
dawning,1.688
dealing,1.688
deeper,1.688
defected,1.688
degrees,1.688
deities,1.688
deputy,1.688
deserved,1.688
destination,1.688
devote,1.688
dignity,1.688
disdain,1.688
dishon,1.688
distressing,1.688
drained,1.688
drip,1.688
dross,1.688
edomite,1.688
elath,1.688
eliphelet,1.688
embrace,1.688
embroidered,1.688
encompassed,1.688
entreated,1.688
ethiopian,1.688
ewe,1.688
exactly,1.688
exceed,1.688
ezion,1.688
farmers,1.688
farms,1.688
feathers,1.688
flatters,1.688
fleece,1.688
flint,1.688
foes,1.688
gallows,1.688
gershom,1.688
gets,1.688
gihon,1.688
gilboa,1.688
gittite,1.688
gomer,1.688
graciously,1.688
granddaughter,1.688
grape,1.688
graze,1.688
hajj,1.688
handbreadth,1.688
hanoch,1.688
havilah,1.688
heavier,1.688
heavily,1.688
heres,1.688
hoglah,1.688
hole,1.688
humiliate,1.688
humiliated,1.688
huram,1.688
illiterate,1.688
incurable,1.688
infant,1.688
intimate,1.688
intricately,1.688
invaded,1.688
invents,1.688
isles,1.688
jabbok,1.688
jael,1.688
jar,1.688
jared,1.688
jediael,1.688
jehohanan,1.688
jewelry,1.688
kadmiel,1.688
lavers,1.688
limit,1.688
linger,1.688
listens,1.688
loathe,1.688
lute,1.688
luz,1.688
maids,1.688
mail,1.688
masons,1.688
meraioth,1.688
migdol,1.688
mistress,1.688
musical,1.688
myrtle,1.688
necho,1.688
netophathite,1.688
noph,1.688
ostriches,1.688
othniel,1.688
outskirts,1.688
pans,1.688
pelethites,1.688
penuel,1.688
persians,1.688
pine,1.688
pitied,1.688
plagued,1.688
plowed,1.688
polished,1.688
polluted,1.688
pomegranate,1.688
pools,1.688
positions,1.688
precinct,1.688
prevented,1.688
provides,1.688
purge,1.688
push,1.688
razor,1.688
reality,1.688
recline,1.688
refer,1.688
relied,1.688
renounce,1.688
repays,1.688
residue,1.688
respond,1.688
restitution,1.688
rests,1.688
resurrect,1.688
revenue,1.688
rider,1.688
rides,1.688
rope,1.688
scheme,1.688
separating,1.688
sepharvaim,1.688
sharon,1.688
shebna,1.688
shechaniah,1.688
sheepfolds,1.688
shema,1.688
sherebiah,1.688
shimea,1.688
shinar,1.688
shishak,1.688
shovels,1.688
shual,1.688
signed,1.688
skillfully,1.688
slip,1.688
slopes,1.688
sochoh,1.688
sojourner,1.688
spied,1.688
spotted,1.688
statements,1.688
stored,1.688
stroke,1.688
suppressed,1.688
survey,1.688
survived,1.688
survivors,1.688
tahpanhes,1.688
talebearer,1.688
tappuah,1.688
taskmasters,1.688
thinking,1.688
thresh,1.688
tophet,1.688
trembles,1.688
trivial,1.688
trousers,1.688
twins,1.688
upholds,1.688
upside,1.688
urim,1.688
virginity,1.688
warriors,1.688
waved,1.688
weapon,1.688
weighing,1.688
weighs,1.688
weights,1.688
wick,1.688
withholds,1.688
zabdi,1.688
zibeon,1.688
zilpah,1.688
plead,1.669
price,1.669
sarah,1.669
secure,1.669
abhor,1.668
genealogies,1.668
rules,1.668
secrets,1.668
transgress,1.668
new,1.666
died,1.652
eaten,1.650
promised,1.650
destitute,1.646
foreign,1.646
liars,1.646
purify,1.646
reminder,1.646
comfort,1.626
suddenly,1.618
golden,1.618
jonah,1.618
desires,1.609
grass,1.607
proclaim,1.607
middle,1.607
distance,1.590
entering,1.590
zeal,1.590
sealed,1.559
bride,1.549
course,1.549
divine,1.549
explained,1.549
nursing,1.549
stature,1.549
staying,1.549
aliens,1.543
barak,1.543
binding,1.543
difficult,1.543
disbelieved,1.543
divination,1.543
gog,1.543
hamor,1.543
heifer,1.543
jealous,1.543
scepter,1.543
shave,1.543
shot,1.543
speedily,1.543
stream,1.543
tail,1.543
withhold,1.543
wounds,1.543
defile,1.538
persons,1.538
strengthened,1.538
dark,1.522
kindness,1.522
purple,1.522
bought,1.516
caught,1.516
deed,1.516
sacrifices,1.493
sixth,1.485
left,1.483
happened,1.483
affairs,1.482
spices,1.482
sure,1.482
door,1.475
hang,1.448
mock,1.448
powerful,1.448
proverb,1.448
relative,1.448
troops,1.448
zerubbabel,1.448
commander,1.447
courts,1.445
fountain,1.445
genealogy,1.445
host,1.445
kills,1.445
legs,1.445
poverty,1.445
rebellion,1.441
raise,1.429
abidan,1.406
abiezer,1.406
abiram,1.406
abishag,1.406
accumulated,1.406
achsah,1.406
acquitted,1.406
acting,1.406
admah,1.406
adoni,1.406
advance,1.406
affected,1.406
agagite,1.406
ahira,1.406
ahohite,1.406
ails,1.406
allied,1.406
allies,1.406
alter,1.406
amasai,1.406
amnesty,1.406
annihilate,1.406
arad,1.406
archite,1.406
argob,1.406
arioch,1.406
artisans,1.406
ash,1.406
associates,1.406
assyrian,1.406
baalah,1.406
bahurim,1.406
based,1.406
basemath,1.406
beards,1.406
bebai,1.406
begets,1.406
belonging,1.406
bezer,1.406
bigvai,1.406
blindly,1.406
blissful,1.406
blossoms,1.406
bough,1.406
boys,1.406
braided,1.406
caldron,1.406
carmelite,1.406
carpenters,1.406
causing,1.406
cavalry,1.406
chaldea,1.406
chedorlaomer,1.406
cheeks,1.406
chenaanah,1.406
chew,1.406
choicest,1.406
cistern,1.406
clasps,1.406
clods,1.406
concerns,1.406
constellations,1.406
consumes,1.406
consummation,1.406
counts,1.406
coupled,1.406
cradle,1.406
crafty,1.406
criteria,1.406
cushite,1.406
damages,1.406
dates,1.406
dedicate,1.406
defied,1.406
deliberately,1.406
delicate,1.406
delilah,1.406
desist,1.406
determination,1.406
deviate,1.406
directions,1.406
disbeliever,1.406
dishan,1.406
disobeying,1.406
dispossessed,1.406
distant,1.406
distinguish,1.406
dodo,1.406
doubled,1.406
drachmas,1.406
eder,1.406
eliasaph,1.406
elimelech,1.406
elnathan,1.406
encamp,1.406
enlarge,1.406
enlarges,1.406
entice,1.406
envied,1.406
ephrathah,1.406
equipment,1.406
eshcol,1.406
eshtemoa,1.406
event,1.406
events,1.406
excessive,1.406
expected,1.406
fades,1.406
fainted,1.406
famous,1.406
fasten,1.406
fir,1.406
fist,1.406
fluid,1.406
fodder,1.406
foreskins,1.406
forms,1.406
freedom,1.406
frost,1.406
fugitives,1.406
gaze,1.406
gedi,1.406
gedor,1.406
geshurites,1.406
gibbethon,1.406
gibeonites,1.406
gideoni,1.406
gleaning,1.406
gozan,1.406
graceful,1.406
grasp,1.406
grove,1.406
haggith,1.406
hairy,1.406
hammedatha,1.406
hammer,1.406
hashum,1.406
haughtiness,1.406
headed,1.406
hearth,1.406
heel,1.406
herdsmen,1.406
hesitate,1.406
holders,1.406
hook,1.406
hophni,1.406
horites,1.406
hosah,1.406
hostile,1.406
illness,1.406
immediate,1.406
immortal,1.406
implements,1.406
incur,1.406
indecent,1.406
indulged,1.406
instrument,1.406
intense,1.406
intentions,1.406
intercessor,1.406
intercessors,1.406
intimately,1.406
ira,1.406
ittai,1.406
jahaz,1.406
jahaziel,1.406
javelin,1.406
jeremoth,1.406
jezreelitess,1.406
joyous,1.406
jozadak,1.406
kirjathaim,1.406
kishon,1.406
knowledgeable,1.406
landmark,1.406
larger,1.406
lasting,1.406
leans,1.406
lentils,1.406
leviathan,1.406
libni,1.406
lice,1.406
lick,1.406
lighten,1.406
lily,1.406
listed,1.406
loads,1.406
locked,1.406
locks,1.406
log,1.406
machpelah,1.406
mahalalel,1.406
medeba,1.406
media,1.406
medina,1.406
medium,1.406
messengerss,1.406
methuselah,1.406
michaiah,1.406
midwives,1.406
milcom,1.406
mizraim,1.406
moabitess,1.406
moderate,1.406
mourners,1.406
nahath,1.406
naioth,1.406
nehemiah,1.406
niggardly,1.406
nimshi,1.406
nob,1.406
numbers,1.406
oak,1.406
oaks,1.406
oceans,1.406
ocran,1.406
offal,1.406
onan,1.406
ono,1.406
ophel,1.406
oppresses,1.406
orbit,1.406
ornament,1.406
outcasts,1.406
pagiel,1.406
pardoned,1.406
parosh,1.406
pathros,1.406
paying,1.406
pedahzur,1.406
pelatiah,1.406
perizzite,1.406
persecutors,1.406
persist,1.406
persisted,1.406
perversity,1.406
pileser,1.406
pits,1.406
plastered,1.406
prepares,1.406
presenting,1.406
prevents,1.406
previous,1.406
protector,1.406
provocation,1.406
punishes,1.406
purchase,1.406
purim,1.406
pushed,1.406
quantity,1.406
quarter,1.406
quietly,1.406
quota,1.406
radiant,1.406
raid,1.406
recitation,1.406
reclining,1.406
refresh,1.406
rejection,1.406
rekem,1.406
rely,1.406
reminders,1.406
removes,1.406
repel,1.406
rephidim,1.406
replaced,1.406
retaliation,1.406
riders,1.406
rot,1.406
roughly,1.406
rush,1.406
salah,1.406
satans,1.406
savory,1.406
scale,1.406
scorns,1.406
seahs,1.406
sects,1.406
semen,1.406
serah,1.406
sevenfold,1.406
seventeenth,1.406
shakes,1.406
shaking,1.406
shammai,1.406
sharpen,1.406
sheaf,1.406
shilonite,1.406
shimron,1.406
shirt,1.406
showered,1.406
shur,1.406
skirts,1.406
slander,1.406
slaying,1.406
slays,1.406
sling,1.406
smoothly,1.406
soloman,1.406
spares,1.406
sparks,1.406
spiritists,1.406
stare,1.406
starts,1.406
stays,1.406
stiffened,1.406
storage,1.406
stork,1.406
streaked,1.406
stump,1.406
successful,1.406
supporters,1.406
surprise,1.406
survive,1.406
sustained,1.406
sweetness,1.406
swifter,1.406
tahath,1.406
talmai,1.406
tamarisk,1.406
tambourines,1.406
temanite,1.406
thrive,1.406
thumb,1.406
tiglath,1.406
timbrel,1.406
tired,1.406
tishbite,1.406
toe,1.406
tool,1.406
trodden,1.406
ugly,1.406
underneath,1.406
unloved,1.406
untempered,1.406
ur,1.406
utters,1.406
uzzah,1.406
valiantly,1.406
valued,1.406
veils,1.406
victims,1.406
vinegar,1.406
visiting,1.406
vulture,1.406
wafers,1.406
warp,1.406
warrior,1.406
weave,1.406
web,1.406
whispering,1.406
woof,1.406
wore,1.406
wrists,1.406
yarn,1.406
zanoah,1.406
zarhites,1.406
zeboiim,1.406
zebul,1.406
zohar,1.406
zuar,1.406
worked,1.399
hearing,1.391
greatly,1.385
clean,1.372
error,1.368
appoint,1.367
companions,1.367
eighth,1.367
later,1.363
marvelous,1.363
owner,1.363
treasury,1.363
wrong,1.360
birds,1.352
falls,1.346
waiting,1.346
betrothed,1.335
elder,1.335
fit,1.335
informed,1.335
murderer,1.335
nets,1.335
repaid,1.335
tunics,1.335
wars,1.335
borne,1.301
sand,1.301
behave,1.299
briers,1.299
chaff,1.299
christians,1.299
consuming,1.299
contain,1.299
contended,1.299
counselor,1.299
despair,1.299
dig,1.299
ease,1.299
fails,1.299
friendship,1.299
grieve,1.299
health,1.299
holds,1.299
ivory,1.299
limits,1.299
medes,1.299
notice,1.299
regret,1.299
relieved,1.299
ruth,1.299
shaped,1.299
shouting,1.299
spreads,1.299
watered,1.299
workmanship,1.299
goods,1.284
learn,1.284
uncircumcised,1.284
lost,1.273
remains,1.267
taken,1.266
fruits,1.264
shepherd,1.257
read,1.255
beaten,1.252
division,1.252
foolishness,1.252
instructed,1.252
teaches,1.252
creeping,1.252
gains,1.252
plan,1.252
thunder,1.252
delay,1.235
euphrates,1.235
foreigners,1.235
furious,1.235
haran,1.235
lightning,1.235
perez,1.235
questioned,1.235
ruin,1.235
simple,1.235
songs,1.235
window,1.235
wonderful,1.235
eat,1.226
mention,1.218
corners,1.201
ended,1.201
sheep,1.197
dispute,1.182
drinking,1.182
hunger,1.182
life,1.172
granted,1.141
linen,1.141
assembled,1.136
handed,1.136
tithes,1.136
adds,1.130
blindness,1.130
chastening,1.130
flattering,1.130
hypocrite,1.130
luxury,1.130
perishes,1.130
pierced,1.130
purchased,1.130
requested,1.130
searches,1.130
shameful,1.130
spit,1.130
transgressor,1.130
using,1.130
worshipers,1.130
yesterday,1.130
matters,1.129
provided,1.127
salt,1.127
telling,1.127
abhors,1.125
abinoam,1.125
abishua,1.125
accordingly,1.125
achan,1.125
achieved,1.125
achzib,1.125
actions,1.125
addar,1.125
adding,1.125
addressed,1.125
adin,1.125
administrators,1.125
adopt,1.125
agreements,1.125
ahiezer,1.125
ahilud,1.125
aholiab,1.125
aiah,1.125
ain,1.125
almond,1.125
alternation,1.125
amend,1.125
annoy,1.125
apes,1.125
applied,1.125
apply,1.125
appreciating,1.125
arab,1.125
ararat,1.125
areas,1.125
armory,1.125
arrogantly,1.125
artistically,1.125
asherah,1.125
asshur,1.125
assir,1.125
ater,1.125
atom,1.125
attitude,1.125
avenges,1.125
azarel,1.125
baalath,1.125
badr,1.125
baggage,1.125
banners,1.125
bargain,1.125
beautify,1.125
becher,1.125
bees,1.125
bemoan,1.125
bene,1.125
bethlehemite,1.125
bewildered,1.125
bezek,1.125
bildad,1.125
bloody,1.125
bounds,1.125
boznai,1.125
breach,1.125
brocade,1.125
broom,1.125
brown,1.125
buckler,1.125
burnished,1.125
burying,1.125
buttress,1.125
canopy,1.125
carving,1.125
celebrate,1.125
channels,1.125
charms,1.125
chastised,1.125
childbirth,1.125
chimham,1.125
chop,1.125
cleanness,1.125
cobra,1.125
comforters,1.125
composition,1.125
confederate,1.125
constructed,1.125
contract,1.125
contrite,1.125
countryside,1.125
courageous,1.125
couriers,1.125
creating,1.125
crimson,1.125
cruelty,1.125
crushing,1.125
curds,1.125
dathan,1.125
debar,1.125
dedicates,1.125
delivery,1.125
dense,1.125
deputies,1.125
descendant,1.125
description,1.125
designs,1.125
details,1.125
dhu,1.125
diamond,1.125
difficulties,1.125
digs,1.125
dirt,1.125
disappear,1.125
discharged,1.125
discovered,1.125
disdained,1.125
disguised,1.125
dishes,1.125
dismounted,1.125
displease,1.125
displeasure,1.125
distinct,1.125
doeg,1.125
doubtful,1.125
dough,1.125
downward,1.125
dreamer,1.125
dress,1.125
dressed,1.125
dripping,1.125
drunken,1.125
dumah,1.125
edges,1.125
eggs,1.125
el,1.125
elealeh,1.125
elim,1.125
elizaphan,1.125
elizur,1.125
emergency,1.125
enchantments,1.125
engulf,1.125
engulfed,1.125
enlighten,1.125
epher,1.125
ephrath,1.125
etham,1.125
ethan,1.125
ewes,1.125
exact,1.125
exacted,1.125
excelled,1.125
expiation,1.125
explanation,1.125
extol,1.125
extremely,1.125
fainthearted,1.125
faints,1.125
fallow,1.125
familiar,1.125
favorably,1.125
finest,1.125
fists,1.125
flanks,1.125
flash,1.125
float,1.125
folding,1.125
fords,1.125
foreskin,1.125
forests,1.125
forks,1.125
formation,1.125
forsakes,1.125
fortify,1.125
fowl,1.125
frame,1.125
fret,1.125
funds,1.125
furrows,1.125
gaash,1.125
gambling,1.125
gaunt,1.125
gazelles,1.125
gemariah,1.125
gerahs,1.125
geshem,1.125
giddel,1.125
girgashites,1.125
gleaned,1.125
glittering,1.125
golan,1.125
grains,1.125
grandson,1.125
grasshoppers,1.125
greece,1.125
grieves,1.125
guiding,1.125
hadoram,1.125
hahiroth,1.125
hamstrung,1.125
hanamel,1.125
hananel,1.125
hararite,1.125
harassed,1.125
harmed,1.125
harsha,1.125
hats,1.125
hattaavah,1.125
hattush,1.125
hazeroth,1.125
healthy,1.125
heated,1.125
heaviness,1.125
hebronites,1.125
helon,1.125
henadad,1.125
hip,1.125
hodaviah,1.125
holiday,1.125
homer,1.125
hunting,1.125
hushathite,1.125
hushim,1.125
idolatrous,1.125
ignores,1.125
imported,1.125
induce,1.125
information,1.125
injury,1.125
innocence,1.125
intestines,1.125
invention,1.125
involved,1.125
ishi,1.125
ishmaelites,1.125
items,1.125
jaakan,1.125
jaazaniah,1.125
jamin,1.125
jattir,1.125
jaws,1.125
jebus,1.125
jehonathan,1.125
jerahmeel,1.125
jeshurun,1.125
joktan,1.125
jug,1.125
kenite,1.125
kerioth,1.125
keturah,1.125
kibroth,1.125
kids,1.125
kindred,1.125
kneading,1.125
kneel,1.125
knife,1.125
knives,1.125
korahites,1.125
laadan,1.125
languishes,1.125
lattice,1.125
laughs,1.125
ledge,1.125
lends,1.125
lighter,1.125
loaf,1.125
loathed,1.125
lod,1.125
longs,1.125
loops,1.125
lotan,1.125
lowlands,1.125
lurk,1.125
lurking,1.125
maachathite,1.125
maachathites,1.125
mahlah,1.125
maintained,1.125
malchishua,1.125
mandrakes,1.125
maon,1.125
marital,1.125
massah,1.125
meon,1.125
meremoth,1.125
merodach,1.125
mesha,1.125
meshelemiah,1.125
mikloth,1.125
mildew,1.125
millstones,1.125
mishma,1.125
miss,1.125
missed,1.125
mistake,1.125
moladah,1.125
monstrous,1.125
mounds,1.125
mud,1.125
multiplies,1.125
murdering,1.125
nebajoth,1.125
neglectful,1.125
nekoda,1.125
nettles,1.125
networks,1.125
nimrod,1.125
nineteenth,1.125
oboth,1.125
official,1.125
oholah,1.125
oholibah,1.125
onam,1.125
onward,1.125
oreb,1.125
originator,1.125
overpower,1.125
oversee,1.125
overwhelm,1.125
pahath,1.125
pallu,1.125
pardoning,1.125
pavilion,1.125
pelet,1.125
perfumer,1.125
perpetually,1.125
perpetuated,1.125
persistent,1.125
pethahiah,1.125
pi,1.125
picked,1.125
pirathonite,1.125
planting,1.125
plaster,1.125
pledged,1.125
poet,1.125
pole,1.125
pork,1.125
post,1.125
pre,1.125
predecessors,1.125
prefer,1.125
preparations,1.125
presumptuously,1.125
priestly,1.125
process,1.125
proclaims,1.125
promoted,1.125
prophethood,1.125
protects,1.125
pursuers,1.125
pursuit,1.125
qarnayn,1.125
quaked,1.125
quarrelling,1.125
quarters,1.125
rags,1.125
rains,1.125
rameses,1.125
ransomed,1.125
rash,1.125
ravine,1.125
reaiah,1.125
rebelliousness,1.125
rechabites,1.125
recipient,1.125
reddish,1.125
reduce,1.125
reforms,1.125
rehoboth,1.125
related,1.125
relating,1.125
reminded,1.125
repenting,1.125
rephaiah,1.125
repulsive,1.125
retreat,1.125
revolt,1.125
rigor,1.125
rim,1.125
ritual,1.125
rizpah,1.125
rogel,1.125
rosh,1.125
rumor,1.125
rushes,1.125
salcah,1.125
samlah,1.125
sashes,1.125
satanic,1.125
saws,1.125
scent,1.125
scornful,1.125
script,1.125
seba,1.125
seers,1.125
selling,1.125
separates,1.125
shammua,1.125
sharezer,1.125
shattered,1.125
shaul,1.125
shebaniah,1.125
shedeur,1.125
shelumiel,1.125
sheshbazzar,1.125
shethar,1.125
shimri,1.125
shimshai,1.125
shobab,1.125
shouts,1.125
shua,1.125
shuhite,1.125
shuthelah,1.125
sinews,1.125
situated,1.125
sized,1.125
slightest,1.125
smiths,1.125
softly,1.125
soothsayer,1.125
soothsaying,1.125
sperm,1.125
spider,1.125
spoons,1.125
stalk,1.125
stingy,1.125
stops,1.125
stormy,1.125
straps,1.125
strings,1.125
strongest,1.125
strove,1.125
study,1.125
submits,1.125
subsided,1.125
sufficiently,1.125
suit,1.125
sunk,1.125
sunset,1.125
superiority,1.125
surprised,1.125
survivor,1.125
sustain,1.125
sycamores,1.125
taanach,1.125
talmon,1.125
tambourine,1.125
target,1.125
tattenai,1.125
taunting,1.125
tema,1.125
tenons,1.125
tens,1.125
terrace,1.125
territories,1.125
therefrom,1.125
thickets,1.125
thighs,1.125
thummim,1.125
ties,1.125
timbrels,1.125
tob,1.125
togarmah,1.125
tola,1.125
totter,1.125
traveler,1.125
treading,1.125
treason,1.125
treasurers,1.125
trellises,1.125
triumphed,1.125
turbans,1.125
turquoise,1.125
turtledove,1.125
types,1.125
ulam,1.125
uninhabited,1.125
unite,1.125
unnecessary,1.125
untouched,1.125
upheld,1.125
uppermost,1.125
uriel,1.125
verge,1.125
victim,1.125
view,1.125
vigor,1.125
vindicate,1.125
wasteland,1.125
watcher,1.125
watering,1.125
wax,1.125
widespread,1.125
willows,1.125
workman,1.125
worshiping,1.125
wreaths,1.125
yokes,1.125
zaqqum,1.125
zephon,1.125
zurishaddai,1.125
cast,1.119
walked,1.111
stands,1.107
wages,1.107
draw,1.101
remain,1.098
husband,1.098
making,1.088
talked,1.088
grew,1.075
account,1.072
anguish,1.065
merchants,1.065
overtake,1.065
rocks,1.065
theirs,1.065
approached,1.062
behaved,1.062
bent,1.062
binds,1.062
carcass,1.062
carries,1.062
chest,1.062
compassionate,1.062
complain,1.062
confined,1.062
confounded,1.062
conspiracy,1.062
copy,1.062
counsels,1.062
custody,1.062
dedication,1.062
exchange,1.062
experienced,1.062
faithfully,1.062
floods,1.062
helpless,1.062
kidron,1.062
lamech,1.062
lays,1.062
leavened,1.062
loaded,1.062
meal,1.062
mire,1.062
misery,1.062
nearby,1.062
overflow,1.062
parties,1.062
saves,1.062
shape,1.062
shelah,1.062
slumber,1.062
syrian,1.062
terah,1.062
trustworthy,1.062
vile,1.062
watches,1.062
wells,1.062
wombs,1.062
divisions,1.042
belly,1.030
beneath,1.030
breastplate,1.030
calves,1.030
fame,1.030
hanged,1.030
harps,1.030
hezron,1.030
recognize,1.030
accursed,1.029
completed,1.029
forgave,1.029
stomach,1.029
street,1.029
afterward,0.993
sea,0.984
haste,0.982
veil,0.982
burning,0.979
deny,0.962
foundations,0.961
furnace,0.961
grown,0.961
adulterous,0.951
apiece,0.951
arrest,0.951
barns,0.951
beating,0.951
blackness,0.951
commanders,0.951
compare,0.951
condemns,0.951
danced,0.951
debtor,0.951
deceiver,0.951
drops,0.951
emerald,0.951
enriched,0.951
eve,0.951
farmer,0.951
fishermen,0.951
ink,0.951
insulted,0.951
joint,0.951
keys,0.951
lit,0.951
manifold,0.951
needed,0.951
parted,0.951
physicians,0.951
points,0.951
prays,0.951
precept,0.951
reads,0.951
sardius,0.951
sores,0.951
sounding,0.951
spoils,0.951
staffs,0.951
strayed,0.951
swim,0.951
thankful,0.951
thirsts,0.951
unholy,0.951
unity,0.951
unsearchable,0.951
unstable,0.951
vapor,0.951
weaker,0.951
worlds,0.951
delivered,0.945
conceived,0.938
upper,0.938
trembling,0.931
goes,0.919
accompanying,0.919
accurate,0.919
accuser,0.919
accusing,0.919
adjoining,0.919
adulteresses,0.919
ambassador,0.919
amethyst,0.919
appoints,0.919
aspire,0.919
asps,0.919
bandaged,0.919
bay,0.919
beats,0.919
blade,0.919
blamelessly,0.919
blasts,0.919
blemishes,0.919
boasted,0.919
brow,0.919
brutal,0.919
charging,0.919
chastens,0.919
chests,0.919
childbearing,0.919
circled,0.919
clearing,0.919
climbs,0.919
coarse,0.919
coin,0.919
collecting,0.919
communicated,0.919
concluded,0.919
confer,0.919
confirming,0.919
conquer,0.919
contemporaries,0.919
contradictions,0.919
contribution,0.919
controlled,0.919
conversation,0.919
cowardly,0.919
crimes,0.919
cummin,0.919
decrease,0.919
delusion,0.919
demanding,0.919
disappoint,0.919
discerned,0.919
disfigure,0.919
dismiss,0.919
ditch,0.919
dominions,0.919
doubted,0.919
dweller,0.919
elamites,0.919
eloquent,0.919
emptiness,0.919
exercises,0.919
expired,0.919
explaining,0.919
extortioner,0.919
farm,0.919
feeling,0.919
festival,0.919
finishing,0.919
fishing,0.919
fitted,0.919
fixing,0.919
foal,0.919
forgetting,0.919
fox,0.919
freed,0.919
frequent,0.919
fulfills,0.919
generously,0.919
gentile,0.919
gnashed,0.919
gnat,0.919
gorgeously,0.919
governs,0.919
grapevine,0.919
gratify,0.919
greedily,0.919
groaned,0.919
grudgingly,0.919
handled,0.919
hangs,0.919
harbor,0.919
hastening,0.919
hateful,0.919
haters,0.919
heaped,0.919
hinders,0.919
honorably,0.919
hopes,0.919
ignorantly,0.919
imagination,0.919
imprisoned,0.919
imprisonment,0.919
incredible,0.919
individual,0.919
inquires,0.919
insisted,0.919
inspiration,0.919
instructor,0.919
intents,0.919
interests,0.919
interpreter,0.919
interprets,0.919
jacinth,0.919
justifies,0.919
landing,0.919
lately,0.919
laud,0.919
lavish,0.919
leash,0.919
maintaining,0.919
malicious,0.919
martyrs,0.919
menservants,0.919
misleads,0.919
mixture,0.919
moisture,0.919
monuments,0.919
musicians,0.919
mutilation,0.919
nahum,0.919
negligent,0.919
nourishes,0.919
observation,0.919
obtaining,0.919
offender,0.919
offscouring,0.919
opposes,0.919
opposition,0.919
outran,0.919
perjurers,0.919
piercing,0.919
plows,0.919
poets,0.919
pondered,0.919
porches,0.919
pound,0.919
prating,0.919
pressing,0.919
probably,0.919
proportion,0.919
proving,0.919
publicly,0.919
questioning,0.919
readily,0.919
recently,0.919
recovery,0.919
refreshing,0.919
regulations,0.919
reigning,0.919
remorseful,0.919
resolve,0.919
resources,0.919
revealing,0.919
richly,0.919
ripens,0.919
rowed,0.919
scourging,0.919
seam,0.919
seared,0.919
sharper,0.919
shorn,0.919
shrewdly,0.919
shunned,0.919
sickbed,0.919
snatches,0.919
sparing,0.919
sprout,0.919
sprouted,0.919
steadily,0.919
stepped,0.919
stings,0.919
stoop,0.919
stretching,0.919
strips,0.919
studied,0.919
submitting,0.919
suitable,0.919
talkers,0.919
tempered,0.919
tending,0.919
testator,0.919
thanked,0.919
thanksgivings,0.919
thickly,0.919
threaten,0.919
threatening,0.919
training,0.919
traitor,0.919
treasurer,0.919
tumults,0.919
twist,0.919
type,0.919
uncertainty,0.919
unchangeable,0.919
unveiled,0.919
unwilling,0.919
venture,0.919
vindication,0.919
voluntary,0.919
wailed,0.919
wallowed,0.919
wanton,0.919
warped,0.919
warring,0.919
waterpots,0.919
weariness,0.919
weighty,0.919
wholesome,0.919
witnessing,0.919
worried,0.919
writes,0.919
wrongdoing,0.919
yielding,0.919
yoked,0.919
hear,0.913
allowed,0.908
burial,0.908
crops,0.908
examples,0.908
pleasures,0.908
tables,0.908
despise,0.897
hates,0.897
seized,0.897
add,0.891
cleanse,0.891
coals,0.888
confusion,0.888
join,0.888
kindled,0.888
memorial,0.888
ordained,0.888
plants,0.888
singing,0.888
stronger,0.888
troubles,0.888
unto,0.888
abdi,0.844
abib,0.844
abiel,0.844
abijam,0.844
absolutely,0.844
accidentally,0.844
achor,0.844
achshaph,0.844
acquire,0.844
acquit,0.844
adiel,0.844
adjacent,0.844
admonished,0.844
adonikam,0.844
adrammelech,0.844
adullamite,0.844
adulterer,0.844
adversities,0.844
affect,0.844
afflicts,0.844
ahava,0.844
ahiman,0.844
akrabbim,0.844
alemeth,0.844
almon,0.844
alongside,0.844
amber,0.844
ammishaddai,0.844
ammonitess,0.844
amusement,0.844
anathothite,0.844
ant,0.844
anxiety,0.844
appointing,0.844
aqueduct,0.844
arabian,0.844
arabians,0.844
arah,0.844
aramaic,0.844
argued,0.844
ariel,0.844
aright,0.844
arrange,0.844
arrangement,0.844
arrival,0.844
artisan,0.844
ascribing,0.844
asenath,0.844
ashan,0.844
ashbel,0.844
ashkenaz,0.844
asphalt,0.844
asriel,0.844
assault,0.844
assemblies,0.844
assign,0.844
attai,0.844
attempts,0.844
attire,0.844
attracted,0.844
aunts,0.844
avenging,0.844
avoided,0.844
awaits,0.844
azel,0.844
azgad,0.844
azmon,0.844
azubah,0.844
backslidings,0.844
bamoth,0.844
barefoot,0.844
bases,0.844
battering,0.844
battlefield,0.844
bedouins,0.844
beerothite,0.844
befell,0.844
beggars,0.844
behaves,0.844
bel,0.844
beliefs,0.844
bells,0.844
beneficial,0.844
benevolent,0.844
bequest,0.844
berith,0.844
besor,0.844
bestows,0.844
beveled,0.844
bewail,0.844
bezai,0.844
bilhan,0.844
bin,0.844
bitten,0.844
blacksmith,0.844
blight,0.844
blighted,0.844
blocks,0.844
bottle,0.844
bowstrings,0.844
breed,0.844
brier,0.844
brim,0.844
brink,0.844
bruise,0.844
bucklers,0.844
bukki,0.844
butter,0.844
buttocks,0.844
buyer,0.844
buz,0.844
calamities,0.844
cane,0.844
capable,0.844
caphtor,0.844
caphtorim,0.844
carchemish,0.844
carrion,0.844
carve,0.844
cassia,0.844
catastrophe,0.844
chainwork,0.844
champion,0.844
changing,0.844
chenaniah,0.844
chewing,0.844
chews,0.844
chinnereth,0.844
chinneroth,0.844
clot,0.844
clung,0.844
coastland,0.844
coats,0.844
col,0.844
comforter,0.844
comparable,0.844
comparison,0.844
conceives,0.844
conception,0.844
confront,0.844
confuse,0.844
consequence,0.844
contends,0.844
contents,0.844
convey,0.844
convocations,0.844
cooked,0.844
cooking,0.844
corrects,0.844
craving,0.844
crossing,0.844
cushan,0.844
cuttings,0.844
dagger,0.844
damaged,0.844
danites,0.844
dearly,0.844
defects,0.844
defy,0.844
delightful,0.844
demolished,0.844
denial,0.844
denounce,0.844
deployed,0.844
descends,0.844
described,0.844
designer,0.844
desperate,0.844
detests,0.844
deuel,0.844
devotedly,0.844
diblathaim,0.844
disappears,0.844
disappointed,0.844
disciplined,0.844
discourse,0.844
disdains,0.844
disguise,0.844
dismay,0.844
disobeys,0.844
displeasing,0.844
disquieted,0.844
disregards,0.844
disrespect,0.844
distinctly,0.844
document,0.844
dominated,0.844
doorpost,0.844
dregs,0.844
driver,0.844
drowning,0.844
duly,0.844
eater,0.844
ebenezer,0.844
ebiasaph,0.844
elderly,0.844
eleasah,0.844
elhanan,0.844
eliada,0.844
elias,0.844
elishah,0.844
elpaal,0.844
embalmed,0.844
embark,0.844
emigrants,0.844
emim,0.844
emission,0.844
encampment,0.844
ending,0.844
endowed,0.844
engage,0.844
engrave,0.844
engraver,0.844
engraving,0.844
engravings,0.844
ensnared,0.844
entices,0.844
entirety,0.844
entrances,0.844
entryway,0.844
envision,0.844
envisioned,0.844
ephahs,0.844
ephraimite,0.844
equivalent,0.844
erect,0.844
errors,0.844
esarhaddon,0.844
escort,0.844
escorts,0.844
essence,0.844
etam,0.844
eventually,0.844
excellency,0.844
exemption,0.844
exercising,0.844
exhausted,0.844
exile,0.844
existing,0.844
exits,0.844
experiencing,0.844
extending,0.844
extreme,0.844
ezekiel,0.844
ezem,0.844
facts,0.844
fairest,0.844
falcon,0.844
fashions,0.844
fatlings,0.844
fearfulness,0.844
fertile,0.844
fewer,0.844
firepans,0.844
flashing,0.844
flat,0.844
fleet,0.844
flooding,0.844
floodplain,0.844
flourishing,0.844
fluent,0.844
flutes,0.844
forcing,0.844
forgetfulness,0.844
frontlets,0.844
fugitive,0.844
fuller,0.844
galal,0.844
galleries,0.844
galloping,0.844
gannim,0.844
gaps,0.844
gareb,0.844
garrisons,0.844
gerizim,0.844
gileadites,0.844
gloriously,0.844
goldsmith,0.844
gradual,0.844
grandsons,0.844
grasped,0.844
grate,0.844
grating,0.844
grazed,0.844
guile,0.844
guni,0.844
habor,0.844
hadid,0.844
hagoyim,0.844
hagrites,0.844
halah,0.844
halt,0.844
halted,0.844
hamul,0.844
hamutal,0.844
handles,0.844
handsome,0.844
harlotries,0.844
harness,0.844
harosheth,0.844
hasshub,0.844
hathach,0.844
havoth,0.844
hawk,0.844
heeds,0.844
helez,0.844
hena,0.844
hips,0.844
history,0.844
hodijah,0.844
holon,0.844
homage,0.844
hoof,0.844
hoopoe,0.844
horde,0.844
horizon,0.844
horonaim,0.844
horonite,0.844
horseback,0.844
horseman,0.844
hoshaiah,0.844
hunted,0.844
hunter,0.844
hunts,0.844
huppim,0.844
husham,0.844
ice,0.844
identify,0.844
igal,0.844
ijon,0.844
illegal,0.844
impious,0.844
important,0.844
impoverished,0.844
impudent,0.844
incident,0.844
incited,0.844
indulge,0.844
inexperienced,0.844
infidels,0.844
inhabits,0.844
inkhorn,0.844
inmost,0.844
inscribed,0.844
insert,0.844
insist,0.844
intact,0.844
interpretations,0.844
interpreted,0.844
ir,0.844
islamic,0.844
issues,0.844
ivah,0.844
izharites,0.844
jaalam,0.844
japhia,0.844
jawbone,0.844
jehozabad,0.844
jeshimon,0.844
jest,0.844
jetur,0.844
jezer,0.844
jokneam,0.844
jokshan,0.844
jotbathah,0.844
kabzeel,0.844
kanah,0.844
kedemoth,0.844
kelita,0.844
kemuel,0.844
kenizzite,0.844
kin,0.844
kinsmen,0.844
knob,0.844
knobs,0.844
kore,0.844
kors,0.844
koz,0.844
lahai,0.844
languish,0.844
laughing,0.844
leanness,0.844
ledges,0.844
lehi,0.844
lengthen,0.844
lets,0.844
lewd,0.844
limb,0.844
lime,0.844
lines,0.844
lintel,0.844
lioness,0.844
lip,0.844
liquid,0.844
loathes,0.844
logs,0.844
loom,0.844
losers,0.844
lubim,0.844
lud,0.844
lumps,0.844
lustful,0.844
lyre,0.844
madman,0.844
mahath,0.844
malchiah,0.844
malchiel,0.844
malluch,0.844
mandatory,0.844
manners,0.844
marah,0.844
marching,0.844
marks,0.844
marred,0.844
marriages,0.844
maternal,0.844
mattan,0.844
mattenai,0.844
meddle,0.844
mehetabel,0.844
mephaath,0.844
metalsmith,0.844
mibsam,0.844
midianite,0.844
midwife,0.844
migrated,0.844
military,0.844
mischief,0.844
mistakes,0.844
mizzah,0.844
moabite,0.844
modest,0.844
mold,0.844
molds,0.844
monster,0.844
moral,0.844
moresheth,0.844
mosques,0.844
moulded,0.844
mounted,0.844
moza,0.844
naamah,0.844
naamathite,0.844
naarah,0.844
naphish,0.844
nativity,0.844
nazirites,0.844
neariah,0.844
nepheg,0.844
nergal,0.844
netophathites,0.844
nineteen,0.844
non,0.844
notwithstanding,0.844
obligations,0.844
obligatory,0.844
obtains,0.844
occur,0.844
ocean,0.844
oded,0.844
ointments,0.844
omer,0.844
omnipresent,0.844
onlookers,0.844
oppressions,0.844
orion,0.844
ornamental,0.844
ostrich,0.844
overnight,0.844
overthrows,0.844
overwhelming,0.844
owned,0.844
paltry,0.844
pardons,0.844
paseah,0.844
pastry,0.844
paternal,0.844
pekahiah,0.844
pelaiah,0.844
pelican,0.844
perazim,0.844
persistently,0.844
pertains,0.844
perversion,0.844
perverts,0.844
pherah,0.844
phichol,0.844
picks,0.844
pile,0.844
pillage,0.844
pipes,0.844
planks,0.844
plates,0.844
pleiades,0.844
plowshares,0.844
plumb,0.844
plunderers,0.844
plunders,0.844
pointed,0.844
pompous,0.844
ponder,0.844
populated,0.844
possessor,0.844
postponed,0.844
poti,0.844
pretend,0.844
principal,0.844
prohibit,0.844
proportionately,0.844
propose,0.844
propped,0.844
prostitute,0.844
protectors,0.844
protest,0.844
provocations,0.844
provokes,0.844
pruning,0.844
puah,0.844
published,0.844
pul,0.844
pur,0.844
purposely,0.844
qibla,0.844
quail,0.844
quails,0.844
quake,0.844
quarry,0.844
rabbis,0.844
rabsaris,0.844
rages,0.844
raided,0.844
raiding,0.844
range,0.844
rate,0.844
ravished,0.844
realizes,0.844
reared,0.844
rebuilding,0.844
reduced,0.844
reflect,0.844
refusing,0.844
regain,0.844
rehabiah,0.844
rejecting,0.844
relation,0.844
religions,0.844
remarks,0.844
remedy,0.844
remote,0.844
repeated,0.844
representatives,0.844
respected,0.844
restless,0.844
restraint,0.844
results,0.844
resume,0.844
revives,0.844
ridicule,0.844
rightful,0.844
rights,0.844
rinsed,0.844
roam,0.844
roared,0.844
roi,0.844
rotten,0.844
rottenness,0.844
rouse,0.844
roused,0.844
routed,0.844
royalty,0.844
ruddy,0.844
sabeans,0.844
saddle,0.844
sale,0.844
salma,0.844
salty,0.844
sapphires,0.844
scapegoat,0.844
scholars,0.844
scoff,0.844
scorching,0.844
scorned,0.844
scornfully,0.844
seah,0.844
segub,0.844
sela,0.844
senir,0.844
senseless,0.844
sepher,0.844
sever,0.844
shabbethai,0.844
shamir,0.844
shan,0.844
sharpened,0.844
shean,0.844
shear,0.844
shearers,0.844
shebuel,0.844
sheepshearers,0.844
sheer,0.844
shemariah,0.844
shemiramoth,0.844
sheshan,0.844
shooting,0.844
shunem,0.844
shuppim,0.844
sibbechai,0.844
sibmah,0.844
siddim,0.844
signal,0.844
silently,0.844
simeonites,0.844
situation,0.844
sixteenth,0.844
slanderous,0.844
slippery,0.844
slips,0.844
smile,0.844
snorting,0.844
soap,0.844
socket,0.844
sparrow,0.844
speed,0.844
spelt,0.844
spiteful,0.844
sport,0.844
stag,0.844
stage,0.844
stagger,0.844
stalls,0.844
standards,0.844
stank,0.844
steals,0.844
stillborn,0.844
stink,0.844
stores,0.844
structure,0.844
struggled,0.844
stupid,0.844
subdues,0.844
succeed,0.844
successfully,0.844
suggested,0.844
superior,0.844
suppressing,0.844
surprisingly,0.844
suspicious,0.844
sustainer,0.844
swallows,0.844
swarming,0.844
swearing,0.844
sweeter,0.844
symphony,0.844
ta,0.844
taller,0.844
tapestry,0.844
tasks,0.844
tel,0.844
tended,0.844
testaments,0.844
theft,0.844
thirds,0.844
threat,0.844
thumbs,0.844
thunderbolt,0.844
tightly,0.844
tilled,0.844
timnath,0.844
tin,0.844
tingle,0.844
tobijah,0.844
total,0.844
train,0.844
trapped,0.844
travellers,0.844
trays,0.844
trench,0.844
tribal,0.844
triumphant,0.844
trod,0.844
troubling,0.844
trunks,0.844
trusting,0.844
tunnel,0.844
tur,0.844
turmoil,0.844
twig,0.844
tyrant,0.844
uncovers,0.844
unfaithfully,0.844
usual,0.844
vapors,0.844
variety,0.844
vats,0.844
vegetation,0.844
viewed,0.844
views,0.844
wafer,0.844
wardrobe,0.844
warners,0.844
warns,0.844
watchtower,0.844
weakened,0.844
wealthy,0.844
weeds,0.844
whips,0.844
whistle,0.844
whiter,0.844
widowhood,0.844
wink,0.844
winnow,0.844
worn,0.844
worthier,0.844
wove,0.844
wrestled,0.844
wring,0.844
writer,0.844
wrongly,0.844
wrought,0.844
ya,0.844
yah,0.844
yea,0.844
yearned,0.844
zattu,0.844
zebub,0.844
zeeb,0.844
zerahiah,0.844
zered,0.844
zeresh,0.844
ziha,0.844
zipporah,0.844
zophar,0.844
zuph,0.844
changed,0.842
doubt,0.842
fools,0.842
helper,0.842
presented,0.842
victory,0.842
cling,0.834
fastened,0.834
fly,0.834
frankincense,0.834
killing,0.834
loyal,0.834
measuring,0.834
nineveh,0.834
roaring,0.834
ropes,0.834
shouted,0.834
sorrows,0.834
accomplish,0.834
activities,0.834
arphaxad,0.834
beor,0.834
boy,0.834
condition,0.834
earthen,0.834
encourage,0.834
flees,0.834
founded,0.834
hire,0.834
including,0.834
madness,0.834
maidservants,0.834
marked,0.834
moving,0.834
pierce,0.834
protected,0.834
pursuing,0.834
refuses,0.834
relief,0.834
ripe,0.834
seashore,0.834
stiff,0.834
stirs,0.834
wares,0.834
worth,0.834
offered,0.831
hate,0.826
kind,0.826
hidden,0.811
gird,0.809
questions,0.809
wished,0.809
attention,0.803
books,0.803
branch,0.803
miracle,0.803
prevailed,0.803
strive,0.803
submit,0.803
dominion,0.783
hold,0.767
bad,0.765
plainly,0.757
shows,0.757
sanctify,0.748
prophet,0.737
scattered,0.732
holiness,0.731
sounded,0.731
remained,0.730
creation,0.729
bread,0.722
deceit,0.721
declared,0.721
repay,0.721
abominable,0.720
anointing,0.720
breast,0.720
burdens,0.720
drowned,0.720
eighteen,0.720
ordinances,0.720
prudent,0.720
ransom,0.720
sad,0.720
winds,0.718
suffer,0.715
bearing,0.713
large,0.711
planted,0.710
today,0.701
apart,0.685
men,0.682
chastened,0.681
crystal,0.681
drawing,0.681
futile,0.681
groan,0.681
hanging,0.681
harlots,0.681
hem,0.681
highways,0.681
late,0.681
lightnings,0.681
prize,0.681
prophesying,0.681
reverence,0.681
scatters,0.681
special,0.681
sum,0.681
wearing,0.681
yields,0.681
committed,0.678
given,0.676
darkness,0.672
keeps,0.667
almighty,0.655
bosom,0.654
fed,0.654
inquired,0.654
outer,0.654
played,0.654
brothers,0.652
bestowed,0.650
couches,0.650
dawn,0.650
expect,0.650
hallowed,0.650
higher,0.650
kindly,0.650
laugh,0.650
lodge,0.650
lowest,0.650
melt,0.650
michael,0.650
orders,0.650
oven,0.650
prove,0.650
pull,0.650
similar,0.650
violently,0.650
birth,0.647
endures,0.647
shown,0.642
able,0.634
riches,0.623
hearts,0.619
aged,0.617
approaches,0.617
arabs,0.617
birthright,0.617
blot,0.617
blows,0.617
certainty,0.617
chance,0.617
clings,0.617
clusters,0.617
craftsman,0.617
crush,0.617
desirable,0.617
driving,0.617
eliakim,0.617
ethiopians,0.617
flaming,0.617
fountains,0.617
futility,0.617
gall,0.617
guarded,0.617
journeys,0.617
lights,0.617
magog,0.617
merchant,0.617
oldest,0.617
pervert,0.617
pigeons,0.617
plundering,0.617
purposes,0.617
real,0.617
rebels,0.617
reproached,0.617
sapphire,0.617
security,0.617
seduce,0.617
silk,0.617
subdue,0.617
surety,0.617
swell,0.617
turtledoves,0.617
united,0.617
wormwood,0.617
save,0.614
flame,0.613
graves,0.613
proclaimed,0.613
utter,0.613
arise,0.613
woe,0.613
times,0.612
hands,0.603
open,0.602
yes,0.592
abroad,0.591
accomplished,0.591
consent,0.591
difficulty,0.591
flute,0.591
preacher,0.591
produced,0.591
regarding,0.591
shook,0.591
horse,0.587
reveal,0.587
hated,0.586
satan,0.574
dies,0.571
report,0.571
sow,0.571
unleavened,0.570
declare,0.569
aside,0.568
ascend,0.564
black,0.564
creator,0.564
diligently,0.564
moment,0.564
ninety,0.564
aaronites,0.562
abandons,0.562
abda,0.562
abiezrites,0.562
abilities,0.562
abimael,0.562
abishalom,0.562
abishur,0.562
abital,0.562
abronah,0.562
abstained,0.562
abused,0.562
accounting,0.562
accumulate,0.562
achieving,0.562
acquainted,0.562
active,0.562
adbeel,0.562
administer,0.562
adna,0.562
adnah,0.562
adoniram,0.562
adoram,0.562
adorns,0.562
adriel,0.562
adummim,0.562
advisors,0.562
afflicting,0.562
afternoon,0.562
agents,0.562
ahi,0.562
ahiam,0.562
ahisamach,0.562
ahlai,0.562
aided,0.562
ajah,0.562
algum,0.562
allon,0.562
almonds,0.562
almug,0.562
aloof,0.562
alternate,0.562
alush,0.562
amalekite,0.562
ambushes,0.562
amittai,0.562
ammi,0.562
amounts,0.562
amraphel,0.562
amzi,0.562
anab,0.562
anaiah,0.562
anamim,0.562
ananiah,0.562
anath,0.562
anchor,0.562
ancients,0.562
aner,0.562
ankles,0.562
antelope,0.562
antiquity,0.562
ants,0.562
anxieties,0.562
appaim,0.562
appealing,0.562
appetite,0.562
apples,0.562
apportion,0.562
appreciate,0.562
appreciated,0.562
appreciative,0.562
aran,0.562
archer,0.562
archway,0.562
ard,0.562
areli,0.562
arkite,0.562
armrests,0.562
arraign,0.562
arrives,0.562
arvad,0.562
arvadite,0.562
ascribes,0.562
ashdodites,0.562
ashhur,0.562
ashtoreth,0.562
ashurites,0.562
assessment,0.562
assistance,0.562
associated,0.562
association,0.562
atad,0.562
atroth,0.562
attacking,0.562
attract,0.562
attracts,0.562
avim,0.562
avites,0.562
avith,0.562
awaiting,0.562
awakened,0.562
awakes,0.562
awl,0.562
axles,0.562
azaliah,0.562
azriel,0.562
badgers,0.562
bakka,0.562
baladan,0.562
bandage,0.562
banishment,0.562
barkos,0.562
barred,0.562
bashful,0.562
baz,0.562
bdellium,0.562
beans,0.562
bearers,0.562
bedad,0.562
bedan,0.562
bedouin,0.562
beeroth,0.562
bell,0.562
benefitted,0.562
beno,0.562
bequeath,0.562
bequeathed,0.562
berachah,0.562
bereaved,0.562
bered,0.562
besai,0.562
besieging,0.562
betroth,0.562
biggest,0.562
bilgah,0.562
billows,0.562
bites,0.562
blaze,0.562
blended,0.562
blinds,0.562
bliss,0.562
blocked,0.562
blush,0.562
boastfully,0.562
bocheru,0.562
bochim,0.562
bohan,0.562
booth,0.562
borrowed,0.562
borrower,0.562
bother,0.562
bottles,0.562
bozkath,0.562
brand,0.562
breakthrough,0.562
breathe,0.562
breathes,0.562
bred,0.562
bribery,0.562
brightened,0.562
brightening,0.562
broth,0.562
bruises,0.562
bucket,0.562
buckets,0.562
budded,0.562
bukkiah,0.562
bulge,0.562
bulrush,0.562
bulwarks,0.562
bunni,0.562
buries,0.562
burnings,0.562
buzzard,0.562
cabul,0.562
calah,0.562
calamitous,0.562
calmed,0.562
calneh,0.562
capacity,0.562
capture,0.562
cared,0.562
careless,0.562
carelessly,0.562
caring,0.562
carmelitess,0.562
casluhim,0.562
cautious,0.562
ceilings,0.562
ceramic,0.562
ceremonies,0.562
chair,0.562
chaldean,0.562
channel,0.562
chaos,0.562
chargers,0.562
charioteers,0.562
charmed,0.562
charmers,0.562
chastisement,0.562
cheese,0.562
chelub,0.562
chephirah,0.562
cheran,0.562
cherisher,0.562
cherith,0.562
chilion,0.562
chislev,0.562
circulate,0.562
circumference,0.562
cisterns,0.562
claimed,0.562
claims,0.562
clan,0.562
clans,0.562
clapped,0.562
clarify,0.562
cleared,0.562
cleft,0.562
cloudy,0.562
coal,0.562
coastline,0.562
cobras,0.562
collapse,0.562
colored,0.562
columns,0.562
comforting,0.562
communities,0.562
competing,0.562
complacency,0.562
complacent,0.562
compose,0.562
comprehensively,0.562
conceals,0.562
congregations,0.562
coniah,0.562
cononiah,0.562
consecrates,0.562
consecutive,0.562
consented,0.562
consists,0.562
console,0.562
constantly,0.562
constituency,0.562
construct,0.562
contemptuously,0.562
contest,0.562
continuous,0.562
continuously,0.562
contracts,0.562
controls,0.562
cook,0.562
coriander,0.562
corresponding,0.562
corrupters,0.562
costs,0.562
countless,0.562
courtyards,0.562
covets,0.562
craftily,0.562
crags,0.562
crash,0.562
crawling,0.562
cream,0.562
creditors,0.562
criminal,0.562
cruelly,0.562
crumble,0.562
cucumbers,0.562
cultivate,0.562
cupbearers,0.562
currency,0.562
current,0.562
cursings,0.562
cushi,0.562
cushions,0.562
custodian,0.562
daberath,0.562
dappled,0.562
darken,0.562
darkon,0.562
deaths,0.562
decisions,0.562
decisively,0.562
decks,0.562
decline,0.562
decorated,0.562
decreased,0.562
defecated,0.562
defecting,0.562
defectors,0.562
defender,0.562
defending,0.562
defiant,0.562
defiantly,0.562
defiling,0.562
degenerate,0.562
delicious,0.562
delusions,0.562
denounced,0.562
depends,0.562
deploy,0.562
deposed,0.562
depository,0.562
depression,0.562
designed,0.562
despairing,0.562
despairs,0.562
desperately,0.562
destitution,0.562
destroyers,0.562
destructions,0.562
detailed,0.562
detain,0.562
detained,0.562
detest,0.562
detested,0.562
devastation,0.562
develop,0.562
deviated,0.562
devotion,0.562
diadem,0.562
diklah,0.562
dinhabah,0.562
dire,0.562
directing,0.562
directly,0.562
disagreed,0.562
disappeared,0.562
disappointment,0.562
disclose,0.562
discourage,0.562
discover,0.562
disfigurement,0.562
disguises,0.562
displace,0.562
display,0.562
distinguishable,0.562
distressful,0.562
distributes,0.562
diverted,0.562
dome,0.562
dominance,0.562
dominate,0.562
domination,0.562
dophkah,0.562
dothan,0.562
downfall,0.562
dowries,0.562
drain,0.562
drench,0.562
dries,0.562
droves,0.562
drowsiness,0.562
duration,0.562
eared,0.562
eased,0.562
eczema,0.562
effort,0.562
efforts,0.562
eglaim,0.562
eked,0.562
ekronites,0.562
elaborate,0.562
elasah,0.562
eldaah,0.562
eldad,0.562
eldest,0.562
elevation,0.562
eliah,0.562
eliam,0.562
eliathah,0.562
eliehoenai,0.562
ellasar,0.562
eltekeh,0.562
eltolad,0.562
elzabad,0.562
elzaphan,0.562
embarked,0.562
embarrassed,0.562
embroidery,0.562
emek,0.562
employed,0.562
encamps,0.562
encircling,0.562
encompass,0.562
endanger,0.562
enigmas,0.562
enjoying,0.562
enlightenment,0.562
enraptured,0.562
enrich,0.562
enslave,0.562
enthroned,0.562
entrust,0.562
ephraimites,0.562
erech,0.562
eri,0.562
erring,0.562
escaping,0.562
esh,0.562
eshban,0.562
ether,0.562
evermore,0.562
evi,0.562
exacting,0.562
exchanges,0.562
exchanging,0.562
excited,0.562
exiles,0.562
expanded,0.562
explanations,0.562
explosion,0.562
exported,0.562
expressing,0.562
extends,0.562
extensively,0.562
extinguish,0.562
extinguished,0.562
extolled,0.562
ezbon,0.562
ezel,0.562
facilitate,0.562
fading,0.562
falsehoods,0.562
famished,0.562
fangs,0.562
fantasy,0.562
fare,0.562
farming,0.562
fashion,0.562
fawns,0.562
fearfully,0.562
fiercely,0.562
fiftieth,0.562
figures,0.562
financial,0.562
financially,0.562
fins,0.562
fires,0.562
fisher,0.562
fix,0.562
flanges,0.562
flatter,0.562
flattery,0.562
flea,0.562
fleshhook,0.562
flew,0.562
flinty,0.562
flooded,0.562
floodwaters,0.562
floors,0.562
follower,0.562
forefront,0.562
forelocks,0.562
foresees,0.562
forged,0.562
fortieth,0.562
foster,0.562
fours,0.562
foursquare,0.562
fowler,0.562
frail,0.562
friendly,0.562
frightens,0.562
frivolity,0.562
frowned,0.562
frozen,0.562
fruitless,0.562
frustrates,0.562
fulfil,0.562
fun,0.562
furiously,0.562
gadi,0.562
gahar,0.562
gale,0.562
galeed,0.562
gallim,0.562
games,0.562
gamul,0.562
gap,0.562
gape,0.562
gatam,0.562
gatepost,0.562
gatherers,0.562
gazites,0.562
gazzam,0.562
gebal,0.562
gebalites,0.562
gederah,0.562
gederoth,0.562
gestures,0.562
gether,0.562
giddalti,0.562
giloh,0.562
gilonite,0.562
girding,0.562
girds,0.562
girgashite,0.562
gittaim,0.562
gleanings,0.562
gloominess,0.562
gloomy,0.562
goblets,0.562
goldsmiths,0.562
gore,0.562
gored,0.562
government,0.562
grasps,0.562
grasshopper,0.562
gravel,0.562
gravely,0.562
grayheaded,0.562
greenish,0.562
grievous,0.562
groanings,0.562
growl,0.562
guardroom,0.562
gull,0.562
gur,0.562
gush,0.562
habaiah,0.562
haccerem,0.562
hachilah,0.562
hadar,0.562
haggi,0.562
hagidgad,0.562
haired,0.562
halak,0.562
hallohesh,0.562
hamathite,0.562
hammath,0.562
hammers,0.562
hammon,0.562
hamon,0.562
handfuls,0.562
hardly,0.562
hare,0.562
harmonious,0.562
harnessed,0.562
harshly,0.562
harvester,0.562
hash,0.562
hashabniah,0.562
hashmonah,0.562
hasupha,0.562
hatch,0.562
hatipha,0.562
hatita,0.562
hattil,0.562
haughtily,0.562
haven,0.562
heading,0.562
hedged,0.562
heedless,0.562
heedlessly,0.562
hegai,0.562
helah,0.562
helam,0.562
heldai,0.562
helek,0.562
helem,0.562
heleph,0.562
henna,0.562
hephzibah,0.562
heroes,0.562
hesed,0.562
hethlon,0.562
hezronites,0.562
hideouts,0.562
hillel,0.562
hillside,0.562
hinges,0.562
hirah,0.562
homers,0.562
honesty,0.562
hordes,0.562
hori,0.562
hornet,0.562
hostages,0.562
hotham,0.562
hothir,0.562
hozeh,0.562
hul,0.562
huldah,0.562
hundredth,0.562
hurled,0.562
hurls,0.562
hurting,0.562
hut,0.562
hyrax,0.562
ibleam,0.562
ibzan,0.562
ichabod,0.562
ideas,0.562
idleness,0.562
idly,0.562
idolators,0.562
idris,0.562
ihram,0.562
ije,0.562
ijim,0.562
ikkesh,0.562
illiyin,0.562
imla,0.562
imlah,0.562
immature,0.562
imnah,0.562
imposes,0.562
imprison,0.562
imprisons,0.562
imran,0.562
imri,0.562
ina,0.562
inaugurated,0.562
incensed,0.562
incumbent,0.562
india,0.562
indicate,0.562
inflammation,0.562
informing,0.562
inhabiting,0.562
injuries,0.562
inlaid,0.562
innocents,0.562
insignificant,0.562
insisting,0.562
inspire,0.562
instructs,0.562
insult,0.562
intentionally,0.562
interpreting,0.562
intrigue,0.562
invade,0.562
inventing,0.562
involvement,0.562
iram,0.562
irijah,0.562
irons,0.562
ish,0.562
ishbak,0.562
ishmaelite,0.562
ishmaiah,0.562
islands,0.562
ismael,0.562
isolated,0.562
isshiah,0.562
ithiel,0.562
ithran,0.562
ithrite,0.562
jaala,0.562
jaaziah,0.562
jabez,0.562
jabneel,0.562
jackdaw,0.562
jada,0.562
jahleel,0.562
jahzah,0.562
jakim,0.562
janohah,0.562
japhlet,0.562
jarha,0.562
jarib,0.562
jasher,0.562
jashub,0.562
javelins,0.562
jecholiah,0.562
jehallelel,0.562
jehdeiah,0.562
jehoiarib,0.562
jehonadab,0.562
jehudi,0.562
jekameam,0.562
jemuel,0.562
jerahmeelites,0.562
jeriah,0.562
jeshimoth,0.562
jewel,0.562
jezaniah,0.562
jingling,0.562
jiphthah,0.562
jochebed,0.562
joha,0.562
joiada,0.562
joiarib,0.562
joking,0.562
jolted,0.562
joshaphat,0.562
joshbekashah,0.562
jubilant,0.562
juice,0.562
junction,0.562
juttah,0.562
kabah,0.562
kain,0.562
karnaim,0.562
kedemah,0.562
kehelathah,0.562
kenath,0.562
keros,0.562
keveh,0.562
kicked,0.562
kishion,0.562
kisses,0.562
kite,0.562
kittim,0.562
knead,0.562
kneaded,0.562
kolaiah,0.562
ladder,0.562
ladles,0.562
laggardly,0.562
lairs,0.562
lamenting,0.562
landmarks,0.562
lapped,0.562
lasted,0.562
layers,0.562
leadership,0.562
legal,0.562
lehabim,0.562
lender,0.562
lengthening,0.562
lent,0.562
levelled,0.562
libyans,0.562
lightening,0.562
limbs,0.562
limited,0.562
limp,0.562
lined,0.562
listing,0.562
literate,0.562
lock,0.562
loftiness,0.562
longings,0.562
lotus,0.562
lovesick,0.562
lovingkindnesses,0.562
lowing,0.562
loyalty,0.562
ludim,0.562
luhith,0.562
luqman,0.562
luxuries,0.562
maaziah,0.562
madai,0.562
madly,0.562
madmannah,0.562
madmen,0.562
magdiel,0.562
magical,0.562
mahalath,0.562
mahaneh,0.562
maharai,0.562
mahazioth,0.562
maher,0.562
mahlites,0.562
mahlon,0.562
mahseiah,0.562
maiden,0.562
maintains,0.562
maintenance,0.562
mallothi,0.562
manahath,0.562
manassites,0.562
manhood,0.562
marcaboth,0.562
marches,0.562
mariners,0.562
market,0.562
marshes,0.562
marvelously,0.562
mash,0.562
masrekah,0.562
massa,0.562
mast,0.562
mate,0.562
matred,0.562
mattanah,0.562
matured,0.562
meaningless,0.562
measurement,0.562
medad,0.562
medan,0.562
mede,0.562
medicines,0.562
meditates,0.562
meetings,0.562
mehida,0.562
meholah,0.562
meholathite,0.562
melah,0.562
memucan,0.562
mene,0.562
mental,0.562
merab,0.562
mercifully,0.562
mered,0.562
merits,0.562
merom,0.562
metal,0.562
meunites,0.562
mezahab,0.562
mibzar,0.562
micha,0.562
michah,0.562
michmas,0.562
migron,0.562
mijamin,0.562
millet,0.562
minnith,0.562
mirrors,0.562
miscarriage,0.562
mischievous,0.562
miser,0.562
misrephoth,0.562
mission,0.562
mistreat,0.562
mistreats,0.562
mithkah,0.562
mithredath,0.562
mobilize,0.562
mockery,0.562
moist,0.562
molted,0.562
molten,0.562
monks,0.562
moreh,0.562
moseroth,0.562
mountaintop,0.562
mountaintops,0.562
mouse,0.562
muddy,0.562
multicolored,0.562
multiples,0.562
mushites,0.562
musician,0.562
mustache,0.562
muster,0.562
mutter,0.562
naharai,0.562
naphtuhim,0.562
navel,0.562
necklace,0.562
necklaces,0.562
neglecting,0.562
nehelamite,0.562
neighboring,0.562
nemuel,0.562
nephtoah,0.562
neziah,0.562
niche,0.562
nimrah,0.562
nisan,0.562
nisroch,0.562
noadiah,0.562
nobly,0.562
nocturnal,0.562
nogah,0.562
nonsense,0.562
nuts,0.562
oars,0.562
oarsmen,0.562
obscene,0.562
observance,0.562
obstacle,0.562
obstruct,0.562
obviously,0.562
occasions,0.562
occurrence,0.562
odor,0.562
offenders,0.562
ohad,0.562
omar,0.562
omens,0.562
openings,0.562
operation,0.562
ore,0.562
orpah,0.562
orphan,0.562
outbreak,0.562
outcast,0.562
outermost,0.562
outlived,0.562
ovens,0.562
overall,0.562
overflowed,0.562
overlook,0.562
overlooks,0.562
overly,0.562
overturns,0.562
pace,0.562
paced,0.562
pacifies,0.562
padon,0.562
pained,0.562
paltiel,0.562
pant,0.562
pants,0.562
papyrus,0.562
partial,0.562
particular,0.562
partition,0.562
partridge,0.562
passages,0.562
pathrusim,0.562
pathway,0.562
patronize,0.562
paved,0.562
peacefully,0.562
peaks,0.562
pedestal,0.562
pekod,0.562
pelonite,0.562
pendants,0.562
penetrate,0.562
peninnah,0.562
perfume,0.562
perfumed,0.562
perfumes,0.562
permanent,0.562
permanently,0.562
persian,0.562
personally,0.562
pethor,0.562
pharaohs,0.562
phases,0.562
pierces,0.562
piles,0.562
pilots,0.562
pin,0.562
pinions,0.562
pinon,0.562
pithon,0.562
platform,0.562
platters,0.562
playful,0.562
pledging,0.562
plight,0.562
plowman,0.562
plowmen,0.562
plunge,0.562
plus,0.562
pochereth,0.562
pocket,0.562
ponds,0.562
poorest,0.562
porcupine,0.562
portrayed,0.562
pose,0.562
positioned,0.562
potiphar,0.562
potsherd,0.562
pounded,0.562
preoccupied,0.562
preparing,0.562
preserving,0.562
presses,0.562
prevailing,0.562
princely,0.562
profanes,0.562
profaning,0.562
projecting,0.562
prolongs,0.562
prompted,0.562
proposal,0.562
prospect,0.562
prostrations,0.562
provider,0.562
prowler,0.562
prudently,0.562
prune,0.562
psaltery,0.562
punishments,0.562
purah,0.562
pus,0.562
pyre,0.562
qaf,0.562
quakes,0.562
quality,0.562
quantities,0.562
quarried,0.562
queens,0.562
quranic,0.562
raamah,0.562
rabmag,0.562
rafts,0.562
rainfall,0.562
rainy,0.562
rampart,0.562
random,0.562
rare,0.562
rashly,0.562
ration,0.562
rations,0.562
rats,0.562
rattling,0.562
ravaged,0.562
ravines,0.562
rays,0.562
realizing,0.562
reaper,0.562
reasonably,0.562
reba,0.562
rebelling,0.562
recaptured,0.562
recesses,0.562
reciting,0.562
reckoned,0.562
recounted,0.562
redeems,0.562
reduces,0.562
reel,0.562
refers,0.562
refine,0.562
reformed,0.562
reformer,0.562
regardless,0.562
regem,0.562
regretfully,0.562
regulates,0.562
reluctant,0.562
reluctantly,0.562
remark,0.562
renounced,0.562
renowned,0.562
repairing,0.562
repeating,0.562
repeats,0.562
repentant,0.562
replacing,0.562
replenished,0.562
representative,0.562
reserve,0.562
reserves,0.562
respectable,0.562
restorer,0.562
retaliate,0.562
retinue,0.562
retreated,0.562
revengeful,0.562
revere,0.562
reverse,0.562
revert,0.562
reverted,0.562
reviewing,0.562
revoke,0.562
rewarding,0.562
rezeph,0.562
ribai,0.562
ribs,0.562
richness,0.562
rid,0.562
ridden,0.562
rims,0.562
rip,0.562
ripened,0.562
ripped,0.562
rishathaim,0.562
rissah,0.562
rites,0.562
rithmah,0.562
rival,0.562
rogelim,0.562
romamti,0.562
rubbed,0.562
ruhamah,0.562
ruinous,0.562
rumbling,0.562
runners,0.562
sabaeans,0.562
sacar,0.562
sallu,0.562
samiri,0.562
sandstorm,0.562
sap,0.562
satiated,0.562
satisfies,0.562
scar,0.562
scattering,0.562
scented,0.562
schedule,0.562
schemer,0.562
scoundrels,0.562
scrape,0.562
screech,0.562
scum,0.562
seating,0.562
sedition,0.562
selves,0.562
seminal,0.562
senaah,0.562
sered,0.562
settlements,0.562
settles,0.562
sew,0.562
shaalbim,0.562
shaaph,0.562
shaaraim,0.562
shalal,0.562
shalisha,0.562
shalmaneser,0.562
shapeless,0.562
sharpens,0.562
shashak,0.562
shaveh,0.562
shaven,0.562
sheariah,0.562
shearing,0.562
shecaniah,0.562
sheds,0.562
sheepbreeder,0.562
sheltered,0.562
shelters,0.562
shemer,0.562
shemida,0.562
shemuel,0.562
shepher,0.562
sheshach,0.562
sheshai,0.562
sheva,0.562
shihor,0.562
shillem,0.562
shimeah,0.562
shobach,0.562
shobai,0.562
shoe,0.562
shophach,0.562
shorter,0.562
shrine,0.562
shriveled,0.562
shrugged,0.562
shuah,0.562
shubael,0.562
shuni,0.562
shuns,0.562
siegeworks,0.562
sieve,0.562
sighs,0.562
signets,0.562
sijin,0.562
silly,0.562
sings,0.562
sinister,0.562
sinite,0.562
sirion,0.562
site,0.562
skilled,0.562
skinned,0.562
skirted,0.562
slandered,0.562
slanderer,0.562
slightly,0.562
slingstones,0.562
slipped,0.562
slope,0.562
sluggard,0.562
smelled,0.562
smiled,0.562
smoother,0.562
sneaking,0.562
snowy,0.562
sophereth,0.562
sorceress,0.562
sotai,0.562
southeast,0.562
sowing,0.562
spacious,0.562
specially,0.562
specified,0.562
speeches,0.562
spends,0.562
spite,0.562
splendidly,0.562
spoiler,0.562
spokesman,0.562
spun,0.562
spurned,0.562
stabbed,0.562
stability,0.562
stained,0.562
stakes,0.562
stammering,0.562
stamp,0.562
startled,0.562
station,0.562
statues,0.562
status,0.562
stealthily,0.562
stomachs,0.562
stonecutters,0.562
stoning,0.562
stouthearted,0.562
straits,0.562
strand,0.562
strays,0.562
streaks,0.562
string,0.562
strives,0.562
struggling,0.562
stubbornness,0.562
studies,0.562
submissively,0.562
substitute,0.562
subtle,0.562
subverted,0.562
successive,0.562
suck,0.562
sullen,0.562
sundial,0.562
supporter,0.562
surpassed,0.562
surrendered,0.562
surrounds,0.562
surveyor,0.562
surviving,0.562
swayed,0.562
syene,0.562
tabbaoth,0.562
tabel,0.562
taberah,0.562
tadmor,0.562
tahan,0.562
tahpenes,0.562
tamah,0.562
tanhumeth,0.562
tariq,0.562
tarries,0.562
tartan,0.562
tassels,0.562
tasty,0.562
tayammum,0.562
tearing,0.562
tekel,0.562
tekoite,0.562
tekoites,0.562
telassar,0.562
telem,0.562
temptations,0.562
teresh,0.562
terminated,0.562
terribly,0.562
terrifies,0.562
thebez,0.562
thicker,0.562
thicket,0.562
thickness,0.562
thistle,0.562
threshed,0.562
tidal,0.562
tikvah,0.562
tilling,0.562
tills,0.562
timna,0.562
tiphsah,0.562
tips,0.562
tiras,0.562
tirhakah,0.562
toils,0.562
tongs,0.562
topmost,0.562
toppled,0.562
torrent,0.562
tou,0.562
traces,0.562
tragedy,0.562
traps,0.562
travelling,0.562
treasured,0.562
treatment,0.562
tries,0.562
trifles,0.562
troubler,0.562
troublesome,0.562
trough,0.562
troughs,0.562
trunk,0.562
trustee,0.562
truthfully,0.562
tubba,0.562
tumbled,0.562
tumbling,0.562
tumultuous,0.562
tuwa,0.562
ulai,0.562
unarmed,0.562
unchaste,0.562
uncles,0.562
unfamiliar,0.562
ungratefulness,0.562
unni,0.562
unpleasant,0.562
untended,0.562
unwalled,0.562
uphaz,0.562
upstream,0.562
uthai,0.562
uzal,0.562
vagabond,0.562
valuables,0.562
vanities,0.562
vanquished,0.562
vassal,0.562
vegetable,0.562
venom,0.562
verbally,0.562
verdant,0.562
vermilion,0.562
vexed,0.562
vindicated,0.562
violate,0.562
violated,0.562
vomited,0.562
vultures,0.562
wagons,0.562
waists,0.562
waiters,0.562
wakened,0.562
washpot,0.562
watchers,0.562
watersprings,0.562
weakest,0.562
wearies,0.562
wearisome,0.562
wedlock,0.562
wellspring,0.562
whelp,0.562
whirling,0.562
whirlwinds,0.562
whispers,0.562
whosoever,0.562
winepresses,0.562
winged,0.562
winks,0.562
winner,0.562
wipes,0.562
wiping,0.562
woeful,0.562
worshipper,0.562
worthlessness,0.562
wrap,0.562
wrathful,0.562
wrecked,0.562
wrested,0.562
zaavan,0.562
zabbai,0.562
zabdiel,0.562
zalmon,0.562
zaretan,0.562
zebaim,0.562
zeboim,0.562
zebulunite,0.562
zedad,0.562
zedek,0.562
zelah,0.562
zelek,0.562
zemaraim,0.562
zemarite,0.562
zepho,0.562
zereth,0.562
zibiah,0.562
zillah,0.562
zillethai,0.562
zimmah,0.562
zimran,0.562
ziphites,0.562
ziv,0.562
ziza,0.562
zoba,0.562
zophah,0.562
zophim,0.562
zorathites,0.562
vine,0.558
wrath,0.558
teeth,0.558
complained,0.553
cries,0.553
descended,0.553
blessing,0.548
sleep,0.548
wash,0.548
scroll,0.539
breaking,0.538
carnal,0.538
fasting,0.538
noble,0.538
prisoners,0.538
firstfruits,0.535
rejoicing,0.535
thirst,0.535
throne,0.530
drawn,0.517
humbled,0.517
paid,0.517
receiving,0.517
shine,0.517
twice,0.517
ashamed,0.501
buy,0.500
salvation,0.493
adversaries,0.489
anoint,0.489
restored,0.489
suffering,0.489
avenger,0.480
behavior,0.480
bonds,0.480
consulted,0.480
deliverance,0.480
groaning,0.480
mightier,0.480
mocking,0.480
party,0.480
purposed,0.480
souls,0.479
grow,0.473
hurt,0.472
prophesy,0.467
forward,0.463
vessels,0.463
judges,0.462
damascus,0.461
table,0.460
rebuke,0.459
inside,0.458
bar,0.454
bowing,0.454
catches,0.454
cheerful,0.454
confirmation,0.454
delayed,0.454
dissolved,0.454
doubtless,0.454
drunkards,0.454
encouragement,0.454
enraged,0.454
failure,0.454
flask,0.454
intended,0.454
joints,0.454
judging,0.454
justly,0.454
learning,0.454
measures,0.454
nursed,0.454
opposed,0.454
pouring,0.454
profits,0.454
rainbow,0.454
rooms,0.454
shuts,0.454
sincerely,0.454
sorcerers,0.454
statement,0.454
tarry,0.454
torments,0.454
trained,0.454
chose,0.442
wheat,0.442
shame,0.431
form,0.424
invite,0.421
keeper,0.421
strikes,0.421
abode,0.417
aha,0.417
amos,0.417
blotted,0.417
blowing,0.417
childless,0.417
contention,0.417
dip,0.417
enosh,0.417
er,0.417
escapes,0.417
excuses,0.417
exercised,0.417
express,0.417
extend,0.417
frightened,0.417
guiltless,0.417
gushed,0.417
headlong,0.417
hinder,0.417
honeycomb,0.417
lamented,0.417
leap,0.417
lend,0.417
mansions,0.417
morsel,0.417
playing,0.417
provision,0.417
relieve,0.417
renew,0.417
rescued,0.417
sacrificing,0.417
sells,0.417
seth,0.417
sheath,0.417
smaller,0.417
sticks,0.417
tests,0.417
tip,0.417
tithe,0.417
wandering,0.417
yellow,0.417
glorify,0.417
send,0.411
journey,0.405
household,0.400
sees,0.395
request,0.391
waist,0.391
control,0.390
liar,0.390
married,0.390
attain,0.379
avenged,0.379
chaste,0.379
corrupted,0.379
dull,0.379
dumb,0.379
mightily,0.379
office,0.379
recognized,0.379
sandal,0.379
sort,0.379
submission,0.379
tabernacles,0.379
underfoot,0.379
understands,0.379
vintage,0.379
worm,0.379
deaf,0.375
following,0.374
bind,0.368
held,0.367
unclean,0.366
virgin,0.365
reject,0.365
relatives,0.365
taste,0.364
begun,0.359
descend,0.359
forsook,0.359
older,0.359
purification,0.359
robes,0.359
talent,0.359
grows,0.357
guards,0.357
merry,0.357
supply,0.357
wailing,0.357
second,0.356
rose,0.356
according,0.339
thorns,0.332
ask,0.331
womb,0.328
confirm,0.327
craftsmen,0.327
destroys,0.327
discern,0.327
embraced,0.327
exposed,0.327
fierceness,0.327
guests,0.327
nest,0.327
reproaches,0.327
restrained,0.327
setting,0.327
spies,0.327
watching,0.327
wisdom,0.316
high,0.314
commandments,0.312
order,0.306
tomorrow,0.302
advanced,0.293
altogether,0.293
closed,0.293
displeased,0.293
hebrews,0.293
lovers,0.293
plot,0.293
roof,0.293
sprinkled,0.293
supplications,0.293
long,0.289
giving,0.286
patience,0.286
1you,0.281
1your,0.281
8th,0.281
9th,0.281
abagtha,0.281
abanah,0.281
abase,0.281
abashed,0.281
abated,0.281
abates,0.281
abdiel,0.281
abez,0.281
abhorrence,0.281
abhorrent,0.281
abi,0.281
abiasaph,0.281
abida,0.281
abidah,0.281
abiezrite,0.281
abihud,0.281
abitub,0.281
abolish,0.281
abominably,0.281
abrogate,0.281
abrogation,0.281
absolve,0.281
abu,0.281
acacias,0.281
accad,0.281
accent,0.281
acco,0.281
accusations,0.281
achar,0.281
achieves,0.281
achmetha,0.281
acquaint,0.281
acquaintance,0.281
acquires,0.281
acre,0.281
acres,0.281
activity,0.281
adadah,0.281
adalia,0.281
adamah,0.281
adamant,0.281
adami,0.281
addan,0.281
additional,0.281
addon,0.281
adhere,0.281
adheres,0.281
adithaim,0.281
adjoin,0.281
adjoined,0.281
adlai,0.281
administers,0.281
administrator,0.281
admits,0.281
admitting,0.281
adopted,0.281
adoraim,0.281
adoration,0.281
adrift,0.281
ads,0.281
advancing,0.281
advent,0.281
adverse,0.281
advises,0.281
advisor,0.281
affair,0.281
affects,0.281
afresh,0.281
agate,0.281
agee,0.281
aggression,0.281
agitated,0.281
agonies,0.281
agreeable,0.281
agur,0.281
aharah,0.281
ahasbai,0.281
ahban,0.281
aher,0.281
ahian,0.281
ahihud,0.281
ahimoth,0.281
ahinadab,0.281
ahiram,0.281
ahiramites,0.281
ahishahar,0.281
ahishar,0.281
ahlab,0.281
ahmad,0.281
ahoah,0.281
ahqaf,0.281
ahumai,0.281
ahuzzam,0.281
ahuzzath,0.281
ahzai,0.281
aiath,0.281
aides,0.281
aija,0.281
ailment,0.281
aimlessly,0.281
aisha,0.281
akan,0.281
aliah,0.281
alian,0.281
alienate,0.281
alight,0.281
alighted,0.281
allah,0.281
allays,0.281
allege,0.281
allotments,0.281
allowance,0.281
allows,0.281
alloy,0.281
almodad,0.281
aloft,0.281
aloth,0.281
alteration,0.281
alternates,0.281
alternating,0.281
alters,0.281
alvan,0.281
amal,0.281
amam,0.281
amashai,0.281
amasiah,0.281
amass,0.281
amazedly,0.281
ami,0.281
amidst,0.281
ammah,0.281
ammizabad,0.281
amok,0.281
amorous,0.281
ample,0.281
amramites,0.281
anaharath,0.281
anammelech,0.281
anan,0.281
anani,0.281
ancestors,0.281
ancestry,0.281
anem,0.281
angered,0.281
aniam,0.281
anim,0.281
anklets,0.281
annals,0.281
annihilated,0.281
announcement,0.281
annoyance,0.281
annoying,0.281
annulled,0.281
anoth,0.281
anothcr,0.281
anticipate,0.281
antothijah,0.281
anvil,0.281
apharsathchites,0.281
aphekah,0.281
aphiah,0.281
aphik,0.281
aphrah,0.281
apparent,0.281
appeased,0.281
applies,0.281
apportioned,0.281
appraoched,0.281
appreciation,0.281
apprehend,0.281
aqaba,0.281
aqsa,0.281
ara,0.281
arbathite,0.281
arbel,0.281
arbite,0.281
arbiters,0.281
arbitrate,0.281
archites,0.281
archives,0.281
ardites,0.281
ardon,0.281
arelites,0.281
aridai,0.281
aridatha,0.281
arieh,0.281
arisai,0.281
arising,0.281
armlets,0.281
armoni,0.281
armpits,0.281
arnan,0.281
arod,0.281
arodi,0.281
arodites,0.281
aroerite,0.281
aromas,0.281
aromatic,0.281
arouse,0.281
arrivals,0.281
arteries,0.281
artery,0.281
artificial,0.281
arubboth,0.281
arumah,0.281
arza,0.281
asarel,0.281
asharelah,0.281
ashbea,0.281
ashbelites,0.281
asherahs,0.281
asherites,0.281
ashima,0.281
ashkelonites,0.281
ashnah,0.281
ashpenaz,0.281
ashterathite,0.281
ashteroth,0.281
ashvath,0.281
asiel,0.281
aspatha,0.281
asrielites,0.281
assayer,0.281
assembles,0.281
assessed,0.281
asshurim,0.281
assignment,0.281
assistants,0.281
assisted,0.281
astonishing,0.281
astounded,0.281
asylum,0.281
atarah,0.281
atharim,0.281
athlai,0.281
atoned,0.281
atoning,0.281
attach,0.281
attempting,0.281
attentively,0.281
attired,0.281
attorney,0.281
attracting,0.281
attraction,0.281
attribute,0.281
attributed,0.281
audible,0.281
authorized,0.281
ava,0.281
available,0.281
avarice,0.281
avaricious,0.281
aversion,0.281
awakens,0.281
awhile,0.281
awry,0.281
axle,0.281
ayn,0.281
ayyah,0.281
azal,0.281
azaniah,0.281
azar,0.281
azaryahu,0.281
azaz,0.281
azaziah,0.281
azbuk,0.281
aziza,0.281
aznoth,0.281
azur,0.281
azzan,0.281
azzur,0.281
ba,0.281
baalis,0.281
baara,0.281
baaseiah,0.281
babble,0.281
babbler,0.281
babblers,0.281
babel,0.281
babylonians,0.281
baca,0.281
bachrites,0.281
bachuth,0.281
backbite,0.281
backbiter,0.281
backbiting,0.281
backbone,0.281
backslider,0.281
bahirah,0.281
bakbakkar,0.281
bakbuk,0.281
bakbukiah,0.281
bakes,0.281
balah,0.281
balanced,0.281
balances,0.281
bamah,0.281
ban,0.281
banana,0.281
banded,0.281
bankrupt,0.281
banqueting,0.281
baptizer,0.281
barachel,0.281
barah,0.281
barber,0.281
barely,0.281
bariah,0.281
bark,0.281
barrenness,0.281
bartered,0.281
bashfully,0.281
basis,0.281
bat,0.281
bathing,0.281
bathshua,0.281
batten,0.281
battered,0.281
bavai,0.281
bazlith,0.281
bazluth,0.281
bealiah,0.281
bealoth,0.281
beatings,0.281
beauties,0.281
beautifully,0.281
bechorath,0.281
bedeck,0.281
bedeiah,0.281
bedstead,0.281
bee,0.281
beera,0.281
beerah,0.281
beeri,0.281
beerothites,0.281
begetting,0.281
behemoth,0.281
beholds,0.281
bekah,0.281
belah,0.281
belaites,0.281
belch,0.281
bellow,0.281
bellows,0.281
bemoaning,0.281
bends,0.281
beneficiary,0.281
beninu,0.281
benob,0.281
benoth,0.281
beon,0.281
bequeaths,0.281
bera,0.281
berachiah,0.281
beraiah,0.281
berak,0.281
bereaves,0.281
beri,0.281
beriites,0.281
berodach,0.281
berothah,0.281
berothai,0.281
berothite,0.281
beseth,0.281
besieges,0.281
besodeiah,0.281
betah,0.281
beten,0.281
bether,0.281
bethul,0.281
betrothal,0.281
beulah,0.281
beverage,0.281
bewailed,0.281
bewitch,0.281
bidding,0.281
bidkar,0.281
bigtha,0.281
bigthan,0.281
bigthana,0.281
bile,0.281
bilgai,0.281
bilshan,0.281
bimhal,0.281
binea,0.281
biri,0.281
birsha,0.281
birthstools,0.281
birzaith,0.281
bishlam,0.281
bithiah,0.281
bithron,0.281
biting,0.281
bittern,0.281
bizjothjah,0.281
biztha,0.281
blacken,0.281
blackened,0.281
blackens,0.281
blacker,0.281
blameworthy,0.281
blanket,0.281
blazed,0.281
bleat,0.281
bleating,0.281
blemished,0.281
blink,0.281
bloodline,0.281
bloomed,0.281
blooms,0.281
blossomed,0.281
blots,0.281
blunt,0.281
boar,0.281
boastfulness,0.281
bolt,0.281
bolted,0.281
bondsman,0.281
bordering,0.281
bored,0.281
borrows,0.281
bosoms,0.281
boundless,0.281
bowlful,0.281
bowmen,0.281
bowshot,0.281
bowstring,0.281
boxes,0.281
bozez,0.281
braced,0.281
bracelet,0.281
brambles,0.281
branding,0.281
brandished,0.281
brandishing,0.281
brawler,0.281
bray,0.281
brayed,0.281
braying,0.281
brazen,0.281
breached,0.281
breaches,0.281
breakers,0.281
breeds,0.281
breeze,0.281
brewing,0.281
brides,0.281
bridge,0.281
brightens,0.281
brilliantly,0.281
bristling,0.281
broader,0.281
broods,0.281
brunt,0.281
brutally,0.281
buds,0.281
bul,0.281
bulrushes,0.281
buriers,0.281
bursting,0.281
bushes,0.281
bustling,0.281
butlership,0.281
butted,0.281
buying,0.281
buzi,0.281
buzite,0.281
buzzing,0.281
bypassing,0.281
byways,0.281
cabbon,0.281
caked,0.281
calamus,0.281
calculated,0.281
calculation,0.281
caldrons,0.281
caller,0.281
calms,0.281
calno,0.281
camon,0.281
campaign,0.281
camphor,0.281
camping,0.281
canaanitess,0.281
canneh,0.281
canopies,0.281
caper,0.281
capstone,0.281
car,0.281
carcas,0.281
carded,0.281
careah,0.281
carefree,0.281
carmites,0.281
carpets,0.281
carriages,0.281
carrier,0.281
carriers,0.281
cartwheel,0.281
carves,0.281
casiphia,0.281
castle,0.281
castles,0.281
casual,0.281
catching,0.281
caterpillar,0.281
caulk,0.281
caulkers,0.281
cautiously,0.281
ceaselessly,0.281
cells,0.281
ceremonially,0.281
ceremony,0.281
chalcol,0.281
chalk,0.281
chalkstones,0.281
challenged,0.281
challenges,0.281
chameleon,0.281
chant,0.281
chapters,0.281
characters,0.281
charcoal,0.281
charities,0.281
charm,0.281
charming,0.281
chases,0.281
chasing,0.281
chatter,0.281
chattered,0.281
cheating,0.281
cheekbone,0.281
cheers,0.281
cheeses,0.281
chelal,0.281
cheluh,0.281
chenani,0.281
chephar,0.281
cherish,0.281
cherished,0.281
chesalon,0.281
chesed,0.281
chesil,0.281
chestnut,0.281
chesulloth,0.281
chezib,0.281
chileab,0.281
chilmad,0.281
chimney,0.281
chins,0.281
chisel,0.281
chislon,0.281
chiun,0.281
choir,0.281
choirs,0.281
chokes,0.281
chops,0.281
chub,0.281
chun,0.281
churning,0.281
churns,0.281
circling,0.281
circular,0.281
circulated,0.281
circumspect,0.281
citadels,0.281
clad,0.281
clamorous,0.281
clapping,0.281
claps,0.281
clarified,0.281
clarifies,0.281
clarifying,0.281
clarity,0.281
clash,0.281
clashing,0.281
clatter,0.281
clattering,0.281
claw,0.281
claws,0.281
clayy,0.281
clears,0.281
cleave,0.281
cliffs,0.281
climate,0.281
climbing,0.281
cloaked,0.281
closest,0.281
club,0.281
clumps,0.281
coast,0.281
collapsed,0.281
collar,0.281
collected,0.281
collects,0.281
colorful,0.281
colts,0.281
column,0.281
columned,0.281
comeliness,0.281
comfortable,0.281
commemorating,0.281
commencing,0.281
communed,0.281
communicate,0.281
communication,0.281
community,0.281
compact,0.281
compares,0.281
compass,0.281
compassions,0.281
compensate,0.281
compensation,0.281
compense,0.281
competent,0.281
complains,0.281
completing,0.281
compound,0.281
compounded,0.281
compounds,0.281
comprehended,0.281
comprehends,0.281
comprised,0.281
compulsory,0.281
conaniah,0.281
concede,0.281
conceiving,0.281
conciliation,0.281
conclusion,0.281
concourses,0.281
concrete,0.281
condemning,0.281
confederacy,0.281
confine,0.281
confiscated,0.281
confiscation,0.281
confound,0.281
confrontation,0.281
confronting,0.281
confusing,0.281
congealed,0.281
conjectures,0.281
conjures,0.281
conquest,0.281
consecrations,0.281
consequently,0.281
considerable,0.281
considerate,0.281
consistent,0.281
consisting,0.281
consolations,0.281
consoled,0.281
conspirators,0.281
conspire,0.281
constructing,0.281
consults,0.281
consumption,0.281
container,0.281
containers,0.281
contemplate,0.281
context,0.281
contingents,0.281
contribute,0.281
contributions,0.281
controversies,0.281
conventionally,0.281
converting,0.281
convex,0.281
convincing,0.281
cooperate,0.281
copied,0.281
coral,0.281
corals,0.281
counseled,0.281
counteract,0.281
counting,0.281
courageously,0.281
courses,0.281
covenanted,0.281
coverings,0.281
cozbi,0.281
cracked,0.281
crackling,0.281
cracks,0.281
crag,0.281
crane,0.281
crashing,0.281
crashings,0.281
craves,0.281
crawl,0.281
crawls,0.281
creations,0.281
crescent,0.281
crescents,0.281
crest,0.281
cricket,0.281
criticize,0.281
cropped,0.281
crosses,0.281
crossroads,0.281
crouch,0.281
crouches,0.281
crouching,0.281
crowded,0.281
crowning,0.281
crumbled,0.281
crumbles,0.281
crumbling,0.281
crushes,0.281
crust,0.281
cub,0.281
cuddled,0.281
cupbearer,0.281
curdle,0.281
curves,0.281
cuth,0.281
cuthah,0.281
cycles,0.281
dabbasheth,0.281
dainties,0.281
dalphon,0.281
dam,0.281
dammim,0.281
dams,0.281
dandled,0.281
dangers,0.281
dannah,0.281
darda,0.281
darics,0.281
darkening,0.281
darkens,0.281
darker,0.281
darkest,0.281
darlings,0.281
dart,0.281
darted,0.281
darts,0.281
dashes,0.281
date,0.281
daubed,0.281
deadline,0.281
deafen,0.281
dealer,0.281
dealers,0.281
debases,0.281
debate,0.281
debris,0.281
decays,0.281
deceits,0.281
decently,0.281
deceptively,0.281
declaration,0.281
declines,0.281
declining,0.281
decreeing,0.281
dedanites,0.281
deducted,0.281
deeded,0.281
deemed,0.281
deepest,0.281
defeats,0.281
defendant,0.281
defends,0.281
defenseless,0.281
defenses,0.281
defensible,0.281
defensive,0.281
defer,0.281
deferred,0.281
deficiency,0.281
dehavites,0.281
deker,0.281
delegate,0.281
deliberate,0.281
delicateness,0.281
deliverers,0.281
deluded,0.281
demented,0.281
demolish,0.281
denounces,0.281
dependable,0.281
deplete,0.281
depressed,0.281
deprives,0.281
deputation,0.281
deranged,0.281
deride,0.281
desertion,0.281
desolated,0.281
despaired,0.281
desperation,0.281
despicable,0.281
despoiled,0.281
despondent,0.281
destinies,0.281
destructor,0.281
detached,0.281
detention,0.281
devastate,0.281
devastated,0.281
developed,0.281
developing,0.281
develops,0.281
deviation,0.281
deviations,0.281
deviators,0.281
device,0.281
devilish,0.281
devious,0.281
devourer,0.281
dhil,0.281
dhul,0.281
dhulkifl,0.281
dial,0.281
diameter,0.281
diameters,0.281
diblaim,0.281
dibri,0.281
dictate,0.281
dictated,0.281
differed,0.281
diffused,0.281
dignified,0.281
dilapidation,0.281
dilean,0.281
dimnah,0.281
dimon,0.281
dimonah,0.281
dimwit,0.281
dimwits,0.281
dinaites,0.281
diphath,0.281
director,0.281
directs,0.281
disable,0.281
disarms,0.281
disasters,0.281
disastrous,0.281
disavow,0.281
disbelieves,0.281
disc,0.281
discerns,0.281
disciplines,0.281
disfigured,0.281
disgusted,0.281
disgusting,0.281
disheartened,0.281
dishonesty,0.281
disinherit,0.281
disintegrate,0.281
disintegrated,0.281
disliked,0.281
disliking,0.281
disloyalty,0.281
disowned,0.281
dispatches,0.281
dispersions,0.281
displeases,0.281
disposal,0.281
dispose,0.281
disposed,0.281
dispossessing,0.281
disquiet,0.281
disquieting,0.281
disregarding,0.281
disreputable,0.281
dissimulation,0.281
dissolve,0.281
distances,0.281
distill,0.281
distort,0.281
distorts,0.281
distraught,0.281
disturbs,0.281
ditches,0.281
dive,0.281
dived,0.281
diverse,0.281
divert,0.281
diverting,0.281
divider,0.281
diviner,0.281
divining,0.281
divinity,0.281
divulged,0.281
dizahab,0.281
docile,0.281
dodai,0.281
dodanim,0.281
dodavah,0.281
doe,0.281
dominates,0.281
dominating,0.281
donate,0.281
doorways,0.281
doubling,0.281
dower,0.281
downtrodden,0.281
drains,0.281
dreaded,0.281
dreamt,0.281
dressing,0.281
drinkers,0.281
dripped,0.281
drizzle,0.281
dromedaries,0.281
dromedary,0.281
droppings,0.281
dryshod,0.281
dues,0.281
dump,0.281
dung,0.281
dura,0.281
durable,0.281
dwarf,0.281
eaance,0.281
earlier,0.281
earn,0.281
earners,0.281
earns,0.281
earring,0.281
earthenware,0.281
earths,0.281
eaters,0.281
eaves,0.281
ebony,0.281
ebron,0.281
eclipsed,0.281
edible,0.281
edict,0.281
educated,0.281
effaces,0.281
efficient,0.281
eglah,0.281
ehi,0.281
eightieth,0.281
ejected,0.281
eladah,0.281
elbows,0.281
elead,0.281
eleph,0.281
elephant,0.281
elevated,0.281
eliadah,0.281
eliahba,0.281
elidad,0.281
elienai,0.281
elihoreph,0.281
elika,0.281
eliminate,0.281
eliphal,0.281
elipheleh,0.281
elishaphat,0.281
elisheba,0.281
elishua,0.281
elkoshite,0.281
elohe,0.281
elonites,0.281
elpelet,0.281
eltekon,0.281
elul,0.281
eluzai,0.281
emasculated,0.281
embalm,0.281
ember,0.281
emblems,0.281
embossed,0.281
embraces,0.281
embryos,0.281
emeralds,0.281
emits,0.281
emitted,0.281
empire,0.281
employer,0.281
emptiers,0.281
enable,0.281
enam,0.281
encampments,0.281
enchained,0.281
enchanter,0.281
encircle,0.281
enclose,0.281
enclosing,0.281
enclosures,0.281
encounter,0.281
endangered,0.281
endeared,0.281
endearment,0.281
endeavors,0.281
endlessly,0.281
endow,0.281
endowment,0.281
engrossed,0.281
engulfing,0.281
engulfs,0.281
enjoin,0.281
enjoined,0.281
enjoins,0.281
enlightens,0.281
enrage,0.281
enslaved,0.281
ensue,0.281
entanglements,0.281
enthusiastically,0.281
enticing,0.281
entitled,0.281
entrap,0.281
entreaties,0.281
enumerated,0.281
ephai,0.281
ephes,0.281
ephlal,0.281
ephrain,0.281
ephrathite,0.281
eram,0.281
eran,0.281
eranites,0.281
erites,0.281
errand,0.281
escorted,0.281
esek,0.281
eshean,0.281
eshek,0.281
eshtaolites,0.281
eshtemoh,0.281
eshterah,0.281
eshton,0.281
establishing,0.281
establishment,0.281
establishments,0.281
eth,0.281
ethanim,0.281
ethbaal,0.281
ethnan,0.281
ethni,0.281
evaluated,0.281
evenly,0.281
evert,0.281
everybody,0.281
evicting,0.281
evidences,0.281
evidently,0.281
ex,0.281
exacts,0.281
exalting,0.281
exceptional,0.281
exceptions,0.281
excess,0.281
excitement,0.281
exclaim,0.281
exclaimed,0.281
exclusion,0.281
exclusively,0.281
executing,0.281
executioners,0.281
exempted,0.281
exhaustion,0.281
exit,0.281
expands,0.281
expectantly,0.281
expectations,0.281
expedition,0.281
expelling,0.281
expended,0.281
expiated,0.281
explodes,0.281
exploits,0.281
explore,0.281
expressed,0.281
expression,0.281
exquisite,0.281
extensive,0.281
exterior,0.281
exterminate,0.281
extinct,0.281
extinguishes,0.281
extorted,0.281
extra,0.281
extract,0.281
extraordinary,0.281
extravagant,0.281
extremity,0.281
exult,0.281
eyebrows,0.281
ezbai,0.281
ezrah,0.281
ezrahite,0.281
ezri,0.281
fabric,0.281
fabricated,0.281
faintness,0.281
fairer,0.281
fairly,0.281
fairness,0.281
falsifying,0.281
falter,0.281
falters,0.281
famish,0.281
fancies,0.281
fancy,0.281
fatal,0.281
fated,0.281
fathered,0.281
fatling,0.281
fatten,0.281
feathered,0.281
features,0.281
fee,0.281
feebler,0.281
feelings,0.281
felicity,0.281
fellows,0.281
fence,0.281
fenced,0.281
ferryboat,0.281
fervor,0.281
festal,0.281
festering,0.281
festivals,0.281
fetch,0.281
fibre,0.281
fiercer,0.281
fifths,0.281
filly,0.281
finalize,0.281
finery,0.281
finishes,0.281
firebrand,0.281
firebrands,0.281
firewood,0.281
firmness,0.281
fishhooks,0.281
fitly,0.281
fixedly,0.281
flashed,0.281
flavorless,0.281
flaw,0.281
flawless,0.281
flaws,0.281
flay,0.281
fleeting,0.281
flitting,0.281
floated,0.281
floats,0.281
flogged,0.281
floodwater,0.281
flourishes,0.281
flowed,0.281
flowery,0.281
flushed,0.281
fluttering,0.281
foals,0.281
foam,0.281
foe,0.281
foliage,0.281
folk,0.281
footmen,0.281
footstep,0.281
forage,0.281
forceful,0.281
ford,0.281
forego,0.281
forelock,0.281
foremen,0.281
forewarn,0.281
forgers,0.281
forgetful,0.281
forgivenes,0.281
forgiver,0.281
fork,0.281
formations,0.281
fort,0.281
fortifying,0.281
forts,0.281
fortunate,0.281
fostered,0.281
fouled,0.281
fouling,0.281
founding,0.281
fowlers,0.281
fracture,0.281
fragile,0.281
frailest,0.281
frailty,0.281
frankly,0.281
fraudulent,0.281
freezing,0.281
freshly,0.281
friday,0.281
fright,0.281
frontier,0.281
frustration,0.281
fueled,0.281
fullest,0.281
fume,0.281
fundamental,0.281
furnish,0.281
furniture,0.281
gaba,0.281
gabbai,0.281
gaddah,0.281
gaddi,0.281
gaddiel,0.281
gader,0.281
gadite,0.281
galbanum,0.281
galley,0.281
gallops,0.281
gammad,0.281
garmite,0.281
gasp,0.281
gatekeeper,0.281
gateways,0.281
gatherer,0.281
gatherings,0.281
gazez,0.281
ge,0.281
gebim,0.281
gecko,0.281
geder,0.281
gederathite,0.281
gederite,0.281
gederothaim,0.281
geliloth,0.281
gemalli,0.281
gems,0.281
genitals,0.281
genubath,0.281
gershonite,0.281
geshan,0.281
giah,0.281
gibea,0.281
gibeath,0.281
gibeathite,0.281
gibeonite,0.281
gilalai,0.281
gimzo,0.281
ginath,0.281
ginnethoi,0.281
ginnethon,0.281
gishpa,0.281
gittites,0.281
gizonite,0.281
glancing,0.281
glazed,0.281
glorifies,0.281
gluttonous,0.281
gluttons,0.281
gnash,0.281
gnawing,0.281
goals,0.281
goath,0.281
goatherds,0.281
gob,0.281
goblet,0.281
goings,0.281
gopherwood,0.281
gores,0.281
gospels,0.281
gossip,0.281
gossiping,0.281
gourd,0.281
gourds,0.281
govern,0.281
governed,0.281
grabbed,0.281
gradually,0.281
grandfather,0.281
grandfathers,0.281
gratefully,0.281
gravestone,0.281
grazing,0.281
greediest,0.281
grey,0.281
greyhound,0.281
griefs,0.281
grieving,0.281
grinder,0.281
grinders,0.281
grip,0.281
gropes,0.281
gross,0.281
grounding,0.281
growled,0.281
grudge,0.281
grudges,0.281
gruesome,0.281
guarantor,0.281
gudgodah,0.281
guesswork,0.281
guilts,0.281
gushes,0.281
gushing,0.281
gutters,0.281
haahashtari,0.281
haammoni,0.281
habakkuk,0.281
habazziniah,0.281
hacaliah,0.281
hachaliah,0.281
hachmoni,0.281
hacked,0.281
hadashah,0.281
hadassah,0.281
hadattah,0.281
haddah,0.281
hadrach,0.281
hagab,0.281
hagaba,0.281
hagabah,0.281
haggan,0.281
haggiah,0.281
haggites,0.281
hagri,0.281
hakkatan,0.281
hakupha,0.281
hali,0.281
hami,0.281
hamites,0.281
hammoleketh,0.281
hammoth,0.281
hamonah,0.281
hamran,0.281
hamstring,0.281
hamuel,0.281
hamulites,0.281
handbreadths,0.281
handcuffed,0.281
handiwork,0.281
handling,0.281
handmill,0.281
hanes,0.281
haniel,0.281
hannathon,0.281
hanniel,0.281
hanochites,0.281
haphraim,0.281
happily,0.281
happizzez,0.281
happuch,0.281
hara,0.281
haradah,0.281
haraseth,0.281
harashim,0.281
harbona,0.281
harbonah,0.281
hareph,0.281
hareseth,0.281
harhaiah,0.281
harhas,0.281
harhur,0.281
hariph,0.281
harming,0.281
harmon,0.281
harms,0.281
harnepher,0.281
harod,0.281
harodite,0.281
haroeh,0.281
harpoons,0.281
harumaph,0.281
haruphite,0.281
harut,0.281
haruz,0.281
harvestable,0.281
harvesting,0.281
hasadiah,0.281
hashabnah,0.281
hashbadana,0.281
hashem,0.281
hashubah,0.281
hasrah,0.281
hassenaah,0.281
hassenuah,0.281
hatefully,0.281
hathath,0.281
hatticon,0.281
haunts,0.281
hauran,0.281
hawiya,0.281
hawiyah,0.281
hazaiah,0.281
hazarmaveth,0.281
hazazon,0.281
hazelelponi,0.281
haziel,0.281
hazo,0.281
headbands,0.281
headdresses,0.281
hearths,0.281
hearty,0.281
heaves,0.281
heberites,0.281
heeding,0.281
heinous,0.281
helbah,0.281
helbon,0.281
heleb,0.281
helekites,0.281
helkai,0.281
helkath,0.281
helmets,0.281
helplessness,0.281
hemam,0.281
hemdan,0.281
herald,0.281
heresh,0.281
hereth,0.281
heritages,0.281
heron,0.281
heshmon,0.281
hesitant,0.281
hew,0.281
hewed,0.281
hews,0.281
hezir,0.281
hezrai,0.281
hezro,0.281
hiddai,0.281
hiddekel,0.281
hideout,0.281
hiel,0.281
hijr,0.281
hilen,0.281
hilly,0.281
hilt,0.281
hiring,0.281
hit,0.281
hitch,0.281
hitched,0.281
hives,0.281
hizki,0.281
ho,0.281
hoarded,0.281
hobab,0.281
hobah,0.281
hod,0.281
hodesh,0.281
hodevah,0.281
hodiah,0.281
hodshi,0.281
hoe,0.281
hoham,0.281
holier,0.281
homely,0.281
hoofed,0.281
hoofs,0.281
hopeless,0.281
hophra,0.281
horam,0.281
horite,0.281
hornets,0.281
horribly,0.281
horrified,0.281
hoshama,0.281
hotly,0.281
hottest,0.281
hound,0.281
hovering,0.281
hovers,0.281
howling,0.281
hubs,0.281
huddle,0.281
hukkok,0.281
humanity,0.281
humtah,0.281
hunayn,0.281
hunchback,0.281
hunters,0.281
hupham,0.281
huphamites,0.281
huppah,0.281
hurai,0.281
huri,0.281
hurl,0.281
hurling,0.281
hurricane,0.281
hurts,0.281
hushah,0.281
hushed,0.281
husk,0.281
hutamah,0.281
huz,0.281
huzoth,0.281
hyenas,0.281
hypocrisies,0.281
ibah,0.281
ibhar,0.281
ibneiah,0.281
ibnijah,0.281
ibri,0.281
idalah,0.281
idbash,0.281
identical,0.281
igdaliah,0.281
ignominy,0.281
ignoring,0.281
ilai,0.281
illegitimate,0.281
ills,0.281
illusion,0.281
imbalance,0.281
immeasurable,0.281
immigrant,0.281
immigrants,0.281
imna,0.281
impatient,0.281
implement,0.281
impregnating,0.281
impression,0.281
impressive,0.281
improper,0.281
improve,0.281
improves,0.281
imrah,0.281
inattentive,0.281
inaugurate,0.281
incantations,0.281
incite,0.281
inclination,0.281
income,0.281
indestructible,0.281
indirect,0.281
indiscriminately,0.281
indisposed,0.281
indulging,0.281
industrious,0.281
infamous,0.281
infidel,0.281
infidelity,0.281
inflamed,0.281
inflames,0.281
inflaming,0.281
inflict,0.281
influence,0.281
informer,0.281
informs,0.281
ingathering,0.281
ingrained,0.281
ingratitude,0.281
ingredients,0.281
inheritances,0.281
initially,0.281
initiative,0.281
inlets,0.281
innocently,0.281
insanity,0.281
insatiable,0.281
insect,0.281
insects,0.281
insight,0.281
insolence,0.281
inspected,0.281
installed,0.281
instigator,0.281
instituted,0.281
institution,0.281
instructive,0.281
insults,0.281
intends,0.281
intensified,0.281
intensifies,0.281
intercedes,0.281
intercourse,0.281
interior,0.281
intermarry,0.281
interrogated,0.281
interruption,0.281
intervene,0.281
intervened,0.281
intervening,0.281
interviewed,0.281
intolerable,0.281
intoxication,0.281
intricate,0.281
introduced,0.281
intruders,0.281
invalidate,0.281
invasion,0.281
inventions,0.281
inventory,0.281
invested,0.281
investigations,0.281
investment,0.281
invincible,0.281
inviolable,0.281
invoked,0.281
iphdeiah,0.281
irad,0.281
iri,0.281
irpeel,0.281
irrigated,0.281
irritants,0.281
iru,0.281
iscah,0.281
ishbah,0.281
ishbi,0.281
ishhod,0.281
ishijah,0.281
ishma,0.281
ishmerai,0.281
ishpan,0.281
ishuah,0.281
ishvah,0.281
ishvi,0.281
ismachiah,0.281
isolates,0.281
ispah,0.281
issuing,0.281
isui,0.281
itch,0.281
item,0.281
ithai,0.281
ithnan,0.281
ithream,0.281
ithrites,0.281
izehar,0.281
jaakobah,0.281
jaan,0.281
jaare,0.281
jaareshiah,0.281
jaasai,0.281
jaasiel,0.281
jaaziel,0.281
jabal,0.281
jachan,0.281
jachinites,0.281
jaddai,0.281
jaddua,0.281
jagur,0.281
jahaziah,0.281
jahdai,0.281
jahdiel,0.281
jahdo,0.281
jahleelites,0.281
jahmai,0.281
jahzeel,0.281
jahzerah,0.281
jahziel,0.281
jairite,0.281
jakeh,0.281
jalon,0.281
jaminites,0.281
jamlech,0.281
janoah,0.281
janum,0.281
jareb,0.281
jarkon,0.281
jaroah,0.281
jashen,0.281
jashobeam,0.281
jashubites,0.281
jathniel,0.281
jaw,0.281
jeatherai,0.281
jeberechiah,0.281
jecamiah,0.281
jedidah,0.281
jedidiah,0.281
jeering,0.281
jeezer,0.281
jeezerites,0.281
jegar,0.281
jehezekel,0.281
jehiah,0.281
jehoaddah,0.281
jehoaddan,0.281
jehoshabeath,0.281
jehosheba,0.281
jehubbah,0.281
jehucal,0.281
jehud,0.281
jehudijah,0.281
jekabzeel,0.281
jekamiah,0.281
jekuthiel,0.281
jemimah,0.281
jeopardized,0.281
jerah,0.281
jered,0.281
jeremai,0.281
jeriel,0.281
jerijah,0.281
jerioth,0.281
jerubbesheth,0.281
jeruel,0.281
jerusha,0.281
jerushah,0.281
jeshanah,0.281
jesharelah,0.281
jeshebeab,0.281
jesher,0.281
jeshishai,0.281
jeshohaiah,0.281
jesimiel,0.281
jesimoth,0.281
jesshiah,0.281
jesui,0.281
jesuites,0.281
jetheth,0.281
jethlah,0.281
jeuel,0.281
jeuz,0.281
jewelled,0.281
jezerites,0.281
jeziah,0.281
jeziel,0.281
jezrahiah,0.281
jibsam,0.281
jidlaph,0.281
jihad,0.281
jimna,0.281
jimnah,0.281
jimnites,0.281
jithra,0.281
jithran,0.281
jizliah,0.281
jizri,0.281
joahaz,0.281
joed,0.281
jogbehah,0.281
jogli,0.281
joiakim,0.281
joining,0.281
jointed,0.281
jokdeam,0.281
jokmeam,0.281
joktheel,0.281
jorah,0.281
jorai,0.281
jorkoam,0.281
joshah,0.281
joshibiah,0.281
jostle,0.281
jotbah,0.281
joyously,0.281
jubal,0.281
jubilation,0.281
jucal,0.281
judean,0.281
judi,0.281
jugular,0.281
juniper,0.281
jushab,0.281
justifying,0.281
kab,0.281
kadmonites,0.281
kaf,0.281
kallai,0.281
kamai,0.281
karkaa,0.281
karkor,0.281
kartah,0.281
kartan,0.281
kattath,0.281
kazin,0.281
keen,0.281
kelaiah,0.281
kenezzites,0.281
keramim,0.281
keren,0.281
kettle,0.281
keziah,0.281
keziz,0.281
kibzaim,0.281
kidnapper,0.281
kidnapping,0.281
kidnaps,0.281
kifl,0.281
killer,0.281
kiln,0.281
kinah,0.281
kinder,0.281
kingly,0.281
kinsfolk,0.281
kinship,0.281
kiriathaim,0.281
kishi,0.281
kitchens,0.281
kithlish,0.281
kitron,0.281
knocked,0.281
knower,0.281
koa,0.281
kor,0.281
korahite,0.281
korathites,0.281
laadah,0.281
lace,0.281
ladders,0.281
ladies,0.281
lads,0.281
lael,0.281
lag,0.281
lagged,0.281
lahab,0.281
lahad,0.281
lahmas,0.281
lair,0.281
lakkum,0.281
lamentations,0.281
laments,0.281
lance,0.281
lances,0.281
languished,0.281
lap,0.281
lapful,0.281
lapidoth,0.281
laps,0.281
largeness,0.281
lasha,0.281
lasharon,0.281
lashes,0.281
lastly,0.281
lat,0.281
latch,0.281
latest,0.281
launch,0.281
launderers,0.281
layer,0.281
lazily,0.281
laziness,0.281
league,0.281
leaps,0.281
learns,0.281
learnt,0.281
leb,0.281
lebana,0.281
lebanah,0.281
lebaoth,0.281
lebonah,0.281
lecah,0.281
leech,0.281
lees,0.281
leg,0.281
legend,0.281
lemuel,0.281
lending,0.281
lengthened,0.281
lengthens,0.281
lengthy,0.281
lenient,0.281
leopards,0.281
leshem,0.281
lessons,0.281
letushim,0.281
leummim,0.281
leveled,0.281
levels,0.281
levy,0.281
lewdly,0.281
liable,0.281
liberally,0.281
libnites,0.281
licks,0.281
lid,0.281
lifeblood,0.281
lifeless,0.281
liked,0.281
likely,0.281
likhi,0.281
limped,0.281
linguistic,0.281
link,0.281
lionesses,0.281
listless,0.281
literature,0.281
lively,0.281
lizard,0.281
loading,0.281
loans,0.281
loathing,0.281
loftily,0.281
lonely,0.281
longest,0.281
looming,0.281
loosened,0.281
loosens,0.281
looter,0.281
lop,0.281
lordly,0.281
losing,0.281
losses,0.281
louder,0.281
loveable,0.281
loveliest,0.281
loveliness,0.281
lovingly,0.281
lowered,0.281
lowliest,0.281
lucifer,0.281
lulled,0.281
lure,0.281
lurked,0.281
lusty,0.281
lydians,0.281
lye,0.281
maadai,0.281
maai,0.281
maarath,0.281
maasai,0.281
machbanai,0.281
machbenah,0.281
machirites,0.281
machnadebai,0.281
madmenah,0.281
madon,0.281
magbish,0.281
maggot,0.281
magnificent,0.281
magor,0.281
mahol,0.281
maim,0.281
mainstay,0.281
major,0.281
makaz,0.281
makers,0.281
makheloth,0.281
maktesh,0.281
malachi,0.281
malady,0.281
malcam,0.281
malchielites,0.281
malchiram,0.281
malign,0.281
mallow,0.281
manahethites,0.281
manat,0.281
mankindîwhich,0.281
mannered,0.281
mantles,0.281
manufacture,0.281
manufactured,0.281
manuhoth,0.281
maoch,0.281
maonites,0.281
mara,0.281
maralah,0.281
marker,0.281
maroth,0.281
marsh,0.281
marut,0.281
marvels,0.281
marwah,0.281
mashal,0.281
massacred,0.281
masts,0.281
mates,0.281
mating,0.281
matri,0.281
matrix,0.281
mattattah,0.281
mattock,0.281
mattocks,0.281
mauled,0.281
mazzaroth,0.281
meadow,0.281
meadows,0.281
mealtime,0.281
meanings,0.281
mearah,0.281
mebunnai,0.281
mecherathite,0.281
meconah,0.281
meddles,0.281
meddling,0.281
mediators,0.281
medicine,0.281
meditating,0.281
mehir,0.281
mehujael,0.281
mehuman,0.281
melchiah,0.281
melichu,0.281
melting,0.281
memorable,0.281
memories,0.281
memphis,0.281
mended,0.281
meni,0.281
menopause,0.281
menses,0.281
menstrual,0.281
menstruation,0.281
meonothai,0.281
meraiah,0.281
merarites,0.281
merathaim,0.281
mercenaries,0.281
merchandisers,0.281
merchandising,0.281
merge,0.281
merged,0.281
merib,0.281
merit,0.281
meron,0.281
meronothite,0.281
meroz,0.281
merrily,0.281
merriment,0.281
meshezabel,0.281
meshillemith,0.281
meshillemoth,0.281
meshobab,0.281
meshullemeth,0.281
metaphor,0.281
metaphors,0.281
method,0.281
methushael,0.281
meunim,0.281
mibhar,0.281
michmethath,0.281
michri,0.281
middin,0.281
midway,0.281
migdal,0.281
mikneiah,0.281
milalai,0.281
mild,0.281
mincing,0.281
mingle,0.281
miniamin,0.281
minjamin,0.281
minni,0.281
minor,0.281
miphkad,0.281
miraculous,0.281
miraculously,0.281
mirage,0.281
mirages,0.281
mirmah,0.281
miry,0.281
miscarried,0.281
miscarrying,0.281
misdeeds,0.281
miserly,0.281
misfortunes,0.281
misguidance,0.281
misguide,0.281
mishal,0.281
misham,0.281
mishmannah,0.281
mishraites,0.281
misinterpret,0.281
mispar,0.281
mispronounce,0.281
missabib,0.281
misses,0.281
misunderstand,0.281
mithnite,0.281
mixing,0.281
mizar,0.281
moan,0.281
mocker,0.281
modeler,0.281
moderation,0.281
moisten,0.281
moldy,0.281
mole,0.281
molid,0.281
moments,0.281
monasteries,0.281
monastic,0.281
moneylender,0.281
monitor,0.281
monkeys,0.281
monthly,0.281
monument,0.281
moorings,0.281
moraly,0.281
moriah,0.281
morsels,0.281
mortgaged,0.281
mosaic,0.281
moserah,0.281
moths,0.281
motion,0.281
motivate,0.281
motivates,0.281
mountaineers,0.281
mountainous,0.281
mountings,0.281
mourner,0.281
mournful,0.281
movement,0.281
movements,0.281
mowing,0.281
mowings,0.281
mozah,0.281
muppim,0.281
murky,0.281
muscle,0.281
muscles,0.281
muse,0.281
musing,0.281
musk,0.281
musters,0.281
muttered,0.281
mysterious,0.281
naam,0.281
naamites,0.281
naarai,0.281
naaran,0.281
nachon,0.281
nahalal,0.281
nahaliel,0.281
nahallal,0.281
nahalol,0.281
naham,0.281
nahbi,0.281
nasr,0.281
neah,0.281
nearly,0.281
neatly,0.281
nebaioth,0.281
neballat,0.281
nebushasban,0.281
necessarily,0.281
nedabiah,0.281
needlessly,0.281
nehushta,0.281
nehushtan,0.281
neiel,0.281
neighed,0.281
neighing,0.281
neighings,0.281
nekeb,0.281
nemuelites,0.281
nephishesim,0.281
nervous,0.281
nestled,0.281
netaim,0.281
netophah,0.281
nevermore,0.281
newly,0.281
nibhaz,0.281
nibshan,0.281
nieces,0.281
nightly,0.281
nimrim,0.281
nobah,0.281
nobility,0.281
nod,0.281
nodab,0.281
nohah,0.281
noisily,0.281
nonexistent,0.281
noontime,0.281
noose,0.281
nophah,0.281
normal,0.281
normally,0.281
noses,0.281
noticed,0.281
nourisher,0.281
nourishment,0.281
nudity,0.281
numbering,0.281
oar,0.281
obal,0.281
obese,0.281
obil,0.281
objections,0.281
oblige,0.281
oblivion,0.281
obnoxious,0.281
obscure,0.281
obscured,0.281
obscurity,0.281
observer,0.281
obstinate,0.281
obstinately,0.281
obstructed,0.281
obstructing,0.281
obvious,0.281
occasionally,0.281
occupy,0.281
occurs,0.281
odd,0.281
offensive,0.281
offsprings,0.281
ohel,0.281
omen,0.281
omers,0.281
omission,0.281
omniscient,0.281
onager,0.281
oni,0.281
onions,0.281
onycha,0.281
operate,0.281
ophni,0.281
opinions,0.281
opponents,0.281
oppressing,0.281
orbiting,0.281
orchard,0.281
orchards,0.281
ordering,0.281
ordinary,0.281
oregim,0.281
organize,0.281
origin,0.281
originate,0.281
orphaned,0.281
osnapper,0.281
othni,0.281
outgoings,0.281
outlet,0.281
outpost,0.281
outrage,0.281
outwit,0.281
overcoming,0.281
overflows,0.281
overgrown,0.281
overlooking,0.281
overrule,0.281
overruled,0.281
overrules,0.281
overrun,0.281
overs,0.281
overspread,0.281
overspreads,0.281
overtaking,0.281
overthrowing,0.281
overwork,0.281
owls,0.281
ownership,0.281
ozem,0.281
ozni,0.281
oznites,0.281
paaneah,0.281
paarai,0.281
paces,0.281
pact,0.281
pai,0.281
pails,0.281
paint,0.281
painted,0.281
painting,0.281
palal,0.281
palanquin,0.281
palatable,0.281
palate,0.281
palluites,0.281
palti,0.281
paltite,0.281
pampers,0.281
paneling,0.281
panic,0.281
panicked,0.281
panted,0.281
parah,0.281
paramours,0.281
parapet,0.281
parbar,0.281
parcel,0.281
parchment,0.281
parmashta,0.281
parnach,0.281
parshandatha,0.281
participating,0.281
particles,0.281
partitioned,0.281
parvaim,0.281
parzites,0.281
pasach,0.281
pasdammim,0.281
pashur,0.281
pastured,0.281
patched,0.281
pathless,0.281
patrol,0.281
patrons,0.281
pau,0.281
pause,0.281
paused,0.281
pave,0.281
paw,0.281
paws,0.281
payable,0.281
payments,0.281
pays,0.281
pazzez,0.281
peacetime,0.281
pears,0.281
pebbles,0.281
pedahel,0.281
peeled,0.281
peep,0.281
pelaliah,0.281
peleth,0.281
penetrated,0.281
peniel,0.281
peninsula,0.281
penitents,0.281
pens,0.281
perceives,0.281
perception,0.281
perceptive,0.281
peresh,0.281
perfects,0.281
performance,0.281
performances,0.281
perfumers,0.281
perida,0.281
perjurer,0.281
perpetrator,0.281
perpetuate,0.281
persecutes,0.281
persisting,0.281
perturbed,0.281
peruda,0.281
perverseness,0.281
pestered,0.281
pestle,0.281
pethuel,0.281
peulthai,0.281
pharpar,0.281
pigeon,0.281
pildash,0.281
piled,0.281
pilgrim,0.281
pilha,0.281
pillaged,0.281
pim,0.281
pined,0.281
pins,0.281
pipings,0.281
piram,0.281
pirathon,0.281
pispah,0.281
pistachio,0.281
pithom,0.281
pities,0.281
placenta,0.281
placing,0.281
plaited,0.281
plane,0.281
planner,0.281
planters,0.281
plate,0.281
plateau,0.281
platitudes,0.281
plays,0.281
plaything,0.281
plea,0.281
pleadingly,0.281
pleadings,0.281
pleasantness,0.281
pledges,0.281
plotters,0.281
ploughing,0.281
plowers,0.281
plowshare,0.281
plummet,0.281
plump,0.281
poetry,0.281
pointedly,0.281
pointing,0.281
polish,0.281
polite,0.281
pollute,0.281
ponders,0.281
poplars,0.281
populous,0.281
poratha,0.281
portico,0.281
portray,0.281
posed,0.281
posses,0.281
possessing,0.281
possibilities,0.281
possibility,0.281
possibly,0.281
posted,0.281
postpone,0.281
potsherds,0.281
potters,0.281
pottery,0.281
pouch,0.281
poultice,0.281
powders,0.281
powerless,0.281
prattle,0.281
prattler,0.281
preachers,0.281
precaution,0.281
preceded,0.281
precise,0.281
precisely,0.281
predict,0.281
predictions,0.281
pregnancy,0.281
prematurely,0.281
premeditation,0.281
presentation,0.281
prestige,0.281
presumed,0.281
presumes,0.281
pretender,0.281
pretty,0.281
preys,0.281
pricking,0.281
primal,0.281
prime,0.281
princess,0.281
princesses,0.281
principle,0.281
printed,0.281
prints,0.281
prior,0.281
priority,0.281
privacy,0.281
prized,0.281
problems,0.281
procession,0.281
procured,0.281
productive,0.281
profaneness,0.281
profession,0.281
profound,0.281
prognosticators,0.281
prohibiting,0.281
prohibition,0.281
prohibitions,0.281
prohibits,0.281
projects,0.281
promote,0.281
promoter,0.281
prompt,0.281
promptly,0.281
pronged,0.281
propagation,0.281
properties,0.281
proportionate,0.281
proportions,0.281
prosecutor,0.281
prospects,0.281
prospering,0.281
prosperously,0.281
prostitution,0.281
protesting,0.281
proves,0.281
provident,0.281
prowl,0.281
pruned,0.281
psalmist,0.281
pulverized,0.281
punishemnt,0.281
punites,0.281
punon,0.281
purchases,0.281
purer,0.281
purest,0.281
purifier,0.281
purse,0.281
purses,0.281
pursuer,0.281
pushes,0.281
pushing,0.281
puthites,0.281
putiel,0.281
putrefy,0.281
putrefying,0.281
puvah,0.281
quaking,0.281
qualify,0.281
quarreling,0.281
quarries,0.281
quartermaster,0.281
quartz,0.281
quiets,0.281
quivered,0.281
quotes,0.281
quraish,0.281
raama,0.281
raamses,0.281
rabbim,0.281
rabbith,0.281
rabble,0.281
raced,0.281
rachal,0.281
racing,0.281
raddai,0.281
radiating,0.281
rafters,0.281
raham,0.281
raids,0.281
raining,0.281
rainstorm,0.281
rakem,0.281
rakkath,0.281
rakkon,0.281
rally,0.281
ramadan,0.281
ramath,0.281
ramathaim,0.281
ramathite,0.281
ramiah,0.281
rapha,0.281
raphah,0.281
rapidly,0.281
rarely,0.281
rattles,0.281
ravaging,0.281
raving,0.281
raze,0.281
realities,0.281
rearing,0.281
reasonings,0.281
rebuker,0.281
recalled,0.281
recede,0.281
receptacles,0.281
recess,0.281
recipients,0.281
recites,0.281
reckless,0.281
recklessness,0.281
reconsider,0.281
recount,0.281
recruited,0.281
recruiter,0.281
recruiting,0.281
rectangular,0.281
reelaiah,0.281
referred,0.281
refiner,0.281
refines,0.281
refining,0.281
reflects,0.281
reformers,0.281
refrained,0.281
refreshes,0.281
refugee,0.281
refusal,0.281
regaining,0.281
register,0.281
registers,0.281
regretful,0.281
regrettable,0.281
regulate,0.281
regulation,0.281
rei,0.281
reinforced,0.281
rejectors,0.281
rejoicingly,0.281
relationship,0.281
relationships,0.281
releases,0.281
relenting,0.281
relents,0.281
relieves,0.281
relish,0.281
relying,0.281
remembring,0.281
remeth,0.281
removing,0.281
rend,0.281
rending,0.281
renounces,0.281
repairer,0.281
repelled,0.281
repelling,0.281
rephael,0.281
rephah,0.281
replaces,0.281
replenishing,0.281
replica,0.281
reporter,0.281
representing,0.281
reprisal,0.281
reprobates,0.281
reproofs,0.281
reproves,0.281
reputed,0.281
requires,0.281
rescues,0.281
resemblance,0.281
resemble,0.281
resembled,0.281
resembles,0.281
resen,0.281
reservoir,0.281
reservoirs,0.281
resheph,0.281
reside,0.281
residence,0.281
resides,0.281
resolves,0.281
resort,0.281
resorted,0.281
resound,0.281
resounding,0.281
responsibilities,0.281
responsively,0.281
restricted,0.281
restrictions,0.281
resumed,0.281
retains,0.281
retaliates,0.281
retreating,0.281
reunited,0.281
revealer,0.281
revenues,0.281
revered,0.281
reversed,0.281
review,0.281
reviles,0.281
revival,0.281
revolters,0.281
rezon,0.281
rib,0.281
richer,0.281
richest,0.281
riddance,0.281
riddles,0.281
ridge,0.281
ridges,0.281
rifled,0.281
righteousnesses,0.281
rinnah,0.281
ripening,0.281
riphath,0.281
risk,0.281
rite,0.281
ritually,0.281
riverbank,0.281
riverbeds,0.281
riverheads,0.281
rivulets,0.281
rizia,0.281
roadside,0.281
roaming,0.281
roast,0.281
roasting,0.281
robbing,0.281
robs,0.281
rodanim,0.281
roe,0.281
roebucks,0.281
rogue,0.281
rogues,0.281
rohgah,0.281
rolling,0.281
rolls,0.281
roofs,0.281
roosts,0.281
rotate,0.281
rotating,0.281
roundabout,0.281
rounded,0.281
route,0.281
rove,0.281
rub,0.281
rugged,0.281
rumah,0.281
runner,0.281
rural,0.281
ruthless,0.281
sa,0.281
sabta,0.281
sabtah,0.281
sabtecha,0.281
sabtechah,0.281
sachiah,0.281
sadness,0.281
safa,0.281
safeguard,0.281
safekeeping,0.281
safest,0.281
saffron,0.281
sahadutha,0.281
sallai,0.281
salmai,0.281
salted,0.281
saltpits,0.281
salu,0.281
samgar,0.281
sanctifying,0.281
sanctioned,0.281
sannah,0.281
sansannah,0.281
sardites,0.281
sarezer,0.281
sargon,0.281
sarsechim,0.281
satiate,0.281
satisfaction,0.281
satisfying,0.281
saturated,0.281
saturates,0.281
saviors,0.281
savor,0.281
scabbard,0.281
scabs,0.281
scald,0.281
scalding,0.281
scalp,0.281
scaly,0.281
scan,0.281
scarcity,0.281
scare,0.281
scarves,0.281
scepters,0.281
schemed,0.281
scoffed,0.281
scoffing,0.281
scorches,0.281
scoundrel,0.281
scoured,0.281
scowled,0.281
scraped,0.281
scraps,0.281
scratched,0.281
scrupulous,0.281
sculpture,0.281
sculptured,0.281
seafaring,0.281
seafood,0.281
seams,0.281
searchings,0.281
seasonal,0.281
secacah,0.281
sechu,0.281
seclusion,0.281
secures,0.281
seedlings,0.281
seirah,0.281
seizure,0.281
seldom,0.281
selected,0.281
seled,0.281
sellers,0.281
selvedge,0.281
semachiah,0.281
seneh,0.281
senile,0.281
senility,0.281
sensibly,0.281
sensitivity,0.281
sentences,0.281
senuah,0.281
seorim,0.281
separately,0.281
sephar,0.281
sepharvites,0.281
sepulcher,0.281
seraphim,0.281
serenely,0.281
seriously,0.281
servings,0.281
servitude,0.281
sethur,0.281
settlement,0.281
settlers,0.281
settling,0.281
sewing,0.281
sewn,0.281
shaalabbin,0.281
shaalbonite,0.281
shaalim,0.281
shaashgaz,0.281
shaded,0.281
shades,0.281
shadowed,0.281
shafts,0.281
shageh,0.281
shahar,0.281
shaharaim,0.281
shahazimah,0.281
shallecheth,0.281
shallun,0.281
shalmai,0.281
shalman,0.281
shama,0.281
shamariah,0.281
shambles,0.281
shamefaced,0.281
shamelessly,0.281
shamer,0.281
shames,0.281
shamgar,0.281
shamma,0.281
shamsherai,0.281
shapes,0.281
shaphir,0.281
sharai,0.281
sharaim,0.281
sharar,0.281
shard,0.281
shards,0.281
sharonite,0.281
sharpening,0.281
sharuhen,0.281
shashai,0.281
shatter,0.281
shaulites,0.281
shavsha,0.281
shawl,0.281
sheathed,0.281
shebah,0.281
shebam,0.281
shebarim,0.281
sheber,0.281
shebeth,0.281
shechemites,0.281
shedder,0.281
sheepbreeders,0.281
sheerah,0.281
sheets,0.281
shehariah,0.281
shelanites,0.281
sheleph,0.281
shelesh,0.281
shells,0.281
shelomi,0.281
shelomoth,0.281
shemaah,0.281
shemeber,0.281
shemed,0.281
shen,0.281
shenazzar,0.281
shepham,0.281
shepherded,0.281
shepherdess,0.281
shephi,0.281
shepho,0.281
shephuphan,0.281
sheresh,0.281
sherezer,0.281
shibmah,0.281
shicron,0.281
shifts,0.281
shigionoth,0.281
shilhi,0.281
shillemites,0.281
shiloah,0.281
shiloni,0.281
shilonites,0.281
shilshah,0.281
shimeam,0.281
shimeath,0.281
shimeathites,0.281
shimeon,0.281
shimi,0.281
shimon,0.281
shimrath,0.281
shimrith,0.281
shimronites,0.281
shinab,0.281
shined,0.281
shion,0.281
shiphi,0.281
shiphmite,0.281
shiphrah,0.281
shiphtan,0.281
shisha,0.281
shitrai,0.281
shiver,0.281
shoa,0.281
shobek,0.281
shobi,0.281
shocks,0.281
shoes,0.281
shoham,0.281
shomer,0.281
shophan,0.281
shores,0.281
shortages,0.281
shortcomings,0.281
shorten,0.281
shovel,0.281
shower,0.281
shrank,0.281
shriek,0.281
shrink,0.281
shrivels,0.281
shrub,0.281
shrubs,0.281
shuffles,0.281
shuhah,0.281
shuham,0.281
shuhamites,0.281
shulamite,0.281
shumathites,0.281
shunites,0.281
shupham,0.281
shuphamites,0.281
shuthalhites,0.281
shuttle,0.281
sia,0.281
siaha,0.281
sibraim,0.281
sideways,0.281
siesta,0.281
sifted,0.281
sifts,0.281
significance,0.281
signify,0.281
signpost,0.281
signposts,0.281
sihor,0.281
sikkuth,0.281
silencing,0.281
silla,0.281
similarly,0.281
simmer,0.281
sinfully,0.281
singed,0.281
singleness,0.281
singular,0.281
sinim,0.281
sinks,0.281
sion,0.281
sip,0.281
siphmoth,0.281
sippai,0.281
sirah,0.281
sirius,0.281
sismai,0.281
sistrums,0.281
sites,0.281
sitnah,0.281
sivan,0.281
sizes,0.281
skeptical,0.281
skillfulness,0.281
skip,0.281
skipped,0.281
skipping,0.281
skirt,0.281
slabs,0.281
slacken,0.281
slanders,0.281
slash,0.281
slaughtering,0.281
slavery,0.281
sledge,0.281
sleeper,0.281
sleepers,0.281
sleeve,0.281
sleeves,0.281
sliced,0.281
slidden,0.281
slide,0.281
slighted,0.281
slingers,0.281
sloops,0.281
slothful,0.281
slumbering,0.281
slung,0.281
smells,0.281
smelted,0.281
smelter,0.281
smite,0.281
smiting,0.281
smitten,0.281
smokeless,0.281
smooths,0.281
smother,0.281
snail,0.281
snakes,0.281
snatched,0.281
sneer,0.281
sneers,0.281
sneezed,0.281
sneezings,0.281
sniffed,0.281
sniffs,0.281
snout,0.281
soaked,0.281
socoh,0.281
soda,0.281
sodi,0.281
softened,0.281
softer,0.281
sojourn,0.281
soldering,0.281
solicitation,0.281
solicited,0.281
solitarily,0.281
solved,0.281
solving,0.281
soot,0.281
soothed,0.281
soothing,0.281
sorek,0.281
sorrel,0.281
sorts,0.281
sovereignty,0.281
spanned,0.281
spark,0.281
sparkled,0.281
sparkles,0.281
sparkling,0.281
spattered,0.281
spearhead,0.281
specialists,0.281
species,0.281
specifically,0.281
spectacular,0.281
speedy,0.281
spells,0.281
spender,0.281
spice,0.281
spiced,0.281
spinning,0.281
spiritist,0.281
spits,0.281
spitting,0.281
splint,0.281
splintered,0.281
splinters,0.281
splits,0.281
spokes,0.281
spontaneously,0.281
spout,0.281
sprigs,0.281
sprinkles,0.281
spur,0.281
spurred,0.281
spying,0.281
squanderers,0.281
squanders,0.281
squares,0.281
squeezed,0.281
stable,0.281
stacked,0.281
stacte,0.281
stages,0.281
staggered,0.281
staggers,0.281
stairway,0.281
stake,0.281
stalks,0.281
stallions,0.281
stammerers,0.281
stamped,0.281
stamping,0.281
standstill,0.281
stargazers,0.281
starting,0.281
starved,0.281
starving,0.281
stately,0.281
stationary,0.281
staves,0.281
stead,0.281
steady,0.281
stealing,0.281
steams,0.281
stem,0.281
sternness,0.281
stoops,0.281
stopping,0.281
storerooms,0.281
storms,0.281
stout,0.281
stoutest,0.281
stove,0.281
stragglers,0.281
strangulation,0.281
strata,0.281
streaming,0.281
strenuously,0.281
strict,0.281
stripe,0.281
structures,0.281
stubbornly,0.281
student,0.281
studs,0.281
studying,0.281
stuff,0.281
stumps,0.281
stunned,0.281
sturdy,0.281
style,0.281
suah,0.281
subside,0.281
substances,0.281
succeeding,0.281
succeeds,0.281
succulent,0.281
suchathites,0.281
suckling,0.281
suffice,0.281
sugar,0.281
suggesting,0.281
suggestion,0.281
sukkiim,0.281
summoner,0.281
sumptuous,0.281
sunshine,0.281
superficial,0.281
superstitious,0.281
supervise,0.281
supervised,0.281
supervision,0.281
suph,0.281
suphah,0.281
supplant,0.281
supplanted,0.281
supplying,0.281
supporting,0.281
supremacy,0.281
sur,0.281
surpass,0.281
surpassing,0.281
surrenders,0.281
surroundings,0.281
susah,0.281
susceptible,0.281
susi,0.281
susim,0.281
suspense,0.281
suspicion,0.281
suspiciously,0.281
sustains,0.281
suwa,0.281
swamps,0.281
swarm,0.281
sweep,0.281
sweeps,0.281
sweetly,0.281
swells,0.281
swimmer,0.281
swing,0.281
swings,0.281
swirl,0.281
swirls,0.281
swollen,0.281
swoon,0.281
swoop,0.281
swooping,0.281
symbols,0.281
sympathy,0.281
taanath,0.281
tabbath,0.281
tabuk,0.281
tahajjud,0.281
tahanites,0.281
tahrea,0.281
tahtim,0.281
talks,0.281
tammuz,0.281
tanach,0.281
tangled,0.281
taphath,0.281
taqiyah,0.281
taralah,0.281
tarea,0.281
tarpelites,0.281
tarried,0.281
tarshishah,0.281
tartak,0.281
tasnim,0.281
tassel,0.281
tastes,0.281
tattoo,0.281
taunt,0.281
taunts,0.281
taxed,0.281
teachings,0.281
tebaliah,0.281
technique,0.281
teeming,0.281
tehaphnehes,0.281
telah,0.281
telaim,0.281
temanites,0.281
temeni,0.281
tempts,0.281
tenfold,0.281
tenor,0.281
teraphim,0.281
terebinths,0.281
termed,0.281
terrorized,0.281
text,0.281
thamuds,0.281
thanking,0.281
tharshish,0.281
theme,0.281
theygive,0.281
thinner,0.281
thirsted,0.281
thirtieth,0.281
thornless,0.281
thoughtful,0.281
thoughtless,0.281
thoughtlessly,0.281
threads,0.281
threatens,0.281
threefold,0.281
thresholds,0.281
throats,0.281
thunderous,0.281
tibhath,0.281
tibni,0.281
tiers,0.281
tighten,0.281
tigris,0.281
tiller,0.281
tilon,0.281
timbers,0.281
timing,0.281
timnite,0.281
tinder,0.281
tirathites,0.281
tires,0.281
tirhanah,0.281
tiria,0.281
tithing,0.281
tizite,0.281
toah,0.281
tobadonijah,0.281
togdher,0.281
tohu,0.281
toi,0.281
token,0.281
tokhath,0.281
tolad,0.281
tolaites,0.281
tophel,0.281
topheth,0.281
torrential,0.281
torrents,0.281
torso,0.281
toss,0.281
tossing,0.281
tottering,0.281
towered,0.281
trace,0.281
tracked,0.281
tract,0.281
trader,0.281
trains,0.281
tramp,0.281
trampling,0.281
transfer,0.281
transient,0.281
travelers,0.281
traverse,0.281
traversing,0.281
treader,0.281
treaties,0.281
treating,0.281
treats,0.281
tremendously,0.281
tresses,0.281
trickling,0.281
trim,0.281
trinity,0.281
troublemaking,0.281
trudging,0.281
tumble,0.281
turncoat,0.281
tusks,0.281
twigs,0.281
twisting,0.281
twists,0.281
typical,0.281
tyrants,0.281
ucal,0.281
uel,0.281
ugliness,0.281
ulcer,0.281
ulla,0.281
ultimate,0.281
ummah,0.281
unbreakable,0.281
uncleanliness,0.281
uncleannesses,0.281
unclear,0.281
unconditionally,0.281
uncontrolled,0.281
uncovering,0.281
undamaged,0.281
undeniable,0.281
undergo,0.281
underground,0.281
undermine,0.281
undersides,0.281
understandably,0.281
undertake,0.281
undertakes,0.281
undesirable,0.281
undignified,0.281
undiminished,0.281
undo,0.281
unduly,0.281
unexpected,0.281
unfair,0.281
unfanned,0.281
unformed,0.281
unfortunate,0.281
ungratefully,0.281
unintended,0.281
unintentional,0.281
union,0.281
unique,0.281
unit,0.281
universal,0.281
unknowingly,0.281
unlettered,0.281
unloaded,0.281
unmarked,0.281
unmindful,0.281
unparalleled,0.281
unpolluted,0.281
unprecedented,0.281
unreasonably,0.281
unrecognized,0.281
unreliable,0.281
unrighteously,0.281
unsavory,0.281
unshod,0.281
unsinful,0.281
unspoken,0.281
unstopped,0.281
unsuccessful,0.281
untold,0.281
untrue,0.281
untruthfull,0.281
unturned,0.281
unzurna,0.281
upharsin,0.281
upraised,0.281
uprising,0.281
uproots,0.281
upsets,0.281
upstairs,0.281
uq,0.281
urgently,0.281
usually,0.281
uttering,0.281
uzai,0.281
uzzen,0.281
uzzia,0.281
uzzielites,0.281
vagabonds,0.281
vajezatha,0.281
valuable,0.281
values,0.281
vaniah,0.281
vat,0.281
vein,0.281
veins,0.281
vengefully,0.281
vent,0.281
vents,0.281
verdict,0.281
verdure,0.281
verified,0.281
verity,0.281
versed,0.281
vestibules,0.281
vestments,0.281
vicinity,0.281
vicious,0.281
victimized,0.281
victories,0.281
victoriously,0.281
vigil,0.281
vigorous,0.281
vileness,0.281
vindicates,0.281
violates,0.281
violating,0.281
virtuously,0.281
visage,0.281
visibility,0.281
visibly,0.281
visitor,0.281
visits,0.281
vitality,0.281
volume,0.281
voluntarily,0.281
volunteer,0.281
volunteers,0.281
vomits,0.281
vophsi,0.281
vowing,0.281
vulnerable,0.281
wadd,0.281
waheb,0.281
waifs,0.281
waiving,0.281
wakes,0.281
walkways,0.281
walled,0.281
wanderers,0.281
wanderings,0.281
ward,0.281
warms,0.281
warmyourselves,0.281
warred,0.281
wary,0.281
wasilah,0.281
wasteful,0.281
wastefully,0.281
watercourses,0.281
waterfalls,0.281
waterless,0.281
wavered,0.281
waving,0.281
wavy,0.281
wayfaring,0.281
weaken,0.281
weaning,0.281
wears,0.281
webs,0.281
wedge,0.281
weeps,0.281
wellsprings,0.281
wend,0.281
whelps,0.281
whet,0.281
whilst,0.281
whirls,0.281
whisperer,0.281
whistling,0.281
whitewash,0.281
wholehearted,0.281
wider,0.281
wield,0.281
wielded,0.281
wielding,0.281
willow,0.281
wilts,0.281
windy,0.281
winebibbers,0.281
wines,0.281
wineskin,0.281
winners,0.281
winnowed,0.281
winnowers,0.281
wins,0.281
wisest,0.281
wishers,0.281
wits,0.281
wizards,0.281
womanly,0.281
wonderfully,0.281
wondering,0.281
woodcutters,0.281
wooded,0.281
woodland,0.281
woodsman,0.281
woolen,0.281
workings,0.281
wounding,0.281
wreath,0.281
wrestlings,0.281
wretchedness,0.281
wringing,0.281
writhe,0.281
writhes,0.281
wrongful,0.281
wrongs,0.281
wrung,0.281
wwhoever,0.281
yaghuth,0.281
yathrib,0.281
yearn,0.281
yearning,0.281
yell,0.281
yells,0.281
yemen,0.281
yemenite,0.281
yonder,0.281
zaanaim,0.281
zaanan,0.281
zaanannim,0.281
zabbud,0.281
zabud,0.281
zaccai,0.281
zacchur,0.281
zaham,0.281
zair,0.281
zalaph,0.281
zalmonah,0.281
zamzummim,0.281
zaphnath,0.281
zaphon,0.281
zayd,0.281
zaza,0.281
zebina,0.281
zebudah,0.281
zebulunites,0.281
zecher,0.281
zelzah,0.281
zemirah,0.281
zenan,0.281
zephath,0.281
zephathah,0.281
zephonites,0.281
zer,0.281
zereda,0.281
zeredah,0.281
zererah,0.281
zeri,0.281
zeror,0.281
zeruah,0.281
zetham,0.281
zethan,0.281
zethar,0.281
zia,0.281
zibia,0.281
ziddim,0.281
zihar,0.281
zina,0.281
zior,0.281
ziphah,0.281
ziphion,0.281
ziphron,0.281
zithri,0.281
ziz,0.281
zizah,0.281
zoheleth,0.281
zoheth,0.281
zophai,0.281
zorites,0.281
zuriel,0.281
zuzim,0.281
drank,0.281
spare,0.281
kill,0.280
travel,0.279
carefully,0.274
really,0.274
hid,0.274
stopped,0.274
divided,0.271
mocked,0.270
seize,0.270
ears,0.266
blessed,0.260
broke,0.254
ambassadors,0.240
beryl,0.240
bite,0.240
bountifully,0.240
coasts,0.240
containing,0.240
contentious,0.240
cool,0.240
creep,0.240
debts,0.240
deprive,0.240
destroyer,0.240
determine,0.240
distribute,0.240
entreat,0.240
expert,0.240
fatness,0.240
felt,0.240
flax,0.240
foremost,0.240
hairs,0.240
harmful,0.240
helping,0.240
incurred,0.240
independent,0.240
laden,0.240
laughter,0.240
lawgiver,0.240
nails,0.240
naturally,0.240
necked,0.240
occasion,0.240
outcry,0.240
peleg,0.240
plowing,0.240
prophetess,0.240
quarrelsome,0.240
quietness,0.240
reasonable,0.240
reasons,0.240
revived,0.240
rob,0.240
runs,0.240
rushed,0.240
shrines,0.240
solemnly,0.240
step,0.240
stocks,0.240
strengthens,0.240
tablet,0.240
traded,0.240
uses,0.240
veiled,0.240
viper,0.240
wearied,0.240
worms,0.240
thoughts,0.240
sin,0.237
bright,0.230
accepting,0.227
accordance,0.227
adulteress,0.227
allure,0.227
altered,0.227
amiss,0.227
annoyed,0.227
annul,0.227
arisen,0.227
ascends,0.227
assist,0.227
attending,0.227
await,0.227
bathed,0.227
beggar,0.227
beginnings,0.227
box,0.227
bramble,0.227
brokenhearted,0.227
bundles,0.227
cases,0.227
celebrated,0.227
childish,0.227
cliff,0.227
climbed,0.227
code,0.227
coffin,0.227
coins,0.227
conditions,0.227
corrected,0.227
daylight,0.227
decrees,0.227
defended,0.227
demands,0.227
differing,0.227
discipline,0.227
diseased,0.227
displayed,0.227
disregarded,0.227
districts,0.227
dragnet,0.227
eager,0.227
egg,0.227
enabled,0.227
engaged,0.227
equipped,0.227
estranged,0.227
eternally,0.227
excels,0.227
exploit,0.227
expounded,0.227
expressly,0.227
extortion,0.227
fan,0.227
figure,0.227
fills,0.227
flashes,0.227
fortune,0.227
gazing,0.227
glistening,0.227
gloom,0.227
gnashes,0.227
grandmother,0.227
gulf,0.227
habits,0.227
hay,0.227
hedges,0.227
helps,0.227
homeland,0.227
hosea,0.227
immanuel,0.227
intelligent,0.227
leafy,0.227
leaping,0.227
lesser,0.227
letting,0.227
lifting,0.227
loudly,0.227
manage,0.227
maturity,0.227
meets,0.227
merely,0.227
mist,0.227
mortally,0.227
muzzle,0.227
noisy,0.227
noted,0.227
observes,0.227
owns,0.227
pale,0.227
paper,0.227
parade,0.227
perplexity,0.227
players,0.227
precede,0.227
presumptuous,0.227
pretended,0.227
proclaiming,0.227
producing,0.227
providing,0.227
purged,0.227
purifies,0.227
qualified,0.227
quarreled,0.227
quick,0.227
ravenous,0.227
reproachfully,0.227
reptile,0.227
resolved,0.227
responded,0.227
restores,0.227
restrains,0.227
riverside,0.227
rough,0.227
saliva,0.227
scoffers,0.227
scorch,0.227
sense,0.227
services,0.227
severity,0.227
shamefully,0.227
sheepfold,0.227
shrewd,0.227
sift,0.227
silenced,0.227
silversmith,0.227
slack,0.227
soundness,0.227
spots,0.227
stall,0.227
stirring,0.227
stock,0.227
strivings,0.227
struggle,0.227
stuck,0.227
subjected,0.227
subvert,0.227
succeeded,0.227
summoned,0.227
swaddling,0.227
sweat,0.227
sycamore,0.227
tales,0.227
tempestuous,0.227
tends,0.227
terms,0.227
thistles,0.227
throng,0.227
throwing,0.227
tone,0.227
tortured,0.227
trading,0.227
traveled,0.227
twinkling,0.227
undone,0.227
unexpectedly,0.227
utmost,0.227
vainly,0.227
vanished,0.227
wasting,0.227
whip,0.227
winnowing,0.227
youthful,0.227
zarephath,0.227
piece,0.218
ate,0.213
herd,0.212
spot,0.212
trial,0.212
takes,0.207
serpent,0.207
lives,0.201
walks,0.198
acknowledge,0.195
awoke,0.195
beds,0.195
blame,0.195
census,0.195
chain,0.195
conceive,0.195
confused,0.195
deliverer,0.195
devours,0.195
fresh,0.195
handle,0.195
households,0.195
properly,0.195
regarded,0.195
sang,0.195
slow,0.195
withstand,0.195
catch,0.195
doubts,0.195
filthy,0.195
observed,0.195
proof,0.195
quenched,0.195
tempest,0.195
bury,0.191
talents,0.191
basket,0.186
camel,0.186
thrust,0.186
hypocrites,0.185
alas,0.184
cain,0.184
eleventh,0.184
evildoers,0.184
exist,0.184
fingers,0.184
hung,0.184
ruined,0.184
shelter,0.184
perished,0.182
settle,0.182
swallowed,0.182
willingly,0.182
bond,0.182
difference,0.182
esteemed,0.182
fade,0.182
flying,0.182
fragrance,0.182
harden,0.182
inward,0.182
leper,0.182
substance,0.182
arabia,0.179
chasten,0.179
chastise,0.179
cheek,0.179
childhood,0.179
cure,0.179
deserts,0.179
destructive,0.179
divides,0.179
enduring,0.179
exchanged,0.179
expose,0.179
filth,0.179
flight,0.179
fold,0.179
foul,0.179
foxes,0.179
housetops,0.179
infants,0.179
jeconiah,0.179
magnify,0.179
mesopotamia,0.179
moth,0.179
occupation,0.179
opinion,0.179
overseers,0.179
plow,0.179
stairs,0.179
steadfastness,0.179
swept,0.179
visible,0.179
wasted,0.179
won,0.179
labor,0.177
excellent,0.174
happen,0.174
letter,0.174
quiet,0.174
slaves,0.174
anymore,0.174
showed,0.174
eye,0.170
beast,0.166
peace,0.166
strangers,0.164
believing,0.163
quickly,0.163
stars,0.163
fallen,0.155
charged,0.152
respect,0.152
taking,0.152
bed,0.152
clothes,0.149
follow,0.149
crown,0.143
bethlehem,0.142
gain,0.142
pursue,0.142
journeyed,0.131
leaves,0.131
mourned,0.131
strange,0.131
trampled,0.131
waited,0.131
tears,0.122
net,0.122
provoke,0.122
wounded,0.122
armor,0.112
violent,0.112
precious,0.111
vision,0.111
remembered,0.111
dwells,0.109
hair,0.109
decided,0.109
furthermore,0.109
needs,0.109
neighbors,0.109
silence,0.109
virgins,0.109
image,0.108
let,0.106
ability,0.103
clothe,0.103
writing,0.103
ignorant,0.102
sell,0.102
absence,0.098
abuse,0.098
acknowledged,0.098
agony,0.098
boundaries,0.098
cainan,0.098
carnally,0.098
center,0.098
circle,0.098
dashed,0.098
dawned,0.098
degree,0.098
descent,0.098
distresses,0.098
enlarged,0.098
entry,0.098
evils,0.098
faults,0.098
favored,0.098
fifties,0.098
fulfillment,0.098
gamaliel,0.098
generosity,0.098
getting,0.098
granting,0.098
harass,0.098
induced,0.098
kindles,0.098
leopard,0.098
lineage,0.098
lusted,0.098
messiah,0.098
nearer,0.098
overseer,0.098
partly,0.098
pavement,0.098
physical,0.098
planned,0.098
plentiful,0.098
prudence,0.098
raging,0.098
rained,0.098
realized,0.098
rebuild,0.098
reu,0.098
robbery,0.098
ruling,0.098
senses,0.098
stole,0.098
storehouse,0.098
strongly,0.098
swiftly,0.098
terrify,0.098
thorn,0.098
tooth,0.098
torch,0.098
touching,0.098
transgresses,0.098
trap,0.098
traveling,0.098
wage,0.098
wiser,0.098
worships,0.098
alive,0.096
den,0.096
fourteen,0.096
lodged,0.096
meditate,0.096
sickness,0.096
stern,0.096
useless,0.096
wear,0.096
amminadab,0.091
ax,0.091
builds,0.091
complaint,0.091
contempt,0.091
continual,0.091
cursing,0.091
deeply,0.091
discerning,0.091
enoch,0.091
feeding,0.091
fixed,0.091
individually,0.091
lacks,0.091
loins,0.091
merchandise,0.091
pair,0.091
pitcher,0.091
quarrel,0.091
reigns,0.091
response,0.091
smooth,0.091
treads,0.091
waits,0.091
wonder,0.091
sent,0.089
opposite,0.089
tree,0.089
sound,0.087
adversary,0.087
flower,0.087
gathering,0.087
note,0.087
opens,0.087
preserved,0.087
proved,0.087
purified,0.087
showbread,0.087
trade,0.087
winepress,0.087
remembrance,0.081
vessel,0.081
secretly,0.078
tear,0.078
tested,0.078
garment,0.077
rejoice,0.074
prepare,0.071
wanted,0.068
lack,0.067
waves,0.067
arises,0.065
considering,0.065
draws,0.065
excellence,0.065
intercession,0.065
pulled,0.065
rahab,0.065
refrain,0.065
tunic,0.065
poured,0.062
finds,0.061
leads,0.061
parts,0.057
robe,0.057
jealousy,0.055
kissed,0.055
mouths,0.055
feared,0.054
friend,0.052
thought,0.048
gave,0.048
mourn,0.047
perish,0.045
apparel,0.044
ignorance,0.044
leprosy,0.044
locusts,0.044
patient,0.044
searched,0.044
thirsty,0.044
afar,0.044
acquaintances,0.044
caves,0.044
censer,0.044
concerned,0.044
confronted,0.044
contained,0.044
costly,0.044
dash,0.044
departs,0.044
directed,0.044
discouraged,0.044
envious,0.044
extent,0.044
foolishly,0.044
holes,0.044
honors,0.044
israelite,0.044
joyfully,0.044
longing,0.044
magnified,0.044
nahshon,0.044
narrow,0.044
neglected,0.044
opening,0.044
partner,0.044
poison,0.044
raises,0.044
reconciliation,0.044
remembering,0.044
remembers,0.044
returning,0.044
seated,0.044
shaved,0.044
sink,0.044
slept,0.044
trample,0.044
vanish,0.044
wandered,0.044
withers,0.044
seeks,0.043
figs,0.043
prepared,0.042
rule,0.039
widow,0.039
priests,0.038
hard,0.036
running,0.034
separate,0.034
avoid,0.033
belt,0.033
distressed,0.033
herbs,0.033
meaning,0.033
mothers,0.033
myrrh,0.033
oaths,0.033
rejoices,0.033
sets,0.033
thoroughly,0.033
wound,0.033
performed,0.027
trusted,0.027
tyre,0.026
clothing,0.026
abel,0.025
bitterness,0.025
distinction,0.025
manna,0.025
tumult,0.025
branches,0.025
truth,0.022
comforts,0.022
cups,0.022
direct,0.022
dishonest,0.022
dispersed,0.022
feeds,0.022
forefathers,0.022
forehead,0.022
greeting,0.022
hagar,0.022
hall,0.022
helmet,0.022
humiliation,0.022
instruct,0.022
lilies,0.022
listening,0.022
lo,0.022
palms,0.022
quench,0.022
refined,0.022
round,0.022
securely,0.022
shealtiel,0.022
shortened,0.022
store,0.022
stripped,0.022
swelling,0.022
vomit,0.022
witnessed,0.022
adulteries,0.022
allotment,0.022
appease,0.022
assistant,0.022
bags,0.022
borrow,0.022
brighter,0.022
bruised,0.022
bundle,0.022
cage,0.022
calm,0.022
cinnamon,0.022
circuit,0.022
class,0.022
composed,0.022
constant,0.022
consultation,0.022
contemptible,0.022
cost,0.022
creditor,0.022
daybreak,0.022
dealings,0.022
deceptive,0.022
devising,0.022
discernment,0.022
dismissed,0.022
distinguished,0.022
distribution,0.022
dreadfully,0.022
dropped,0.022
drown,0.022
easily,0.022
embracing,0.022
encircled,0.022
enticed,0.022
entirely,0.022
equality,0.022
eternity,0.022
exaltation,0.022
excel,0.022
excluded,0.022
expense,0.022
expenses,0.022
failing,0.022
fattened,0.022
forgets,0.022
grandchildren,0.022
greed,0.022
grope,0.022
growing,0.022
growth,0.022
howl,0.022
impute,0.022
increasing,0.022
increasingly,0.022
inflicted,0.022
lawfully,0.022
libya,0.022
licked,0.022
lied,0.022
lightly,0.022
likened,0.022
loathsome,0.022
marble,0.022
marrow,0.022
marrying,0.022
melody,0.022
midday,0.022
million,0.022
mistreated,0.022
mockers,0.022
obeying,0.022
obligation,0.022
opponent,0.022
owners,0.022
partners,0.022
performs,0.022
petitions,0.022
planning,0.022
pleads,0.022
possesses,0.022
posts,0.022
proceeding,0.022
proposed,0.022
proven,0.022
provoking,0.022
punishing,0.022
quieted,0.022
raising,0.022
ravens,0.022
receded,0.022
retained,0.022
rubbish,0.022
scourges,0.022
seacoast,0.022
seller,0.022
sentence,0.022
separation,0.022
shoots,0.022
smallest,0.022
smoking,0.022
snatch,0.022
solitary,0.022
sounds,0.022
spikenard,0.022
straying,0.022
sudden,0.022
suggest,0.022
suspicions,0.022
sway,0.022
temporary,0.022
thundered,0.022
tie,0.022
trimmed,0.022
uproot,0.022
vanishes,0.022
wanders,0.022
yearns,0.022
soon,0.022
tongue,0.021
shut,0.021
appearance,0.018
bowls,0.017
examine,0.017
finger,0.017
gained,0.017
hail,0.017
lamps,0.017
visit,0.017
commits,0.017
stay,0.017
abraham,0.016
company,0.016
drunk,0.016
inherit,0.014
commit,0.014
money,0.013
aloes,0.011
announce,0.011
approaching,0.011
arranged,0.011
art,0.011
associate,0.011
attributes,0.011
beheld,0.011
believer,0.011
berechiah,0.011
bits,0.011
boasts,0.011
breadth,0.011
collection,0.011
construction,0.011
controversy,0.011
conveyed,0.011
cunning,0.011
cutting,0.011
dancing,0.011
deals,0.011
dens,0.011
devices,0.011
dividing,0.011
drag,0.011
drunkard,0.011
erected,0.011
fights,0.011
forbearance,0.011
forbids,0.011
general,0.011
grind,0.011
hardens,0.011
harsh,0.011
hastily,0.011
heals,0.011
hedge,0.011
insolent,0.011
instant,0.011
invites,0.011
leaned,0.011
load,0.011
main,0.011
meek,0.011
mix,0.011
mulberry,0.011
mutual,0.011
notable,0.011
overpowered,0.011
penalty,0.011
pomp,0.011
powder,0.011
proofs,0.011
prospers,0.011
quite,0.011
reaped,0.011
reckon,0.011
rendered,0.011
roars,0.011
rushing,0.011
saving,0.011
searching,0.011
serug,0.011
shares,0.011
slowly,0.011
soft,0.011
sojourners,0.011
stench,0.011
striking,0.011
supports,0.011
tend,0.011
throws,0.011
toiled,0.011
topaz,0.011
trumpeters,0.011
urgent,0.011
vegetables,0.011
wolf,0.011
flood,0.010
indignation,0.010
loss,0.010
profane,0.010
advised,0.010
divorced,0.010
neglect,0.010
rejects,0.010
utterance,0.010
void,0.010
disputes,0.009
dove,0.009
fears,0.009
revelation,0.009
test,0.009
corrupt,0.008
gomorrah,0.008
hardened,0.008
pool,0.008
proceed,0.008
months,0.008
sorrow,0.008
lay,0.008
throw,0.007
prophesied,0.007
smoke,0.007
regard,0.007
seat,0.007
lying,0.007
time,0.004
lampstand,0.004
officers,0.004
true,0.004
pleasure,0.003
past,0.002
shed,0.002
appears,0.002
fasted,0.002
garrison,0.002
gathers,0.002
persuade,0.002
platter,0.002
severely,0.002
terrified,0.002
visited,0.002
wishes,0.002
greatest,0.002
likeness,0.001
mortal,0.001
strife,0.001
friends,0.001
carrying,0.001
fair,0.001
idol,0.001
lament,0.001
murdered,0.001
potter,0.001
pressed,0.001
stir,0.001
desired,0.001
fiery,0.001
lots,0.001
pluck,0.001
reached,0.001
swords,0.001
blamed,0.000
burst,0.000
cleansing,0.000
dance,0.000
daytime,0.000
eagles,0.000
gabriel,0.000
hyssop,0.000
imposed,0.000
intent,0.000
lain,0.000
leather,0.000
pitchers,0.000
reapers,0.000
retain,0.000
returns,0.000
stumbled,0.000
throat,0.000
uttered,0.000
withdraw,0.000
withdrawn,0.000
bowl,0.000
heat,0.000
lamp,0.000
season,0.000
behold,0.000
language,0.000
sodom,0.000
