token,score
jesus,1334.870
lord,1203.393
shall,1194.218
israel,1177.844
king,951.541
god,770.125
christ,706.741
ot,631.652
faith,571.284
muhammad,553.875
certainly,515.039
land,501.051
believers,486.937
sons,464.910
torment,441.627
things,439.799
judah,429.108
house,407.829
believe,363.510
david,350.463
hand,320.649
says,313.907
disciples,309.426
unbelievers,279.765
quran,269.230
egypt,264.198
children,260.114
revelations,251.181
unjust,239.405
offering,238.176
guidance,237.577
son,233.903
deeds,231.855
receive,229.746
nt,225.637
suffer,224.712
truth,224.585
messenger,219.348
ask,218.530
true,215.862
hell,215.640
angels,214.032
paul,212.125
peter,212.125
want,208.186
revealed,207.194
having,207.038
judgment,198.720
knowing,197.122
reward,190.923
evidence,182.420
created,176.171
john,174.635
world,171.323
surely,169.225
received,164.254
disbelievers,164.149
heart,163.951
hosts,162.762
cities,157.069
think,155.066
say,152.697
sword,151.221
gospel,149.177
knows,148.067
hour,147.221
saul,142.619
worship,140.628
asked,139.959
burnt,138.111
immediately,135.507
wants,135.507
men,135.017
gold,133.739
life,132.323
altar,132.158
aaron,132.077
nations,131.221
set,131.111
wanted,130.768
jerusalem,129.683
philistines,128.591
forgiving,127.410
year,126.440
favors,126.283
babylon,125.705
hearts,125.438
grace,122.427
human,122.414
follow,122.051
levites,121.163
joshua,119.121
wicked,118.879
promise,117.846
satan,117.483
paradise,116.273
tabernacle,116.250
iniquity,116.238
city,113.972
replied,113.285
went,112.671
patience,112.481
jews,109.063
equal,108.906
pious,108.802
silver,108.714
tell,107.567
pharisees,107.308
dwell,106.142
jacob,104.823
man,104.653
aware,104.602
thousand,104.251
ones,104.006
merciful,103.454
majestic,103.026
heavens,102.691
authority,102.397
church,101.333
mary,101.333
rejected,100.912
young,100.554
daughter,100.179
righteously,100.067
disbelief,99.840
guide,98.891
pagans,98.346
field,98.345
forgiveness,97.902
kings,97.780
princes,97.310
certain,97.301
worldly,96.853
anger,96.842
offerings,96.673
took,96.612
believed,96.448
guardian,94.917
pass,94.838
simon,93.867
mankind,92.873
jinn,92.374
religion,92.374
sustenance,91.609
years,91.220
assuredly,91.201
cut,91.171
miracles,90.441
book,89.981
preach,89.773
resurrection,89.388
like,89.319
ephraim,89.229
waters,88.554
prayers,88.415
wilderness,88.333
solomon,88.172
spirit,88.092
repentance,87.895
moab,87.809
days,87.690
fathers,87.551
existence,86.403
striving,85.652
daughters,85.457
war,85.402
according,85.286
love,85.219
fact,85.116
camp,84.105
grain,83.561
preached,82.983
statutes,82.383
deny,82.355
month,82.028
apostles,81.925
dwelt,81.749
deliver,81.731
painful,80.993
spoke,80.924
beneficent,80.433
families,80.202
reigned,80.202
sky,79.510
midst,79.263
manasseh,79.187
place,79.165
bronze,79.059
bring,78.954
benjamin,78.860
revelation,78.509
joab,78.316
sanctuary,77.582
granted,77.467
benefit,76.724
thirty,76.706
believing,75.957
gilead,75.606
know,75.253
best,75.215
priest,74.175
built,72.643
means,72.577
assyria,72.218
jeremiah,71.940
zion,71.865
mighty,71.843
strength,71.718
belief,71.482
gate,71.312
cubits,71.265
north,70.931
river,70.816
jordan,70.182
unless,70.109
behold,70.062
pilate,69.991
does,69.428
galilee,69.135
peoples,68.956
inhabitants,68.879
preaching,68.499
congregation,67.688
ark,66.989
servant,66.604
covenant,66.518
messengers,66.431
hezekiah,65.661
creation,65.517
head,65.372
mouth,64.891
astray,64.791
scribes,64.744
tax,64.677
samuel,64.520
universe,64.025
reason,63.436
edom,63.417
teacher,63.350
path,63.073
power,62.632
army,62.615
sins,62.226
judea,62.119
lawful,61.082
boat,61.044
witness,61.021
town,60.780
jonathan,60.710
try,60.538
inheritance,60.492
desolate,60.419
sufficient,60.364
news,60.309
baptized,59.553
oil,59.406
happiness,59.142
sinful,58.794
beth,58.681
jeroboam,58.681
moses,58.596
work,58.571
brought,58.545
wall,58.521
meeting,58.365
parents,58.062
synagogue,58.062
injustice,57.907
judgments,57.468
old,57.431
incense,56.574
doers,56.571
chariots,56.209
burned,55.951
multitudes,55.933
whomever,55.820
tribe,55.152
unseen,55.081
terrible,55.001
knowledge,54.983
clear,54.817
baal,54.698
bull,54.623
seven,54.417
eternal,54.370
border,54.023
steadfast,53.965
morning,53.610
devil,53.590
lips,53.481
nebuchadnezzar,53.271
wood,52.818
glorify,52.549
south,52.155
james,52.100
forgive,51.920
absalom,51.919
need,51.701
dwellers,51.701
exercise,51.701
hardship,51.701
ammon,51.243
ways,50.803
crucified,50.610
herod,50.610
virtue,50.610
ahab,50.567
hypocrites,50.191
saved,50.176
group,50.023
assembly,49.821
bless,49.821
gardens,49.784
gods,49.600
valley,49.560
oh,49.468
shekels,49.215
east,49.179
condemned,49.006
told,48.965
burn,48.922
considered,48.860
atonement,48.539
teaching,48.529
parable,48.485
desires,48.250
battle,48.237
grant,48.232
recompense,48.232
share,47.876
descendants,47.764
places,47.435
error,47.299
followers,47.240
virtuous,47.240
doubt,47.050
tent,47.035
fine,47.014
lost,46.953
repent,46.500
eyes,46.388
canaan,46.365
churches,46.140
philip,46.140
respite,46.140
pillars,46.101
belongs,46.057
gad,45.919
sing,45.757
scripture,45.753
captivity,45.362
chaldeans,45.244
dead,45.226
commanded,45.214
esau,45.024
court,44.719
disbelieve,44.650
manifest,44.650
sweet,44.431
permission,44.199
worthy,44.199
punishment,44.131
reject,44.083
remnant,44.082
break,43.877
numbered,43.768
blind,43.595
lift,43.362
seventh,43.228
jehoshaphat,43.220
demon,43.160
fled,42.897
enemies,42.824
protect,42.781
subject,42.781
fellow,42.747
egyptians,42.737
story,42.618
livestock,42.545
fruits,42.390
fall,42.345
houses,42.304
warn,41.872
hebron,41.784
rams,41.784
selah,41.784
followed,41.717
consider,41.699
captains,41.676
ram,41.676
criminals,41.670
heavenly,41.670
piety,41.670
public,41.670
retribution,41.670
unlawful,41.670
worshipped,41.670
came,41.622
gathered,41.610
broken,41.297
marveled,41.295
suffered,41.295
thanks,41.275
able,41.155
believes,41.141
amorites,41.109
dan,41.109
firstborn,40.653
knew,40.509
souls,40.378
barnabas,40.181
beings,40.181
nazareth,40.181
religious,40.181
wills,40.181
flock,40.060
captive,40.049
greater,39.852
self,39.850
control,39.810
crowd,39.810
suffering,39.810
eleazar,39.758
testify,39.674
lose,39.666
waiting,39.666
priests,39.564
samaria,39.381
lambs,39.377
fat,39.371
bore,39.127
camped,39.083
groups,38.691
ignore,38.691
prevent,38.691
relations,38.691
reminder,38.691
reuben,38.499
possession,38.480
zedekiah,38.408
demons,38.405
result,38.325
half,38.258
reply,38.192
offer,38.117
make,37.949
flocks,37.821
bethel,37.733
daniel,37.362
bounties,37.202
condemnation,37.202
judas,37.202
receiving,37.202
sight,37.096
abimelech,37.058
fury,37.058
utterly,37.005
far,36.960
consumed,36.716
ought,36.676
purpose,36.516
territory,36.477
sacrifice,36.435
lebanon,36.383
famine,36.352
goats,36.194
wickedness,35.906
differences,35.713
muslims,35.713
responsible,35.713
tradition,35.713
wish,35.639
seventy,35.604
reveal,35.523
miracle,35.357
truthful,35.357
abominations,35.349
walls,35.349
ignorant,35.318
rod,35.190
waste,35.130
ground,35.069
counsel,35.048
begot,34.835
body,34.703
stones,34.630
length,34.456
horses,34.448
victory,34.411
lifted,34.401
conscience,34.224
submitted,34.224
voice,34.098
killed,34.090
liars,33.874
doctrine,33.864
homes,33.864
obedience,33.777
abner,33.683
jehu,33.683
syrians,33.683
build,33.655
bowed,33.407
hills,33.338
tents,33.338
let,33.215
flour,33.109
sick,33.072
mountains,33.067
bashan,33.009
attractive,32.735
disciple,32.735
illustrious,32.735
promises,32.735
scriptures,32.735
supreme,32.735
thamud,32.735
serve,32.665
gentiles,32.545
lands,32.448
width,32.436
members,32.391
recall,32.391
jehoiada,32.334
mordecai,32.334
falsehood,32.285
property,32.285
oxen,31.800
plunder,31.762
wine,31.638
spend,31.468
entrance,31.328
baptism,31.246
caesar,31.246
carnal,31.246
genuine,31.246
synagogues,31.246
worshipping,31.246
lion,31.097
wrong,31.059
pay,31.017
abomination,31.003
forsake,31.003
abram,30.985
canaanites,30.985
various,30.963
denied,30.909
spiritual,30.909
mortal,30.841
single,30.841
died,30.781
cherubim,30.416
edge,30.416
fortified,30.310
laban,30.310
meet,30.249
buried,30.151
rock,30.048
stranger,29.954
thing,29.945
reproach,29.817
warning,29.796
bread,29.774
accuse,29.757
admit,29.757
begged,29.757
clearly,29.757
decided,29.757
disregard,29.757
mystery,29.757
timothy,29.757
articles,29.636
prostrate,29.517
circumcision,29.427
council,29.427
dispute,29.376
experience,29.376
carved,29.321
leader,29.321
captain,29.303
forsaken,29.303
gates,29.301
neighbor,29.266
shechem,29.070
better,28.739
male,28.692
chariot,28.652
images,28.652
plague,28.652
lived,28.392
forever,28.357
cedar,28.287
gibeah,28.287
ad,28.268
example,28.268
lusts,28.268
mosque,28.268
torah,28.268
donkeys,28.138
guides,28.074
forth,28.054
kingdom,27.979
recite,27.946
magic,27.912
started,27.912
mere,27.877
height,27.725
greet,27.702
azariah,27.612
fourth,27.458
taken,27.386
loss,27.379
kingdoms,27.315
faithful,27.311
spoil,27.053
zadok,27.053
balaam,27.024
liar,26.956
warned,26.956
rachel,26.938
given,26.850
anointed,26.844
pour,26.827
gather,26.821
apostle,26.779
asia,26.779
centurion,26.779
later,26.779
questioned,26.779
subservient,26.779
message,26.681
altars,26.648
rested,26.648
books,26.634
pieces,26.525
reign,26.524
began,26.514
mountain,26.472
number,26.472
drowned,26.467
grants,26.467
invented,26.467
preference,26.467
realize,26.467
creatures,26.454
greatest,26.454
easy,26.451
gains,26.451
chambers,26.380
esther,26.264
joash,26.264
beasts,25.925
brook,25.708
trespass,25.708
benaiah,25.589
pestilence,25.589
arm,25.518
streams,25.417
prayer,25.376
breath,25.313
argue,25.291
authoritative,25.291
distinction,25.291
humiliating,25.291
inevitable,25.291
macedonia,25.291
parables,25.291
resurrected,25.291
fulfilled,25.219
curse,25.159
create,25.143
mount,25.097
elisha,25.041
horn,25.036
patient,24.988
lie,24.921
encamped,24.915
ephod,24.915
defiled,24.798
swore,24.798
flow,24.742
drink,24.665
satisfied,24.647
shield,24.647
affairs,24.603
guided,24.603
wronged,24.603
person,24.561
seeing,24.444
goat,24.364
saints,24.242
ephah,24.241
harlotry,24.241
mizpah,24.241
shimei,24.241
skin,24.213
asa,23.980
bulls,23.980
plant,23.980
look,23.963
ear,23.895
caesarea,23.802
islam,23.802
lesson,23.802
mecca,23.802
stern,23.802
supposed,23.802
verses,23.802
iron,23.798
marry,23.787
proper,23.746
spirits,23.746
asher,23.692
threshing,23.692
strong,23.582
caleb,23.567
hadad,23.567
merari,23.567
seir,23.567
carried,23.551
soon,23.537
heirs,23.537
orphans,23.537
disputes,23.510
sailed,23.510
trial,23.510
tribulation,23.510
cease,23.486
cursed,23.479
wife,23.382
moved,23.361
justified,23.226
slain,23.172
commit,23.125
sheep,23.083
horsemen,23.064
pit,23.052
bow,23.040
honey,22.912
job,22.912
ben,22.893
chronicles,22.893
countries,22.893
jehoiakim,22.893
wooden,22.893
deep,22.861
words,22.801
just,22.799
tribes,22.770
arise,22.717
josiah,22.649
harm,22.621
taught,22.487
tongues,22.446
face,22.392
charge,22.373
help,22.369
balak,22.350
issachar,22.350
heads,22.345
rewards,22.341
rest,22.336
continually,22.323
accusation,22.314
admitted,22.314
antioch,22.314
capernaum,22.314
collectors,22.314
doubts,22.314
expect,22.314
mim,22.314
possible,22.314
praiseworthy,22.314
proof,22.314
sexual,22.314
threatened,22.314
ungrateful,22.314
hill,22.262
dew,22.219
fatherless,22.219
gath,22.219
gilgal,22.219
inner,22.196
named,22.189
hope,22.141
leaders,22.013
floor,21.984
multiply,21.984
door,21.881
poor,21.841
calamity,21.749
naphtali,21.749
prayed,21.743
donkey,21.709
ahaz,21.678
nathan,21.678
valor,21.678
justice,21.676
lay,21.667
noah,21.615
fool,21.614
slaughter,21.561
amaziah,21.545
dismayed,21.545
hamath,21.545
ramah,21.545
different,21.398
covered,21.379
service,21.374
deserves,21.341
destitute,21.341
ship,21.341
heap,21.319
iniquities,21.319
destroy,21.165
flee,21.112
possess,21.112
rehoboam,21.007
jericho,20.931
rivers,20.931
question,20.920
sail,20.920
sockets,20.871
achieve,20.826
angelic,20.826
ephesus,20.826
godliness,20.826
greek,20.826
pairs,20.826
puffed,20.826
warner,20.826
eat,20.821
beloved,20.708
entered,20.664
noise,20.655
ignorance,20.635
dry,20.629
seeking,20.565
exist,20.559
expel,20.559
greeks,20.559
recited,20.559
star,20.559
ministry,20.496
transgressions,20.438
testimonies,20.337
removed,20.304
gift,20.214
ai,20.197
beersheba,20.197
gibeon,20.197
herds,20.197
heshbon,20.197
shemaiah,20.197
shiloh,20.197
vanity,20.197
deed,20.162
aroused,19.992
prosper,19.992
shout,19.992
spear,19.992
sacrifices,19.983
deserve,19.955
likewise,19.857
raised,19.788
blue,19.783
villages,19.758
youth,19.758
samson,19.666
mixed,19.647
servants,19.604
kind,19.527
line,19.523
plundered,19.523
poles,19.523
shekel,19.523
finished,19.474
amen,19.413
near,19.412
alif,19.337
baptist,19.337
barrier,19.337
bible,19.337
boasting,19.337
consequences,19.337
crucify,19.337
disbelieved,19.337
dislike,19.337
disobey,19.337
hostility,19.337
ignored,19.337
lam,19.337
manifested,19.337
mislead,19.337
muslim,19.337
nature,19.337
perdition,19.337
rabbi,19.337
rejects,19.337
sadducees,19.337
salih,19.337
spouses,19.337
temptation,19.337
syria,19.271
cloud,19.201
angel,19.194
forgave,19.191
private,19.191
calling,19.153
marriage,19.145
submit,19.145
devour,19.143
wings,19.143
aroma,19.130
song,19.130
thousands,19.130
amazed,19.086
fornication,19.086
guardians,19.086
openly,19.086
proved,19.086
replace,19.086
redeemed,19.054
sinners,19.047
camels,19.033
pleasant,19.013
instruments,18.996
relatives,18.940
common,18.865
foot,18.865
ahaziah,18.849
bars,18.849
gedaliah,18.849
inhabitant,18.849
molded,18.849
overlaid,18.849
sihon,18.849
tribute,18.849
returned,18.806
trumpets,18.667
angry,18.592
committing,18.577
false,18.566
arrows,18.478
ox,18.478
zebulun,18.478
delivered,18.459
trouble,18.459
telling,18.458
high,18.446
inquire,18.391
touches,18.326
linen,18.310
glad,18.278
doors,18.240
levi,18.240
free,18.236
acacia,18.175
gatekeepers,18.175
leah,18.175
philistine,18.175
wail,18.175
second,18.129
claim,18.098
unaware,18.098
ordinance,18.005
doing,18.005
ashamed,17.923
fifth,17.920
enjoy,17.869
absolute,17.849
alms,17.849
ayb,17.849
betrayed,17.849
christians,17.849
dragon,17.849
examples,17.849
exhort,17.849
festus,17.849
forbearing,17.849
hardships,17.849
indecency,17.849
lazarus,17.849
magdalene,17.849
martha,17.849
partakers,17.849
properly,17.849
prostration,17.849
shu,17.849
submissive,17.849
truthfulness,17.849
mourning,17.826
sinned,17.733
helper,17.731
stand,17.704
armed,17.656
awesome,17.656
gideon,17.656
woven,17.656
accused,17.615
disobedience,17.615
fellowship,17.615
leaving,17.615
necessary,17.615
opportunity,17.615
whichever,17.615
enter,17.569
hananiah,17.502
jezreel,17.502
kirjath,17.502
lovingkindness,17.502
rebekah,17.502
thread,17.502
mind,17.486
offered,17.471
harlot,17.466
shame,17.399
blemish,17.345
word,17.322
praise,17.289
upright,17.277
abides,17.209
decreed,17.209
travel,17.209
violence,17.195
coming,17.185
lions,17.176
murder,17.153
tried,17.153
sackcloth,17.112
boards,16.987
nun,16.987
pity,16.987
today,16.857
chamber,16.828
elam,16.828
hilkiah,16.828
hittite,16.828
kadesh,16.828
kid,16.828
micah,16.828
sprinkle,16.828
statute,16.828
stronghold,16.828
valiant,16.828
grave,16.706
asking,16.699
especially,16.699
guilt,16.685
zechariah,16.685
divide,16.528
account,16.511
crossed,16.498
begotten,16.476
contrary,16.476
meat,16.474
scarlet,16.474
hear,16.460
hearing,16.457
achaia,16.361
agrippa,16.361
andrew,16.361
evident,16.361
experienced,16.361
hades,16.361
iblis,16.361
magician,16.361
pearls,16.361
persecution,16.361
reform,16.361
rooster,16.361
supper,16.361
titus,16.361
tormented,16.361
trustworthy,16.361
weakness,16.361
sister,16.361
dug,16.318
thigh,16.318
betray,16.317
disobedient,16.317
immorality,16.317
neck,16.276
ahasuerus,16.154
array,16.154
precepts,16.154
provinces,16.154
ramoth,16.154
shallum,16.154
boldly,16.147
forgives,16.147
pray,16.119
ends,16.103
abundance,16.084
blood,16.075
maidservant,16.026
haman,15.966
prince,15.966
tenth,15.966
slave,15.907
eaten,15.897
bird,15.880
eighty,15.880
weary,15.874
strive,15.863
soul,15.830
trees,15.813
wept,15.812
eli,15.650
palaces,15.650
praises,15.650
glorified,15.646
walked,15.538
doings,15.481
phinehas,15.481
siege,15.481
utensils,15.481
careful,15.368
consecrate,15.368
fruitful,15.368
royal,15.368
beware,15.345
streets,15.315
disgrace,15.309
elect,15.309
acts,15.276
instruction,15.235
simeon,15.206
gone,15.083
support,15.053
rejoice,14.998
oath,14.993
loud,14.966
maintain,14.905
mocked,14.905
possessed,14.905
enjoyment,14.890
falling,14.890
activities,14.873
agree,14.873
apollos,14.873
arabic,14.873
asunder,14.873
bounty,14.873
chapter,14.873
chaste,14.873
cornelius,14.873
devils,14.873
devout,14.873
disputed,14.873
edification,14.873
epistle,14.873
exists,14.873
greeting,14.873
inevitably,14.873
iscariot,14.873
lake,14.873
legends,14.873
loses,14.873
malice,14.873
pharisee,14.873
reasoned,14.873
remind,14.873
rent,14.873
silas,14.873
successors,14.873
thomas,14.873
travelled,14.873
unbelief,14.873
worshippers,14.873
zakat,14.873
adam,14.872
commandments,14.838
adonijah,14.807
baasha,14.807
darius,14.807
gershon,14.807
heave,14.807
kohath,14.807
nebat,14.807
regular,14.807
shields,14.807
shoulder,14.807
singers,14.807
square,14.807
zeruiah,14.807
evil,14.788
fierce,14.748
queen,14.748
red,14.748
scribe,14.748
standing,14.745
water,14.744
absent,14.682
disobeyed,14.682
inspired,14.682
powers,14.682
privately,14.682
warnings,14.682
devoured,14.633
stretch,14.633
act,14.604
heritage,14.591
receives,14.588
working,14.588
desolation,14.575
execute,14.575
forest,14.575
gladness,14.575
pillar,14.575
despised,14.513
forbid,14.508
noble,14.508
rose,14.329
abiathar,14.314
depths,14.314
escaped,14.312
horns,14.312
cause,14.275
accept,14.166
mercy,14.151
measured,14.144
abishai,14.134
amalekites,14.134
arnon,14.134
asaph,14.134
baruch,14.134
cedars,14.134
concubine,14.134
ezra,14.134
johanan,14.134
lachish,14.134
midianites,14.134
persia,14.134
profaned,14.134
require,14.134
shaphan,14.134
whirlwind,14.134
idols,14.128
sat,14.114
spent,14.108
healed,14.059
countenance,14.055
jesse,13.946
portion,13.932
restore,13.932
ascribe,13.930
payment,13.930
protection,13.930
records,13.930
commands,13.922
israelites,13.922
promised,13.897
open,13.879
conduct,13.861
corruption,13.861
girl,13.861
offense,13.861
good,13.837
fought,13.666
gateway,13.646
governors,13.646
incline,13.646
ancient,13.620
affliction,13.592
happened,13.531
way,13.506
avoid,13.471
benefits,13.471
couches,13.471
girls,13.471
insane,13.471
meaning,13.471
mentioned,13.471
orders,13.471
putting,13.471
teachers,13.471
achish,13.460
ahijah,13.460
besieged,13.460
carmel,13.460
fortress,13.460
jehoram,13.460
micaiah,13.460
og,13.460
twilight,13.460
windows,13.460
harp,13.401
inhabited,13.401
ananias,13.386
barabbas,13.386
blamed,13.386
brass,13.386
caiaphas,13.386
challenge,13.386
decides,13.386
desiring,13.386
explains,13.386
greetings,13.386
hypocrisy,13.386
island,13.386
lawless,13.386
legacy,13.386
munificent,13.386
ra,13.386
real,13.386
resist,13.386
seduce,13.386
unbelieving,13.386
victorious,13.386
zacharias,13.386
zebedee,13.386
beauty,13.354
harvest,13.354
west,13.352
crying,13.330
vineyards,13.319
unclean,13.287
allowed,13.220
despair,13.220
evenings,13.220
final,13.220
friendship,13.220
grateful,13.220
mornings,13.220
regret,13.220
sufferings,13.220
wedding,13.220
creator,13.178
purple,13.134
garments,13.097
testimony,13.084
friends,13.069
base,12.980
hundreds,12.980
jephthah,12.980
lad,12.980
uriah,12.980
weapons,12.980
accepted,12.978
honorable,12.978
brethren,12.974
dust,12.948
search,12.944
yoke,12.944
attention,12.889
camel,12.889
reach,12.889
worse,12.889
bones,12.846
tore,12.793
amalek,12.787
ammonites,12.787
counselors,12.787
curtains,12.787
highway,12.787
hooks,12.787
jabesh,12.787
jehoahaz,12.787
machir,12.787
nethaniah,12.787
plains,12.787
shemesh,12.787
sixteen,12.787
stringed,12.787
stood,12.776
hired,12.695
snare,12.695
settle,12.578
transgressors,12.578
expelled,12.564
obtain,12.564
persecuted,12.564
tempted,12.564
fields,12.550
cover,12.484
matters,12.406
severe,12.399
clean,12.361
eunuchs,12.314
times,12.269
stay,12.246
write,12.246
endures,12.205
fear,12.200
goodness,12.186
written,12.164
ahikam,12.113
baals,12.113
borders,12.113
carts,12.113
cherub,12.113
conspired,12.113
elkanah,12.113
en,12.113
hin,12.113
hittites,12.113
integrity,12.113
maaseiah,12.113
pronounce,12.113
redeemer,12.113
seer,12.113
sisera,12.113
terebinth,12.113
vestibule,12.113
watchman,12.113
wheels,12.113
wickedly,12.113
heeded,12.096
supplication,12.096
tremble,12.096
divorce,12.091
obtained,12.091
record,12.091
strange,12.091
mercies,12.074
closer,12.063
divine,12.063
mocking,12.063
party,12.063
urge,12.063
wishes,12.063
evening,12.045
barley,12.034
dried,12.034
low,12.034
prey,12.034
sabbaths,12.034
rebuke,11.969
stretched,11.969
abode,11.898
ages,11.898
appointment,11.898
bondservants,11.898
charity,11.898
conjecture,11.898
determines,11.898
disbelieving,11.898
dominant,11.898
elizabeth,11.898
excuses,11.898
ha,11.898
impossible,11.898
intention,11.898
lawlessness,11.898
mansions,11.898
neglected,11.898
obstacles,11.898
overcomes,11.898
rome,11.898
spending,11.898
tares,11.898
village,11.898
worry,11.898
zachariah,11.898
weak,11.878
asleep,11.866
invite,11.866
plotted,11.866
powerful,11.866
prophecy,11.866
abraham,11.799
abandoned,11.764
baby,11.764
compassionate,11.764
gladly,11.764
marvel,11.764
natural,11.764
original,11.764
parties,11.764
translated,11.764
unjustly,11.764
vast,11.764
wombs,11.764
worst,11.764
pursued,11.758
creature,11.722
triumph,11.722
feel,11.691
jew,11.691
cords,11.649
joram,11.649
perpetual,11.649
goes,11.595
continue,11.593
wide,11.583
pharaoh,11.564
early,11.511
salvation,11.510
swear,11.485
sacrificed,11.457
folly,11.446
rings,11.446
abigail,11.440
acted,11.440
cakes,11.440
cruel,11.440
cyrus,11.440
ekron,11.440
freewill,11.440
hanan,11.440
hazael,11.440
hiram,11.440
jebusites,11.440
jeshua,11.440
nadab,11.440
naomi,11.440
pan,11.440
shushan,11.440
timber,11.440
valuation,11.440
youngest,11.440
wealth,11.439
precious,11.416
boast,11.368
ability,11.315
persuaded,11.315
joseph,11.281
despite,11.214
prisoner,11.214
redeem,11.171
isaac,11.124
delight,11.122
wild,11.122
captives,11.085
passing,11.084
sent,11.044
fro,10.984
defile,10.983
rebelled,10.983
scatter,10.983
arose,10.893
milk,10.819
cubit,10.798
faithfulness,10.798
province,10.798
provoked,10.798
wave,10.798
majesty,10.770
asahel,10.767
ashdod,10.767
athaliah,10.767
doorposts,10.767
eastward,10.767
hazor,10.767
horeb,10.767
hur,10.767
ithamar,10.767
jackals,10.767
nabal,10.767
naboth,10.767
nebuzaradan,10.767
ner,10.767
obadiah,10.767
repairs,10.767
rimmon,10.767
sheol,10.767
signet,10.767
spears,10.767
succoth,10.767
defeated,10.725
draw,10.725
death,10.698
fragrant,10.666
neglect,10.666
produced,10.666
reckoning,10.666
causes,10.635
holy,10.631
confident,10.572
doomed,10.572
learned,10.572
rightly,10.572
poured,10.558
vengeance,10.530
sealed,10.492
willing,10.492
appeal,10.410
bethany,10.410
bewitched,10.410
bondservant,10.410
bottomless,10.410
charitable,10.410
cilicia,10.410
containing,10.410
corn,10.410
destructive,10.410
disputing,10.410
earthly,10.410
encompasses,10.410
entrusted,10.410
exempt,10.410
exhortation,10.410
expiate,10.410
fatigue,10.410
felix,10.410
females,10.410
foods,10.410
germ,10.410
gnashing,10.410
hud,10.410
incurred,10.410
independent,10.410
infirmities,10.410
mature,10.410
misled,10.410
motionless,10.410
mustard,10.410
persecuting,10.410
perseverance,10.410
pregnant,10.410
prohibited,10.410
quarrelsome,10.410
reasonable,10.410
remission,10.410
simply,10.410
soldier,10.410
steadfastness,10.410
stephen,10.410
surname,10.410
term,10.410
visible,10.410
watchful,10.410
covering,10.387
disaster,10.387
served,10.385
dedicated,10.321
gaza,10.321
jotham,10.321
music,10.321
roar,10.321
accepts,10.314
boldness,10.314
destined,10.314
existed,10.314
faithless,10.314
protected,10.314
sir,10.314
start,10.314
submission,10.314
fallen,10.296
choice,10.232
sarah,10.232
sheba,10.232
exalt,10.152
looks,10.152
uzziah,10.152
feasts,10.143
forces,10.143
vow,10.143
amnon,10.093
anathoth,10.093
aram,10.093
citadel,10.093
coastlands,10.093
concubines,10.093
customary,10.093
cymbals,10.093
cypress,10.093
district,10.093
elah,10.093
ham,10.093
jebusite,10.093
jehoash,10.093
keilah,10.093
leprous,10.093
libnah,10.093
lowland,10.093
maid,10.093
meshullam,10.093
moabites,10.093
perizzites,10.093
pot,10.093
pronounced,10.093
rebuilt,10.093
tarshish,10.093
tirzah,10.093
uncover,10.093
uzziel,10.093
woods,10.093
haste,10.011
hate,10.005
deaf,9.983
praying,9.983
steps,9.979
vine,9.979
makes,9.965
shut,9.931
wash,9.931
prepare,9.931
longsuffering,9.882
lust,9.882
sleeping,9.882
anymore,9.873
cast,9.823
age,9.806
animal,9.796
corners,9.796
right,9.754
works,9.747
ordained,9.682
amon,9.658
contend,9.658
kish,9.658
lamentation,9.658
officer,9.658
shoot,9.658
treacherously,9.658
twelfth,9.658
zerah,9.658
awake,9.626
breaks,9.626
consecrated,9.626
shepherds,9.626
spices,9.626
country,9.625
knees,9.519
oppress,9.519
oppression,9.519
boaz,9.509
obed,9.509
ruins,9.509
scales,9.509
treasuries,9.509
image,9.483
soldiers,9.479
paths,9.439
ahimelech,9.420
ahithophel,9.420
armorbearer,9.420
aroer,9.420
backward,9.420
bare,9.420
beams,9.420
bone,9.420
capitals,9.420
delights,9.420
dread,9.420
eliab,9.420
firmament,9.420
furnishings,9.420
hermon,9.420
jearim,9.420
jephunneh,9.420
kohathites,9.420
maachah,9.420
michal,9.420
nebo,9.420
nostrils,9.420
posterity,9.420
rabshakeh,9.420
section,9.420
seraiah,9.420
split,9.420
uncle,9.420
uprightness,9.420
sounded,9.368
deceived,9.365
abound,9.302
devoted,9.302
blame,9.285
blasphemy,9.285
confirms,9.285
considering,9.285
fearing,9.285
intercession,9.285
minded,9.285
relieved,9.285
shortly,9.285
woe,9.220
divisions,9.210
grapes,9.210
spoken,9.168
innocent,9.142
unleavened,9.142
complete,9.115
purify,9.115
short,9.115
testified,9.115
observe,9.100
bed,9.041
borne,9.024
passes,9.024
understand,9.023
ishmael,9.020
change,9.014
entrails,8.997
jezebel,8.997
repaired,8.997
strongholds,8.997
absence,8.923
accounts,8.923
address,8.923
al,8.923
animosity,8.923
aquila,8.923
argument,8.923
authorities,8.923
baptize,8.923
baptizing,8.923
barracks,8.923
beelzebub,8.923
bellies,8.923
bethsaida,8.923
boats,8.923
caravan,8.923
cephas,8.923
chastity,8.923
collector,8.923
commend,8.923
denarii,8.923
denarius,8.923
deserved,8.923
destination,8.923
encompassed,8.923
endured,8.923
farms,8.923
glass,8.923
granting,8.923
hajj,8.923
humiliate,8.923
intimate,8.923
invents,8.923
nathanael,8.923
nearer,8.923
owe,8.923
paralytic,8.923
philippi,8.923
planned,8.923
praetorium,8.923
precinct,8.923
predestined,8.923
preferred,8.923
prevented,8.923
reality,8.923
recline,8.923
reconciled,8.923
refer,8.923
renounce,8.923
resurrect,8.923
romans,8.923
seats,8.923
sect,8.923
senses,8.923
sincerely,8.923
sober,8.923
statement,8.923
statements,8.923
steadfastly,8.923
supposing,8.923
suppressed,8.923
thessalonica,8.923
torments,8.923
unbeliever,8.923
uncircumcision,8.923
unfruitful,8.923
really,8.909
winds,8.909
foreign,8.899
nakedness,8.899
vows,8.899
heaven,8.896
virgin,8.895
approaches,8.873
arabs,8.873
cares,8.873
compelled,8.873
decked,8.873
demanded,8.873
fragments,8.873
gabriel,8.873
knowingly,8.873
silk,8.873
males,8.872
olive,8.872
aloud,8.869
faint,8.869
hewn,8.869
levite,8.869
devoid,8.860
recompensed,8.860
grass,8.858
remove,8.858
die,8.806
prophesy,8.789
abed,8.747
ahimaaz,8.747
ahitub,8.747
amorite,8.747
artaxerxes,8.747
banner,8.747
bathe,8.747
bela,8.747
brooks,8.747
carcasses,8.747
deer,8.747
eglon,8.747
elishama,8.747
gadites,8.747
goshen,8.747
gray,8.747
hivites,8.747
hor,8.747
meshach,8.747
mortar,8.747
native,8.747
nego,8.747
nethanel,8.747
nethinim,8.747
omri,8.747
overlay,8.747
portions,8.747
reubenites,8.747
rode,8.747
row,8.747
satraps,8.747
shadrach,8.747
sidonians,8.747
stricken,8.747
stubble,8.747
terrors,8.747
threshold,8.747
unintentionally,8.747
wholly,8.747
ziba,8.747
righteousness,8.734
living,8.623
attacked,8.593
vessels,8.593
boiling,8.573
revenge,8.573
guard,8.560
accord,8.518
minds,8.518
risen,8.494
hard,8.490
salt,8.427
tongue,8.423
beast,8.421
deceive,8.405
torn,8.362
afar,8.360
refuse,8.360
bands,8.338
correction,8.338
heaps,8.338
maker,8.338
nahor,8.338
outstretched,8.338
reaches,8.338
snow,8.338
standard,8.338
stolen,8.338
tamar,8.338
confidence,8.333
drove,8.311
horse,8.311
courts,8.283
fountain,8.283
genealogy,8.283
fighting,8.249
thank,8.249
rebellion,8.233
abijah,8.231
eagle,8.231
foreigner,8.231
fourteenth,8.231
praised,8.231
remaining,8.231
trembled,8.231
chains,8.200
woman,8.193
mention,8.178
test,8.175
thrown,8.164
tomb,8.157
abhorred,8.074
abinadab,8.074
alien,8.074
amasa,8.074
boundary,8.074
cake,8.074
canaanite,8.074
cart,8.074
companies,8.074
creeps,8.074
despises,8.074
edomites,8.074
eliashib,8.074
geba,8.074
hadadezer,8.074
hallow,8.074
hangings,8.074
hazar,8.074
hooves,8.074
horon,8.074
jehiel,8.074
jehoiachin,8.074
laver,8.074
mahanaim,8.074
manoah,8.074
mephibosheth,8.074
northward,8.074
oppressor,8.074
pastures,8.074
peor,8.074
petition,8.074
rabbah,8.074
rear,8.074
rechab,8.074
remaliah,8.074
sarai,8.074
sash,8.074
screen,8.074
shephatiah,8.074
snares,8.074
southern,8.074
tobiah,8.074
westward,8.074
withheld,8.074
godly,8.059
questions,8.059
stories,8.059
sanctify,8.054
tower,8.054
transgressed,8.054
clothes,8.037
husbands,8.036
saying,7.990
end,7.981
finally,7.923
nearby,7.923
produces,7.923
testifies,7.923
thinks,7.923
instead,7.900
fully,7.867
weight,7.836
furnace,7.835
grown,7.835
perverse,7.835
tender,7.835
valleys,7.835
hold,7.810
yes,7.798
greatness,7.756
feed,7.750
live,7.724
arrow,7.680
bows,7.680
ethiopia,7.680
fifteenth,7.680
habitation,7.680
ring,7.680
rows,7.680
shem,7.680
asks,7.676
masters,7.676
condemn,7.625
graves,7.625
struck,7.603
abhor,7.598
assemble,7.598
bloodshed,7.598
genealogies,7.598
heights,7.598
rises,7.598
shoulders,7.598
summer,7.598
tread,7.598
savior,7.540
broke,7.449
approved,7.443
bearer,7.443
blazing,7.443
blinded,7.443
convinced,7.443
dear,7.443
deceased,7.443
divorces,7.443
effective,7.443
exercised,7.443
express,7.443
headlong,7.443
loan,7.443
member,7.443
partner,7.443
perfected,7.443
reconciliation,7.443
relieve,7.443
totally,7.443
tribulations,7.443
wind,7.440
adoption,7.436
alexander,7.436
alphaeus,7.436
amnesty,7.436
approaching,7.436
aristarchus,7.436
attributes,7.436
babies,7.436
based,7.436
begins,7.436
believer,7.436
blindly,7.436
blissful,7.436
cheer,7.436
conveyed,7.436
corinth,7.436
corruptible,7.436
cradle,7.436
criteria,7.436
crows,7.436
dates,7.436
deacons,7.436
debtors,7.436
deliberately,7.436
denies,7.436
desist,7.436
deviate,7.436
diana,7.436
disbeliever,7.436
disqualified,7.436
dissension,7.436
distant,7.436
doctrines,7.436
drag,7.436
earnest,7.436
election,7.436
excessive,7.436
fluid,7.436
forbids,7.436
gaius,7.436
galatia,7.436
hardness,7.436
helpful,7.436
herodias,7.436
hostile,7.436
hours,7.436
immediate,7.436
immortal,7.436
incorruptible,7.436
indecent,7.436
indulged,7.436
infirmity,7.436
insulted,7.436
intently,7.436
intercessors,7.436
joses,7.436
keys,7.436
laodicea,7.436
lawyers,7.436
livelihood,7.436
lystra,7.436
matthew,7.436
medina,7.436
messengerss,7.436
moderate,7.436
necessity,7.436
niggardly,7.436
oceans,7.436
orbit,7.436
pamphylia,7.436
paralyzed,7.436
persist,7.436
preaches,7.436
prevents,7.436
previous,7.436
principalities,7.436
priscilla,7.436
proofs,7.436
protector,7.436
recitation,7.436
reclining,7.436
reminders,7.436
replaced,7.436
roman,7.436
sanctification,7.436
satans,7.436
sects,7.436
shirt,7.436
showered,7.436
soloman,7.436
spat,7.436
suffers,7.436
supporters,7.436
tetrarch,7.436
tolerable,7.436
traditions,7.436
troas,7.436
tychicus,7.436
vehemently,7.436
willed,7.436
worlds,7.436
acquired,7.401
ah,7.401
amoz,7.401
amram,7.401
ashkelon,7.401
astonishment,7.401
backsliding,7.401
bani,7.401
boughs,7.401
defect,7.401
dibon,7.401
ebed,7.401
eliphaz,7.401
ezer,7.401
flies,7.401
gateposts,7.401
gazelle,7.401
gezer,7.401
glean,7.401
haggai,7.401
hannah,7.401
hashabiah,7.401
heman,7.401
herb,7.401
heth,7.401
iddo,7.401
impurity,7.401
ishbosheth,7.401
japheth,7.401
jeduthun,7.401
jerubbaal,7.401
kareah,7.401
kedar,7.401
kedesh,7.401
mahli,7.401
manslayer,7.401
mattaniah,7.401
miriam,7.401
mirth,7.401
ointment,7.401
oracle,7.401
overthrown,7.401
pitched,7.401
prospered,7.401
regularly,7.401
remainder,7.401
riblah,7.401
sennacherib,7.401
tenths,7.401
weeks,7.401
zichri,7.401
bodies,7.388
liberty,7.387
plainly,7.387
practice,7.387
shining,7.387
officers,7.385
bad,7.379
brings,7.363
garment,7.363
womb,7.363
prison,7.357
throw,7.348
use,7.348
ashes,7.317
bethlehem,7.317
colt,7.291
difficult,7.291
difficulty,7.291
exposed,7.291
guests,7.291
idle,7.291
reading,7.291
regions,7.291
testing,7.291
branch,7.250
arms,7.208
nobles,7.208
preserve,7.208
envy,7.164
release,7.164
conceived,7.154
drive,7.123
executed,7.066
merchants,7.066
overtake,7.066
boil,7.024
broad,7.024
duties,7.024
eber,7.024
forevermore,7.024
joel,7.024
overthrow,7.024
rods,7.024
sore,7.024
unfaithful,7.024
upward,7.024
blast,6.992
persons,6.986
planted,6.986
possessions,6.986
said,6.972
corner,6.968
proverb,6.968
safety,6.968
troops,6.968
zerubbabel,6.968
adversaries,6.924
anoint,6.924
uncovered,6.924
remembered,6.909
everlasting,6.889
bestowed,6.848
filthy,6.848
mothers,6.848
oaths,6.848
permitted,6.848
dealt,6.805
shake,6.805
respect,6.756
adar,6.728
arabah,6.728
attached,6.728
badger,6.728
banquet,6.728
barzillai,6.728
beriah,6.728
bilhah,6.728
byword,6.728
convocation,6.728
cord,6.728
cuts,6.728
debir,6.728
delicacies,6.728
dim,6.728
dungeon,6.728
earrings,6.728
eighteenth,6.728
entire,6.728
ephron,6.728
gehazi,6.728
hammered,6.728
hanun,6.728
heber,6.728
hinnom,6.728
hivite,6.728
hoshea,6.728
immer,6.728
included,6.728
jair,6.728
jazer,6.728
jeiel,6.728
jubilee,6.728
kenaz,6.728
kidneys,6.728
liver,6.728
locust,6.728
moons,6.728
neriah,6.728
network,6.728
ophir,6.728
padan,6.728
pashhur,6.728
pekah,6.728
perverted,6.728
presents,6.728
rephaim,6.728
rezin,6.728
robbed,6.728
ruled,6.728
space,6.728
tabor,6.728
teman,6.728
thirteenth,6.728
trimmers,6.728
turban,6.728
vashti,6.728
vowed,6.728
weaver,6.728
wisely,6.728
wondrous,6.728
yearly,6.728
ziklag,6.728
zimri,6.728
zobah,6.728
return,6.719
father,6.705
dwells,6.680
earnestly,6.678
firm,6.678
bosom,6.671
building,6.671
outer,6.671
played,6.671
drank,6.659
region,6.654
generations,6.619
secure,6.619
judges,6.590
advantage,6.587
bold,6.587
creates,6.587
customs,6.587
dumb,6.587
eagerly,6.587
fate,6.587
finding,6.587
forefathers,6.587
highly,6.587
melchizedek,6.587
patiently,6.587
praising,6.587
sacrificial,6.587
sincerity,6.587
trespasses,6.587
week,6.587
witnessed,6.587
walking,6.577
midian,6.539
period,6.528
recognize,6.528
swine,6.528
household,6.513
opened,6.498
coals,6.467
kindled,6.467
memorial,6.467
singing,6.467
visions,6.467
eighth,6.465
prophet,6.461
held,6.441
ascent,6.371
bribe,6.371
curses,6.371
eliezer,6.371
naaman,6.371
pangs,6.371
recover,6.371
hot,6.370
lower,6.370
rule,6.361
widow,6.361
discharge,6.344
euphrates,6.344
furious,6.344
haran,6.344
pasture,6.344
perez,6.344
ruin,6.344
simple,6.344
songs,6.344
spy,6.344
surround,6.344
towers,6.344
weighed,6.344
window,6.344
wonderful,6.344
rich,6.339
bitter,6.303
mourn,6.303
veil,6.303
shadow,6.296
deserving,6.293
overcome,6.293
answered,6.278
judge,6.260
seat,6.172
declare,6.161
blow,6.137
plead,6.137
scattered,6.123
afterward,6.120
belonged,6.101
drawn,6.101
host,6.101
kills,6.101
grew,6.066
abihu,6.055
aijalon,6.055
amariah,6.055
ammonite,6.055
anah,6.055
anakim,6.055
archers,6.055
barnea,6.055
bathsheba,6.055
benjamites,6.055
bezalel,6.055
bribes,6.055
brick,6.055
camps,6.055
consecration,6.055
corpses,6.055
dagon,6.055
deborah,6.055
dedan,6.055
derision,6.055
devouring,6.055
diminish,6.055
discretion,6.055
dispossess,6.055
dreamed,6.055
elihu,6.055
enan,6.055
engraved,6.055
eyelids,6.055
failed,6.055
fatty,6.055
flowers,6.055
gaal,6.055
gerar,6.055
grasping,6.055
hanani,6.055
hepher,6.055
honest,6.055
hurried,6.055
hushai,6.055
jeroham,6.055
jonadab,6.055
jozabad,6.055
kir,6.055
lobe,6.055
malchijah,6.055
mamre,6.055
mediums,6.055
melted,6.055
meshech,6.055
michmash,6.055
milcah,6.055
mourns,6.055
onyx,6.055
outsider,6.055
overflowing,6.055
overtook,6.055
panels,6.055
paran,6.055
philistia,6.055
plucked,6.055
rehob,6.055
riddle,6.055
sack,6.055
sanballat,6.055
scorn,6.055
shelemiah,6.055
shobal,6.055
soles,6.055
southward,6.055
tekoa,6.055
thirteen,6.055
tonight,6.055
troop,6.055
twentieth,6.055
uphold,6.055
zephaniah,6.055
zin,6.055
confused,6.043
consolation,6.043
contain,6.043
crops,6.043
dowry,6.043
grieve,6.043
lives,6.039
abandon,6.030
admonish,6.030
amid,6.030
ascribed,6.030
avail,6.030
cure,6.030
deceives,6.030
decide,6.030
destiny,6.030
enjoyed,6.030
enlightening,6.030
equally,6.030
exceeding,6.030
fervent,6.030
greets,6.030
idolaters,6.030
lepers,6.030
maimed,6.030
mortals,6.030
obeys,6.030
object,6.030
pilgrims,6.030
prostrating,6.030
reasons,6.030
samaritans,6.030
seeds,6.030
source,6.030
unable,6.030
veiled,6.030
wanting,6.030
welfare,6.030
seen,6.019
destruction,6.004
conceal,5.987
sinner,5.987
sworn,5.981
tyre,5.981
hurt,5.954
abyss,5.948
access,5.948
achieved,5.948
addressed,5.948
admonition,5.948
adopt,5.948
affirm,5.948
aground,5.948
alpha,5.948
alternation,5.948
anchors,5.948
annas,5.948
annoy,5.948
appearing,5.948
appreciating,5.948
arrested,5.948
arrogantly,5.948
ascertain,5.948
athens,5.948
atom,5.948
attitude,5.948
babe,5.948
badr,5.948
baggage,5.948
bargain,5.948
bartholomew,5.948
betrayer,5.948
brocade,5.948
brotherly,5.948
changers,5.948
choked,5.948
citizen,5.948
clubs,5.948
collect,5.948
composed,5.948
confederate,5.948
conformed,5.948
constant,5.948
constructed,5.948
consultation,5.948
contract,5.948
covenants,5.948
covetous,5.948
creating,5.948
crete,5.948
crowed,5.948
dealings,5.948
defraud,5.948
denying,5.948
description,5.948
dhu,5.948
difficulties,5.948
disorderly,5.948
distinct,5.948
distribution,5.948
divinely,5.948
doubtful,5.948
doubting,5.948
earned,5.948
elements,5.948
emergency,5.948
engulf,5.948
equality,5.948
expiation,5.948
explanation,5.948
extremely,5.948
fables,5.948
farewell,5.948
footed,5.948
forbidding,5.948
funds,5.948
furnished,5.948
galileans,5.948
gambling,5.948
glorifying,5.948
greed,5.948
guarantee,5.948
guest,5.948
harmed,5.948
hearers,5.948
hosanna,5.948
idolater,5.948
ignores,5.948
imitate,5.948
immortality,5.948
incorruption,5.948
increasing,5.948
induce,5.948
information,5.948
invention,5.948
invisible,5.948
kindred,5.948
laborer,5.948
lawfully,5.948
loosing,5.948
majority,5.948
marital,5.948
meekness,5.948
mistake,5.948
murdering,5.948
mysteries,5.948
neglectful,5.948
obligation,5.948
omega,5.948
originator,5.948
partners,5.948
pertain,5.948
planning,5.948
poet,5.948
pontius,5.948
pork,5.948
pre,5.948
predecessors,5.948
prefer,5.948
principles,5.948
proconsul,5.948
prophethood,5.948
propitiation,5.948
protects,5.948
punishing,5.948
qarnayn,5.948
quarrelling,5.948
rebelliousness,5.948
recipient,5.948
reforms,5.948
reminded,5.948
reminding,5.948
repenting,5.948
repents,5.948
resisted,5.948
sailing,5.948
samaritan,5.948
satanic,5.948
sexually,5.948
silvanus,5.948
sized,5.948
slightest,5.948
sperm,5.948
spitefully,5.948
sternly,5.948
stewardship,5.948
stingy,5.948
straying,5.948
strengthening,5.948
strove,5.948
superiority,5.948
suspicions,5.948
tarsus,5.948
temporary,5.948
therefrom,5.948
thyatira,5.948
trellises,5.948
types,5.948
uncertain,5.948
unite,5.948
unnecessary,5.948
untouched,5.948
unworthy,5.948
zaqqum,5.948
turned,5.902
leave,5.887
labor,5.878
anointing,5.875
chiefs,5.875
delivers,5.875
egyptian,5.875
eighteen,5.875
joyful,5.875
ordinances,5.875
armies,5.860
crown,5.860
covers,5.825
palace,5.825
branches,5.818
long,5.809
fools,5.809
interpretation,5.809
lords,5.809
multiplied,5.809
presented,5.809
plans,5.784
belong,5.757
belly,5.725
breastplate,5.725
calves,5.725
fame,5.725
hanged,5.725
harps,5.725
haughty,5.725
hezron,5.725
nose,5.725
offers,5.725
aliens,5.721
barak,5.721
basins,5.721
devise,5.721
divination,5.721
hamor,5.721
heifer,5.721
numerous,5.721
scepter,5.721
shave,5.721
shot,5.721
speedily,5.721
tail,5.721
wounds,5.721
adultery,5.715
punished,5.715
laws,5.709
looking,5.709
force,5.707
sends,5.707
pursue,5.694
sodom,5.694
seek,5.690
dying,5.677
effect,5.677
generous,5.677
intercede,5.677
leading,5.677
unrighteousness,5.677
decree,5.646
net,5.615
proclaimed,5.615
provoke,5.615
separated,5.615
wounded,5.615
robe,5.603
upper,5.603
manner,5.569
creeping,5.538
waist,5.538
family,5.442
earthquake,5.423
fault,5.423
obedient,5.423
sorrowful,5.423
useless,5.423
vinedressers,5.423
wished,5.423
signs,5.385
abdon,5.382
adullam,5.382
ammihud,5.382
aphek,5.382
area,5.382
artistic,5.382
asaiah,5.382
assyrians,5.382
astrologers,5.382
axes,5.382
baker,5.382
beget,5.382
belteshazzar,5.382
bethuel,5.382
blesses,5.382
butler,5.382
carmi,5.382
cherethites,5.382
cush,5.382
declares,5.382
devises,5.382
dictates,5.382
diminished,5.382
dinah,5.382
dor,5.382
ehud,5.382
eliel,5.382
emptied,5.382
equity,5.382
feasting,5.382
geber,5.382
gera,5.382
geshur,5.382
giants,5.382
gifted,5.382
gileadite,5.382
harim,5.382
hides,5.382
isolate,5.382
jabin,5.382
jachin,5.382
jedaiah,5.382
jerimoth,5.382
jethro,5.382
jeush,5.382
jobab,5.382
lifts,5.382
maacah,5.382
makkedah,5.382
melech,5.382
menahem,5.382
meribah,5.382
mishael,5.382
molding,5.382
mound,5.382
mule,5.382
mushi,5.382
mustered,5.382
nahash,5.382
noonday,5.382
northern,5.382
oversight,5.382
overthrew,5.382
overwhelmed,5.382
owl,5.382
peaceably,5.382
peg,5.382
pisgah,5.382
pours,5.382
preserves,5.382
proclamation,5.382
proverbs,5.382
quiver,5.382
raisins,5.382
raw,5.382
rebukes,5.382
recovered,5.382
reeds,5.382
relented,5.382
reuel,5.382
sacks,5.382
saddled,5.382
scoffer,5.382
seventeen,5.382
shaft,5.382
shamed,5.382
shammah,5.382
sheaves,5.382
shelomith,5.382
shunammite,5.382
sigh,5.382
slayer,5.382
soothsayers,5.382
speckled,5.382
steeds,5.382
stick,5.382
stubborn,5.382
timnah,5.382
tops,5.382
tubal,5.382
unfaithfulness,5.382
urijah,5.382
watchmen,5.382
wing,5.382
zalmunna,5.382
zebadiah,5.382
zebah,5.382
zelophehad,5.382
ziph,5.382
zorah,5.382
hair,5.377
greatly,5.360
wait,5.360
takes,5.356
forget,5.354
judged,5.353
shed,5.325
walks,5.325
flesh,5.324
kill,5.301
diligently,5.291
basket,5.290
chooses,5.290
thrust,5.290
afflictions,5.284
certainty,5.284
confessed,5.284
crystal,5.284
diligence,5.284
foreheads,5.284
gentle,5.284
gentleness,5.284
humbly,5.284
invent,5.284
knelt,5.284
preparation,5.284
stripes,5.284
rain,5.245
owner,5.243
prophesied,5.226
lies,5.226
stone,5.219
beginning,5.200
needy,5.149
spare,5.149
secrets,5.115
corpse,5.113
farthest,5.113
fastened,5.113
frankincense,5.113
loyal,5.113
nineveh,5.113
relent,5.113
restrain,5.113
trusts,5.113
fruit,5.107
prevail,5.102
restored,5.102
witnesses,5.098
oppressed,5.090
outside,5.075
beard,5.074
briers,5.074
chaff,5.074
contended,5.074
counselor,5.074
fails,5.074
ivory,5.074
measurements,5.074
medes,5.074
ruth,5.074
workmanship,5.074
thought,5.037
peace,5.030
blessings,5.025
plants,5.025
mother,5.017
touched,5.015
ate,5.006
fail,4.991
pleases,4.986
pledge,4.986
tomorrow,4.977
sitting,4.969
confess,4.963
add,4.960
indignation,4.960
profane,4.960
enemy,4.929
loaves,4.923
doom,4.904
taking,4.900
seal,4.891
contains,4.839
demand,4.839
fixed,4.839
helpless,4.839
holding,4.839
informed,4.839
shape,4.839
tempt,4.839
transgressing,4.839
yielded,4.839
aside,4.779
armor,4.764
inquired,4.764
korah,4.764
prosperity,4.764
carry,4.717
adversity,4.716
kindle,4.716
pomegranates,4.716
relative,4.716
revive,4.716
achbor,4.709
adah,4.709
adaiah,4.709
ahinoam,4.709
akkub,4.709
anak,4.709
apple,4.709
araunah,4.709
arba,4.709
archways,4.709
aven,4.709
azekah,4.709
baanah,4.709
baldness,4.709
beer,4.709
belshazzar,4.709
benjamite,4.709
bichri,4.709
bloodthirsty,4.709
boiled,4.709
booths,4.709
bozrah,4.709
ceases,4.709
chebar,4.709
chemosh,4.709
clefts,4.709
cloven,4.709
couch,4.709
cubs,4.709
cud,4.709
delaiah,4.709
desolations,4.709
diviners,4.709
doorkeepers,4.709
doorway,4.709
drives,4.709
drought,4.709
dyed,4.709
ebal,4.709
edrei,4.709
elioenai,4.709
elon,4.709
enclosed,4.709
eshtaol,4.709
examines,4.709
executes,4.709
folds,4.709
frames,4.709
gershonites,4.709
hastened,4.709
hastens,4.709
hiss,4.709
hissing,4.709
hormah,4.709
izhar,4.709
jahath,4.709
jarmuth,4.709
javan,4.709
jehozadak,4.709
jeshaiah,4.709
jether,4.709
jewels,4.709
jezreelite,4.709
joah,4.709
kenites,4.709
laish,4.709
mareshah,4.709
mattithiah,4.709
meditation,4.709
megiddo,4.709
melts,4.709
millo,4.709
molech,4.709
nazirite,4.709
ophrah,4.709
ornan,4.709
paneled,4.709
parched,4.709
pedaiah,4.709
plunderer,4.709
raiders,4.709
recorder,4.709
regards,4.709
rehum,4.709
revolted,4.709
sanctuaries,4.709
sank,4.709
scab,4.709
seductress,4.709
settings,4.709
shaphat,4.709
skies,4.709
spared,4.709
stationed,4.709
stew,4.709
storehouses,4.709
swarms,4.709
toes,4.709
traders,4.709
trespassed,4.709
tumors,4.709
unpunished,4.709
uri,4.709
uz,4.709
uzzi,4.709
wastes,4.709
workmen,4.709
zabad,4.709
zaccur,4.709
zippor,4.709
zoan,4.709
zoar,4.709
zur,4.709
slay,4.706
agony,4.642
arguing,4.642
assurance,4.642
balance,4.642
cloths,4.642
commanding,4.642
commemorate,4.642
compete,4.642
confirmation,4.642
crime,4.642
dared,4.642
deities,4.642
depth,4.642
dish,4.642
easier,4.642
enraged,4.642
exactly,4.642
exhorting,4.642
failure,4.642
farther,4.642
happening,4.642
hundredfold,4.642
idolatry,4.642
illiterate,4.642
justly,4.642
lodging,4.642
marketplaces,4.642
meant,4.642
mediator,4.642
partake,4.642
physical,4.642
physician,4.642
pleading,4.642
positions,4.642
pretense,4.642
realized,4.642
reasoning,4.642
reputation,4.642
respond,4.642
robber,4.642
thinking,4.642
wiped,4.642
prophets,4.636
heavy,4.627
plain,4.594
deal,4.586
provide,4.586
perish,4.570
flames,4.556
joppa,4.556
supported,4.556
hallowed,4.510
lazy,4.510
melt,4.510
bowl,4.480
talents,4.480
absolutely,4.461
accepting,4.461
affect,4.461
afflicts,4.461
alleluia,4.461
amusement,4.461
annoyed,4.461
apostleship,4.461
appealed,4.461
appointing,4.461
argued,4.461
arimathea,4.461
ascends,4.461
assist,4.461
attempt,4.461
aunts,4.461
avoided,4.461
await,4.461
awaits,4.461
barn,4.461
bedouins,4.461
befell,4.461
beggars,4.461
begging,4.461
behaving,4.461
beliefs,4.461
beneficial,4.461
benevolent,4.461
bequest,4.461
bernice,4.461
bestows,4.461
betraying,4.461
bishop,4.461
blasphemous,4.461
bodily,4.461
brink,4.461
buildings,4.461
cana,4.461
chained,4.461
changing,4.461
childish,4.461
christian,4.461
claudius,4.461
clot,4.461
code,4.461
communion,4.461
compulsion,4.461
conditions,4.461
consequence,4.461
consist,4.461
contents,4.461
convey,4.461
convict,4.461
convicted,4.461
convulsed,4.461
crumbs,4.461
cyrene,4.461
decapolis,4.461
deceitfulness,4.461
demas,4.461
denial,4.461
derbe,4.461
descends,4.461
described,4.461
devotedly,4.461
disobeys,4.461
disregarded,4.461
disregards,4.461
disrespect,4.461
dissipation,4.461
doer,4.461
dominated,4.461
drowning,4.461
duly,4.461
earthquakes,4.461
edify,4.461
elias,4.461
embark,4.461
emigrants,4.461
enabled,4.461
ending,4.461
engaged,4.461
entangled,4.461
epaphras,4.461
ephesians,4.461
equivalent,4.461
essence,4.461
eventually,4.461
exclude,4.461
existing,4.461
experiencing,4.461
expounded,4.461
famines,4.461
fastings,4.461
flavor,4.461
fluent,4.461
forbade,4.461
foretold,4.461
fornicators,4.461
fortune,4.461
freewoman,4.461
gadarenes,4.461
galilean,4.461
gallio,4.461
golgotha,4.461
gradual,4.461
grafted,4.461
guarding,4.461
guile,4.461
gulf,4.461
habits,4.461
healings,4.461
herodians,4.461
homeland,4.461
hospitable,4.461
hymns,4.461
iconium,4.461
illegal,4.461
illuminated,4.461
immovable,4.461
impart,4.461
impious,4.461
imploring,4.461
important,4.461
indulge,4.461
infidels,4.461
insist,4.461
intelligent,4.461
islamic,4.461
italy,4.461
jest,4.461
justification,4.461
justus,4.461
kinsmen,4.461
landed,4.461
lawyer,4.461
legion,4.461
losers,4.461
luke,4.461
lumps,4.461
lysias,4.461
macedonians,4.461
manage,4.461
mandatory,4.461
manners,4.461
maternal,4.461
maturity,4.461
merely,4.461
migrated,4.461
mischief,4.461
mistaken,4.461
mistakes,4.461
modest,4.461
mosques,4.461
moulded,4.461
needle,4.461
nicodemus,4.461
noises,4.461
non,4.461
obligations,4.461
obligatory,4.461
obliged,4.461
ocean,4.461
omnipresent,4.461
oneself,4.461
onlookers,4.461
oracles,4.461
overcame,4.461
overwhelming,4.461
paltry,4.461
paper,4.461
pardons,4.461
passion,4.461
passions,4.461
paternal,4.461
perga,4.461
persecutions,4.461
persistently,4.461
phoenicia,4.461
plank,4.461
pontus,4.461
precede,4.461
producing,4.461
progress,4.461
prohibit,4.461
proportionately,4.461
protectors,4.461
providing,4.461
pulling,4.461
purifies,4.461
qibla,4.461
rabbis,4.461
reflect,4.461
rejecting,4.461
religions,4.461
remarks,4.461
resists,4.461
responded,4.461
results,4.461
resume,4.461
reviling,4.461
revives,4.461
sailors,4.461
salty,4.461
salutation,4.461
seasoned,4.461
selfish,4.461
severity,4.461
shackles,4.461
sheer,4.461
siloam,4.461
simplicity,4.461
skiff,4.461
slanderous,4.461
sooner,4.461
sparrows,4.461
speck,4.461
sphere,4.461
spiritually,4.461
sponge,4.461
stage,4.461
subjected,4.461
summon,4.461
superior,4.461
suppressing,4.461
suspicious,4.461
sustainer,4.461
ta,4.461
tales,4.461
tanner,4.461
temperate,4.461
terms,4.461
testament,4.461
testaments,4.461
testifying,4.461
thefts,4.461
thessalonians,4.461
thirds,4.461
tiberias,4.461
tone,4.461
tortured,4.461
trance,4.461
travellers,4.461
triumphant,4.461
trunks,4.461
tur,4.461
twin,4.461
twinkling,4.461
tyrant,4.461
uninformed,4.461
unreasonable,4.461
unwashed,4.461
variety,4.461
views,4.461
warners,4.461
warns,4.461
welcome,4.461
worthier,4.461
wrongly,4.461
ya,4.461
zeus,4.461
perished,4.444
troubles,4.444
binds,4.433
carcass,4.433
carries,4.433
conspiracy,4.433
dedication,4.433
happens,4.433
kidron,4.433
lamech,4.433
lays,4.433
leavened,4.433
meal,4.433
mire,4.433
overflow,4.433
pots,4.433
repair,4.433
shelah,4.433
sighing,4.433
syrian,4.433
terah,4.433
wheel,4.433
sun,4.401
truly,4.377
agreed,4.369
arrived,4.369
casting,4.369
dawn,4.369
jewish,4.369
prove,4.369
appearance,4.323
glorious,4.306
pleasure,4.306
wisdom,4.281
happy,4.262
towns,4.262
humbled,4.251
jealousy,4.251
kissed,4.251
ago,4.245
defeat,4.245
sayings,4.245
task,4.245
increased,4.241
dream,4.229
calls,4.218
allow,4.178
commits,4.178
arrogant,4.164
freely,4.164
olives,4.164
ordered,4.164
foreigners,4.153
hebrews,4.153
lovers,4.153
roof,4.153
sprinkled,4.153
supplications,4.153
wool,4.153
temple,4.120
magicians,4.114
entering,4.113
foundations,4.113
lampstand,4.113
pain,4.113
wrath,4.101
female,4.095
names,4.095
care,4.092
safe,4.086
money,4.085
sabbath,4.079
bears,4.075
leads,4.075
remember,4.043
answer,4.041
abarim,4.036
abihail,4.036
agag,4.036
ahio,4.036
aholibamah,4.036
alarm,4.036
allotted,4.036
ammiel,4.036
arpad,4.036
ashtaroth,4.036
ashtoreths,4.036
ataroth,4.036
awaken,4.036
azmaveth,4.036
azrikam,4.036
bake,4.036
bald,4.036
balm,4.036
banks,4.036
baths,4.036
battles,4.036
beam,4.036
bedroom,4.036
bereave,4.036
binnui,4.036
bridle,4.036
bud,4.036
censers,4.036
clap,4.036
cluster,4.036
coat,4.036
conquered,4.036
corruptly,4.036
dances,4.036
dawning,4.036
deeper,4.036
defected,4.036
dishon,4.036
distressing,4.036
drained,4.036
drip,4.036
dross,4.036
edomite,4.036
elath,4.036
eliphelet,4.036
embroidered,4.036
entreated,4.036
ethiopian,4.036
ezion,4.036
feathers,4.036
flatters,4.036
fleece,4.036
flint,4.036
foes,4.036
gallows,4.036
gershom,4.036
gets,4.036
gihon,4.036
gilboa,4.036
gittite,4.036
gomer,4.036
granddaughter,4.036
grape,4.036
handbreadth,4.036
hanoch,4.036
havilah,4.036
heres,4.036
hoglah,4.036
huram,4.036
incurable,4.036
intricately,4.036
isles,4.036
jabbok,4.036
jael,4.036
jar,4.036
jared,4.036
jediael,4.036
jehohanan,4.036
jewelry,4.036
kadmiel,4.036
lavers,4.036
loathe,4.036
lute,4.036
luz,4.036
maids,4.036
masons,4.036
meraioth,4.036
migdol,4.036
mistress,4.036
musical,4.036
myrtle,4.036
necho,4.036
netophathite,4.036
noph,4.036
ostriches,4.036
othniel,4.036
outskirts,4.036
pans,4.036
pelethites,4.036
penuel,4.036
persians,4.036
pine,4.036
pitied,4.036
plagued,4.036
plowed,4.036
polished,4.036
polluted,4.036
pomegranate,4.036
pools,4.036
razor,4.036
repays,4.036
residue,4.036
restitution,4.036
revenue,4.036
rider,4.036
rides,4.036
scheme,4.036
separating,4.036
sepharvaim,4.036
sharon,4.036
shebna,4.036
shechaniah,4.036
sheepfolds,4.036
shema,4.036
sherebiah,4.036
shimea,4.036
shinar,4.036
shishak,4.036
shovels,4.036
shual,4.036
signed,4.036
skillfully,4.036
slip,4.036
slopes,4.036
sochoh,4.036
sojourner,4.036
spied,4.036
spotted,4.036
stroke,4.036
survey,4.036
tahpanhes,4.036
talebearer,4.036
tappuah,4.036
taskmasters,4.036
thresh,4.036
tophet,4.036
trembles,4.036
trousers,4.036
twins,4.036
upholds,4.036
urim,4.036
waved,4.036
weapon,4.036
wick,4.036
zabdi,4.036
zibeon,4.036
zilpah,4.036
abstain,4.028
attained,4.028
befalls,4.028
bountiful,4.028
cloak,4.028
dare,4.028
impose,4.028
lump,4.028
marketplace,4.028
remembering,4.028
repented,4.028
shore,4.028
sower,4.028
transgressor,4.028
trying,4.028
unprofitable,4.028
win,4.028
yellow,4.028
flame,4.012
bind,3.940
rising,3.940
table,3.924
avenger,3.916
burns,3.916
consulted,3.916
deliverance,3.916
frogs,3.916
noon,3.916
prolong,3.916
purposed,3.916
roll,3.916
skins,3.916
splendor,3.916
ambush,3.915
feeble,3.915
officials,3.915
prudent,3.915
rage,3.915
threw,3.894
cave,3.889
surrounded,3.889
till,3.885
elders,3.878
hide,3.870
distress,3.855
opposite,3.855
clothing,3.834
almighty,3.826
damascus,3.823
forgotten,3.823
looked,3.809
arphaxad,3.798
beor,3.798
deceitfully,3.798
delighted,3.798
earthen,3.798
flees,3.798
leaf,3.798
madness,3.798
maidservants,3.798
pursuing,3.798
stiff,3.798
stirs,3.798
wares,3.798
worth,3.798
bowls,3.752
hail,3.752
lamps,3.752
play,3.752
roots,3.752
riches,3.741
speaking,3.738
compared,3.692
concern,3.692
cornerstone,3.692
descending,3.692
humiliation,3.692
laborers,3.692
marked,3.692
marries,3.692
moving,3.692
relief,3.692
sowed,3.692
barren,3.643
likeness,3.638
prevailed,3.638
seas,3.638
strife,3.638
birds,3.620
walk,3.605
eleventh,3.602
evildoers,3.602
hung,3.602
storm,3.602
loves,3.594
kinds,3.590
sand,3.558
sending,3.530
left,3.513
cleanse,3.504
stopped,3.504
accompanied,3.495
baskets,3.495
keepers,3.495
pleasing,3.495
pleasures,3.495
psalms,3.495
treated,3.495
winter,3.495
proclaim,3.479
dominion,3.446
regard,3.439
wheat,3.439
strangers,3.439
heat,3.427
food,3.426
grow,3.419
apparel,3.400
attend,3.400
captured,3.400
leprosy,3.400
lovely,3.400
ninety,3.400
tablets,3.400
settled,3.382
covetousness,3.377
descend,3.377
explained,3.377
fitting,3.377
point,3.377
talking,3.377
thieves,3.377
value,3.377
speak,3.375
abidan,3.363
abiezer,3.363
abiram,3.363
abishag,3.363
achsah,3.363
admah,3.363
adoni,3.363
advance,3.363
agagite,3.363
ahira,3.363
ahohite,3.363
ails,3.363
allied,3.363
amasai,3.363
annihilate,3.363
arad,3.363
archite,3.363
argob,3.363
arioch,3.363
artisans,3.363
ash,3.363
assyrian,3.363
baalah,3.363
bahurim,3.363
basemath,3.363
beards,3.363
bebai,3.363
bezer,3.363
bigvai,3.363
bough,3.363
braided,3.363
caldron,3.363
carmelite,3.363
carpenters,3.363
cavalry,3.363
chaldea,3.363
chedorlaomer,3.363
cheeks,3.363
chenaanah,3.363
chew,3.363
choicest,3.363
cistern,3.363
clasps,3.363
clods,3.363
consumes,3.363
counts,3.363
coupled,3.363
crafty,3.363
cushite,3.363
damages,3.363
defied,3.363
delilah,3.363
dishan,3.363
dispossessed,3.363
dodo,3.363
drachmas,3.363
eder,3.363
eliasaph,3.363
elimelech,3.363
elnathan,3.363
encamp,3.363
enlarge,3.363
enlarges,3.363
entice,3.363
envied,3.363
ephrathah,3.363
equipment,3.363
eshcol,3.363
eshtemoa,3.363
fades,3.363
fainted,3.363
famous,3.363
fir,3.363
fist,3.363
fodder,3.363
foreskins,3.363
frost,3.363
fugitives,3.363
gaze,3.363
gedi,3.363
gedor,3.363
geshurites,3.363
gibbethon,3.363
gibeonites,3.363
gideoni,3.363
gleaning,3.363
gozan,3.363
grove,3.363
haggith,3.363
hairy,3.363
hammedatha,3.363
hammer,3.363
hashum,3.363
haughtiness,3.363
hearth,3.363
heel,3.363
herdsmen,3.363
holders,3.363
hook,3.363
hophni,3.363
horites,3.363
hosah,3.363
implements,3.363
instrument,3.363
intimately,3.363
ira,3.363
ittai,3.363
jahaz,3.363
jahaziel,3.363
javelin,3.363
jeremoth,3.363
jezreelitess,3.363
jozadak,3.363
kirjathaim,3.363
kishon,3.363
landmark,3.363
larger,3.363
leans,3.363
leviathan,3.363
libni,3.363
lick,3.363
lighten,3.363
lily,3.363
listed,3.363
locks,3.363
log,3.363
machpelah,3.363
mahalalel,3.363
medeba,3.363
media,3.363
medium,3.363
methuselah,3.363
michaiah,3.363
midwives,3.363
milcom,3.363
mizraim,3.363
moabitess,3.363
mourners,3.363
nahath,3.363
naioth,3.363
nehemiah,3.363
nimshi,3.363
nob,3.363
oak,3.363
oaks,3.363
ocran,3.363
offal,3.363
onan,3.363
ono,3.363
ophel,3.363
oppresses,3.363
outcasts,3.363
pagiel,3.363
parosh,3.363
pathros,3.363
pedahzur,3.363
pelatiah,3.363
perizzite,3.363
persecutors,3.363
perversity,3.363
pileser,3.363
pits,3.363
plastered,3.363
prepares,3.363
presenting,3.363
provocation,3.363
purchase,3.363
purim,3.363
quarter,3.363
quota,3.363
refresh,3.363
rekem,3.363
rely,3.363
rephidim,3.363
riders,3.363
rot,3.363
roughly,3.363
salah,3.363
savory,3.363
scorns,3.363
seahs,3.363
semen,3.363
serah,3.363
sevenfold,3.363
seventeenth,3.363
shakes,3.363
shammai,3.363
sharpen,3.363
sheaf,3.363
shilonite,3.363
shimron,3.363
shur,3.363
skirts,3.363
slays,3.363
sling,3.363
spiritists,3.363
stiffened,3.363
stork,3.363
streaked,3.363
stump,3.363
surprise,3.363
sustained,3.363
sweetness,3.363
swifter,3.363
tahath,3.363
talmai,3.363
tambourines,3.363
temanite,3.363
thrive,3.363
thumb,3.363
tiglath,3.363
timbrel,3.363
tishbite,3.363
toe,3.363
tool,3.363
trodden,3.363
ugly,3.363
unloved,3.363
untempered,3.363
ur,3.363
utters,3.363
uzzah,3.363
valiantly,3.363
valued,3.363
vinegar,3.363
vulture,3.363
wafers,3.363
warp,3.363
warrior,3.363
weave,3.363
woof,3.363
wore,3.363
wrists,3.363
zanoah,3.363
zarhites,3.363
zeboiim,3.363
zebul,3.363
zohar,3.363
zuar,3.363
explain,3.342
craftsmen,3.334
fierceness,3.334
flourish,3.334
nest,3.334
plenty,3.334
reproaches,3.334
riding,3.334
spies,3.334
withhold,3.334
loosed,3.308
permit,3.308
previously,3.308
state,3.308
trade,3.308
violent,3.308
sake,3.306
affected,3.293
affection,3.293
answering,3.293
anxious,3.293
arranged,3.293
beheaded,3.293
bits,3.293
blaspheme,3.293
compel,3.293
continuing,3.293
craftiness,3.293
determination,3.293
disobeying,3.293
dragged,3.293
fleshly,3.293
forbearance,3.293
imputed,3.293
incur,3.293
ink,3.293
intending,3.293
intense,3.293
intercessor,3.293
invites,3.293
knock,3.293
lasting,3.293
lifetime,3.293
mina,3.293
partaker,3.293
paying,3.293
perplexed,3.293
pertaining,3.293
punishes,3.293
rejection,3.293
rendered,3.293
reviled,3.293
slowly,3.293
sprinkling,3.293
staffs,3.293
starts,3.293
stony,3.293
successful,3.293
thankful,3.293
tired,3.293
tossed,3.293
undefiled,3.293
unmarried,3.293
weaker,3.293
got,3.281
plan,3.281
idol,3.272
murdered,3.272
plagues,3.272
released,3.272
anguish,3.267
fiery,3.267
swords,3.267
direction,3.264
join,3.264
rescue,3.264
sisters,3.264
recorded,3.260
desire,3.244
measure,3.204
offspring,3.204
fed,3.178
aged,3.171
bend,3.171
besiege,3.171
birthright,3.171
blot,3.171
blows,3.171
chased,3.171
clings,3.171
complaints,3.171
craftsman,3.171
desirable,3.171
eliakim,3.171
ethiopians,3.171
futility,3.171
gall,3.171
handful,3.171
merchant,3.171
oldest,3.171
pick,3.171
pigeons,3.171
plundering,3.171
prescribed,3.171
reproached,3.171
sapphire,3.171
schemes,3.171
subdue,3.171
surety,3.171
turtledoves,3.171
weaned,3.171
wormwood,3.171
perform,3.162
gifts,3.157
trusted,3.119
vessel,3.119
loved,3.117
sea,3.098
learn,3.088
afflict,3.083
bury,3.083
drunk,3.068
thoughts,3.068
bank,3.067
cling,3.067
den,3.067
extended,3.067
fourteen,3.067
lodged,3.067
meditate,3.067
tear,3.063
changed,3.056
past,3.049
spread,3.044
read,3.020
watch,3.020
sorrow,2.998
led,2.985
abandons,2.974
abba,2.974
abilities,2.974
abstained,2.974
accords,2.974
accumulate,2.974
accurate,2.974
accurately,2.974
accusing,2.974
achieving,2.974
acknowledgment,2.974
aeneas,2.974
affirmed,2.974
agabus,2.974
aim,2.974
alarmed,2.974
alexandrian,2.974
alternate,2.974
amazement,2.974
ambition,2.974
anchor,2.974
antichrist,2.974
appreciate,2.974
appreciated,2.974
appreciative,2.974
archangel,2.974
archippus,2.974
areopagus,2.974
arrives,2.974
ascribes,2.974
aspire,2.974
assistance,2.974
association,2.974
assos,2.974
attract,2.974
attracts,2.974
augustus,2.974
austere,2.974
author,2.974
avoiding,2.974
babblings,2.974
bakka,2.974
barred,2.974
barsabas,2.974
bashful,2.974
basic,2.974
bedouin,2.974
belts,2.974
benefitted,2.974
bequeath,2.974
bequeathed,2.974
berea,2.974
betrays,2.974
biggest,2.974
bithynia,2.974
blasphemes,2.974
blasts,2.974
blemishes,2.974
blessedness,2.974
bliss,2.974
boasters,2.974
bother,2.974
breakfast,2.974
breastplates,2.974
brightening,2.974
brute,2.974
builder,2.974
calamitous,2.974
capacity,2.974
cappadocia,2.974
capture,2.974
carelessly,2.974
carousing,2.974
cautious,2.974
ceilings,2.974
centurions,2.974
chaos,2.974
character,2.974
cherisher,2.974
cherishes,2.974
choke,2.974
chorazin,2.974
christs,2.974
circled,2.974
citizens,2.974
citizenship,2.974
claimed,2.974
clarify,2.974
cleanses,2.974
coin,2.974
columns,2.974
comparing,2.974
competes,2.974
competing,2.974
complaining,2.974
compose,2.974
comprehensively,2.974
concluding,2.974
conducted,2.974
confirming,2.974
consciousness,2.974
consecutive,2.974
consenting,2.974
consists,2.974
constantly,2.974
construct,2.974
contemporaries,2.974
contest,2.974
continuous,2.974
contracts,2.974
contradict,2.974
contradictions,2.974
controlled,2.974
controls,2.974
conversed,2.974
converted,2.974
corinthians,2.974
councils,2.974
cowardly,2.974
crash,2.974
credit,2.974
criminal,2.974
crispus,2.974
crow,2.974
crowds,2.974
crumble,2.974
cultivated,2.974
cushions,2.974
cyrenian,2.974
decease,2.974
deceivers,2.974
decisions,2.974
decisively,2.974
defecated,2.974
delaying,2.974
delegation,2.974
delicious,2.974
demanding,2.974
demetrius,2.974
demonstrate,2.974
depends,2.974
depository,2.974
designed,2.974
despairing,2.974
despairs,2.974
despisers,2.974
destitution,2.974
detailed,2.974
detested,2.974
develop,2.974
deviated,2.974
devotion,2.974
differ,2.974
dignitaries,2.974
disagreed,2.974
disappoint,2.974
disappointment,2.974
discerned,2.974
dishonored,2.974
dispersion,2.974
display,2.974
distinguishable,2.974
distressful,2.974
distributing,2.974
diversities,2.974
dome,2.974
dominance,2.974
dominate,2.974
domination,2.974
doubted,2.974
dowries,2.974
dragging,2.974
duration,2.974
dweller,2.974
edified,2.974
edifies,2.974
edifying,2.974
effort,2.974
efforts,2.974
eliminated,2.974
embarked,2.974
eminent,2.974
endurance,2.974
enlightenment,2.974
entertained,2.974
entrust,2.974
epaphroditus,2.974
epistles,2.974
erastus,2.974
erring,2.974
evangelist,2.974
exceeds,2.974
excused,2.974
exercises,2.974
expecting,2.974
expedient,2.974
explanations,2.974
explosion,2.974
extortioners,2.974
eyeservice,2.974
facilitate,2.974
falsehoods,2.974
farm,2.974
faultless,2.974
feeling,2.974
figurative,2.974
filling,2.974
financial,2.974
financially,2.974
fishers,2.974
fixing,2.974
foaming,2.974
foams,2.974
follower,2.974
foreknew,2.974
foreknowledge,2.974
forelocks,2.974
foreseeing,2.974
forgetting,2.974
fornicator,2.974
frequent,2.974
frightens,2.974
frowned,2.974
fruitless,2.974
fulfil,2.974
fulfills,2.974
fun,2.974
gale,2.974
games,2.974
generously,2.974
gethsemane,2.974
ghost,2.974
gloomy,2.974
gnat,2.974
goblets,2.974
godhead,2.974
governs,2.974
grainfields,2.974
grievous,2.974
grounded,2.974
grudgingly,2.974
gush,2.974
handkerchief,2.974
hardly,2.974
harmless,2.974
harpists,2.974
hastening,2.974
hateful,2.974
heading,2.974
heartily,2.974
heedless,2.974
heedlessly,2.974
hellenists,2.974
heresies,2.974
hermes,2.974
holiest,2.974
honesty,2.974
honorably,2.974
hopes,2.974
hoping,2.974
hordes,2.974
hurled,2.974
hymenaeus,2.974
hymn,2.974
ideas,2.974
idolators,2.974
idris,2.974
ignorantly,2.974
ihram,2.974
illiyin,2.974
immature,2.974
impediment,2.974
imprison,2.974
imprisoned,2.974
imran,2.974
ina,2.974
incredible,2.974
incumbent,2.974
indulgence,2.974
inexpressible,2.974
informing,2.974
injuries,2.974
inn,2.974
insignificant,2.974
insisting,2.974
inspiration,2.974
inspire,2.974
insubordinate,2.974
intentionally,2.974
interests,2.974
inventing,2.974
involvement,2.974
inwardly,2.974
ismael,2.974
jairus,2.974
jason,2.974
jeopardy,2.974
joanna,2.974
jolted,2.974
junction,2.974
kabah,2.974
laggardly,2.974
lama,2.974
landing,2.974
landowner,2.974
laodiceans,2.974
latin,2.974
leadership,2.974
leavens,2.974
legal,2.974
levelled,2.974
liberality,2.974
lightened,2.974
lightening,2.974
lined,2.974
longings,2.974
lowliness,2.974
luqman,2.974
luxuries,2.974
luxuriously,2.974
lydda,2.974
madly,2.974
magical,2.974
maintaining,2.974
maintains,2.974
maintenance,2.974
mammon,2.974
manhood,2.974
martyr,2.974
martyrs,2.974
mattathiah,2.974
matthat,2.974
matthias,2.974
meaningless,2.974
melchi,2.974
mending,2.974
mental,2.974
mercifully,2.974
merits,2.974
miles,2.974
miletus,2.974
mischievous,2.974
misleads,2.974
mobilize,2.974
molted,2.974
molten,2.974
monks,2.974
monuments,2.974
motioned,2.974
motioning,2.974
multiples,2.974
mysia,2.974
natives,2.974
necessities,2.974
neglecting,2.974
newness,2.974
niche,2.974
nicolaitans,2.974
nobly,2.974
nocturnal,2.974
observation,2.974
observing,2.974
obstacle,2.974
obstruct,2.974
obtaining,2.974
olivet,2.974
onesimus,2.974
onesiphorus,2.974
opportune,2.974
opposes,2.974
opposition,2.974
orphan,2.974
outcome,2.974
overboard,2.974
paphos,2.974
patriarch,2.974
patriarchs,2.974
patronize,2.974
peacefully,2.974
penetrate,2.974
pentecost,2.974
pergamos,2.974
permits,2.974
personal,2.974
persuading,2.974
persuasive,2.974
perverting,2.974
pestilences,2.974
pharaohs,2.974
phases,2.974
philadelphia,2.974
phrygia,2.974
piercing,2.974
pinnacle,2.974
pisidia,2.974
playful,2.974
pleasers,2.974
pledging,2.974
plotting,2.974
poets,2.974
poisoned,2.974
preeminence,2.974
preoccupied,2.974
preserving,2.974
principality,2.974
prisons,2.974
professing,2.974
prompted,2.974
prophetic,2.974
proposal,2.974
proselyte,2.974
proselytes,2.974
prostrations,2.974
provider,2.974
proving,2.974
prow,2.974
publicly,2.974
publius,2.974
pus,2.974
qaf,2.974
questioning,2.974
quranic,2.974
rainfall,2.974
readiness,2.974
realizing,2.974
reasonably,2.974
reciting,2.974
reconciling,2.974
reduces,2.974
reformer,2.974
regardless,2.974
regeneration,2.974
regretfully,2.974
regulates,2.974
regulations,2.974
reluctant,2.974
reluctantly,2.974
remark,2.974
remorseful,2.974
removal,2.974
renewing,2.974
repeating,2.974
repentant,2.974
replacing,2.974
representative,2.974
requirements,2.974
resolve,2.974
resources,2.974
respectable,2.974
revealing,2.974
revelries,2.974
revengeful,2.974
revert,2.974
reviewing,2.974
richly,2.974
rudder,2.974
rufus,2.974
sabachthani,2.974
sabaeans,2.974
sabaoth,2.974
salome,2.974
samiri,2.974
sandstorm,2.974
sardis,2.974
scorpion,2.974
selves,2.974
seminal,2.974
sensual,2.974
settles,2.974
shapeless,2.974
sharply,2.974
sheet,2.974
sighed,2.974
signifying,2.974
sijin,2.974
sleeplessness,2.974
smiled,2.974
smyrna,2.974
sneaking,2.974
soberly,2.974
sodomites,2.974
sosthenes,2.974
spain,2.974
sparing,2.974
specially,2.974
spends,2.974
spewed,2.974
spin,2.974
statues,2.974
steadily,2.974
stealthily,2.974
stephanas,2.974
stepped,2.974
sting,2.974
stooping,2.974
storing,2.974
strangled,2.974
strays,2.974
strives,2.974
submissively,2.974
submitting,2.974
substitute,2.974
subtle,2.974
subverted,2.974
supporter,2.974
surnamed,2.974
surviving,2.974
tame,2.974
tariq,2.974
tayammum,2.974
temptations,2.974
tempter,2.974
tenderhearted,2.974
terminated,2.974
terribly,2.974
tertullus,2.974
testator,2.974
thaddaeus,2.974
theater,2.974
theophilus,2.974
thickly,2.974
threaten,2.974
threatening,2.974
title,2.974
tittle,2.974
toppled,2.974
towel,2.974
traces,2.974
traitor,2.974
transfigured,2.974
transform,2.974
transformed,2.974
travelling,2.974
treatment,2.974
tries,2.974
trophimus,2.974
trunk,2.974
trustee,2.974
tubba,2.974
tumbling,2.974
tutor,2.974
tuwa,2.974
type,2.974
unarmed,2.974
uncertainty,2.974
unchangeable,2.974
unchaste,2.974
uncles,2.974
unforgiving,2.974
ungratefulness,2.974
unloving,2.974
unpleasant,2.974
unshrunk,2.974
unthankful,2.974
unveiled,2.974
verbally,2.974
vigilant,2.974
visitation,2.974
voyage,2.974
wagging,2.974
welcomed,2.974
whispers,2.974
whitewashed,2.974
whosoever,2.974
widely,2.974
willfully,2.974
windstorm,2.974
winebibber,2.974
winner,2.974
witnessing,2.974
woeful,2.974
worshipper,2.974
zacchaeus,2.974
zealot,2.974
zealously,2.974
dove,2.903
hang,2.903
keeper,2.903
straw,2.903
forgiven,2.887
seized,2.887
feared,2.872
husband,2.871
refuge,2.849
approve,2.838
arrayed,2.838
blasphemies,2.838
bush,2.838
closely,2.838
copper,2.838
debts,2.838
deprive,2.838
discord,2.838
exchanged,2.838
expose,2.838
foremost,2.838
hindered,2.838
huge,2.838
interpret,2.838
laden,2.838
miserable,2.838
misfortune,2.838
murderers,2.838
opinion,2.838
oppose,2.838
perfectly,2.838
race,2.838
rank,2.838
revile,2.838
solemnly,2.838
step,2.838
strengthens,2.838
uproar,2.838
worker,2.838
understanding,2.833
falsely,2.823
bitterly,2.799
blew,2.799
gomorrah,2.799
wise,2.791
awoke,2.768
census,2.768
deliverer,2.768
devours,2.768
ease,2.768
holds,2.768
households,2.768
nurse,2.768
regarded,2.768
reveals,2.768
sang,2.768
shouting,2.768
withstand,2.768
shepherd,2.766
seize,2.762
pleased,2.716
middle,2.712
thorns,2.712
rebuked,2.703
widows,2.703
blessing,2.701
sleep,2.701
hands,2.696
repay,2.692
spring,2.692
strengthen,2.692
abhors,2.691
abinoam,2.691
abishua,2.691
achan,2.691
achzib,2.691
addar,2.691
adin,2.691
administrators,2.691
ahiezer,2.691
ahilud,2.691
aholiab,2.691
aiah,2.691
almond,2.691
amend,2.691
applied,2.691
apply,2.691
ararat,2.691
armory,2.691
artistically,2.691
asherah,2.691
asshur,2.691
assir,2.691
ater,2.691
avenges,2.691
azarel,2.691
baalath,2.691
banners,2.691
beautify,2.691
becher,2.691
bemoan,2.691
bene,2.691
bethlehemite,2.691
bezek,2.691
bildad,2.691
bloody,2.691
boznai,2.691
breach,2.691
broom,2.691
brown,2.691
buckler,2.691
burnished,2.691
burying,2.691
buttress,2.691
canopy,2.691
celebrate,2.691
channels,2.691
charms,2.691
chastised,2.691
childbirth,2.691
chimham,2.691
chop,2.691
cleanness,2.691
cobra,2.691
comforters,2.691
contrite,2.691
countryside,2.691
courageous,2.691
couriers,2.691
crimson,2.691
crushing,2.691
curds,2.691
dathan,2.691
debar,2.691
dedicates,2.691
descendant,2.691
diamond,2.691
digs,2.691
dirt,2.691
discovered,2.691
disguised,2.691
dismounted,2.691
displease,2.691
displeasure,2.691
doeg,2.691
dough,2.691
downward,2.691
dreamer,2.691
dripping,2.691
drunken,2.691
dumah,2.691
edges,2.691
el,2.691
elealeh,2.691
elim,2.691
elizaphan,2.691
elizur,2.691
enchantments,2.691
enlighten,2.691
epher,2.691
ephrath,2.691
etham,2.691
ethan,2.691
exacted,2.691
excelled,2.691
extol,2.691
fainthearted,2.691
faints,2.691
fallow,2.691
familiar,2.691
finest,2.691
fists,2.691
flanks,2.691
flash,2.691
folding,2.691
fords,2.691
foreskin,2.691
forests,2.691
forks,2.691
formation,2.691
forsakes,2.691
fortify,2.691
fowl,2.691
frame,2.691
fret,2.691
furrows,2.691
gaash,2.691
gaunt,2.691
gazelles,2.691
gemariah,2.691
gerahs,2.691
geshem,2.691
giddel,2.691
girgashites,2.691
gleaned,2.691
glittering,2.691
golan,2.691
grandson,2.691
grasshoppers,2.691
greece,2.691
hadoram,2.691
hahiroth,2.691
hamstrung,2.691
hanamel,2.691
hananel,2.691
hararite,2.691
harassed,2.691
harsha,2.691
hats,2.691
hattaavah,2.691
hattush,2.691
hazeroth,2.691
heaviness,2.691
hebronites,2.691
helon,2.691
henadad,2.691
hip,2.691
hodaviah,2.691
holiday,2.691
homer,2.691
hushathite,2.691
hushim,2.691
idolatrous,2.691
imported,2.691
innocence,2.691
ishi,2.691
ishmaelites,2.691
items,2.691
jaakan,2.691
jaazaniah,2.691
jamin,2.691
jattir,2.691
jaws,2.691
jebus,2.691
jehonathan,2.691
jerahmeel,2.691
jeshurun,2.691
joktan,2.691
jug,2.691
kenite,2.691
kerioth,2.691
keturah,2.691
kibroth,2.691
kids,2.691
kneading,2.691
knife,2.691
knives,2.691
korahites,2.691
laadan,2.691
languishes,2.691
lattice,2.691
laughs,2.691
ledge,2.691
loaf,2.691
loathed,2.691
lod,2.691
longs,2.691
loops,2.691
lotan,2.691
lowlands,2.691
lurk,2.691
lurking,2.691
maachathite,2.691
maachathites,2.691
mahlah,2.691
malchishua,2.691
mandrakes,2.691
maon,2.691
massah,2.691
meon,2.691
meremoth,2.691
merodach,2.691
mesha,2.691
meshelemiah,2.691
mikloth,2.691
mildew,2.691
millstones,2.691
mishma,2.691
moladah,2.691
mounds,2.691
multiplies,2.691
nebajoth,2.691
nekoda,2.691
nettles,2.691
networks,2.691
nimrod,2.691
nineteenth,2.691
oboth,2.691
official,2.691
oholah,2.691
oholibah,2.691
onam,2.691
onward,2.691
oreb,2.691
overpower,2.691
oversee,2.691
overwhelm,2.691
pahath,2.691
pallu,2.691
pavilion,2.691
pelet,2.691
perfumer,2.691
perpetually,2.691
pethahiah,2.691
pi,2.691
pirathonite,2.691
planting,2.691
plaster,2.691
pole,2.691
post,2.691
preparations,2.691
presumptuously,2.691
priestly,2.691
process,2.691
proclaims,2.691
promoted,2.691
pursuers,2.691
quaked,2.691
rags,2.691
rameses,2.691
rash,2.691
ravine,2.691
reaiah,2.691
rechabites,2.691
reddish,2.691
rehoboth,2.691
relating,2.691
rephaiah,2.691
repulsive,2.691
revolt,2.691
rigor,2.691
rim,2.691
ritual,2.691
rizpah,2.691
rogel,2.691
rosh,2.691
rumor,2.691
rushes,2.691
salcah,2.691
samlah,2.691
sashes,2.691
saws,2.691
scornful,2.691
script,2.691
seba,2.691
seers,2.691
separates,2.691
shammua,2.691
sharezer,2.691
shattered,2.691
shaul,2.691
shebaniah,2.691
shedeur,2.691
shelumiel,2.691
sheshbazzar,2.691
shethar,2.691
shimri,2.691
shimshai,2.691
shobab,2.691
shua,2.691
shuhite,2.691
shuthelah,2.691
sinews,2.691
situated,2.691
smiths,2.691
softly,2.691
soothsaying,2.691
spoons,2.691
stops,2.691
straps,2.691
strings,2.691
subsided,2.691
sunk,2.691
survivor,2.691
sustain,2.691
sycamores,2.691
taanach,2.691
talmon,2.691
tambourine,2.691
target,2.691
tattenai,2.691
taunting,2.691
tema,2.691
tenons,2.691
tens,2.691
terrace,2.691
territories,2.691
thickets,2.691
thighs,2.691
thummim,2.691
timbrels,2.691
tob,2.691
togarmah,2.691
tola,2.691
totter,2.691
traveler,2.691
treading,2.691
treason,2.691
treasurers,2.691
turbans,2.691
turquoise,2.691
turtledove,2.691
ulam,2.691
upheld,2.691
uriel,2.691
vigor,2.691
vindicate,2.691
wasteland,2.691
wax,2.691
willows,2.691
workman,2.691
worshiping,2.691
wreaths,2.691
yokes,2.691
zephon,2.691
zurishaddai,2.691
lot,2.690
teeth,2.678
keeping,2.646
earth,2.635
depart,2.631
accusers,2.621
chance,2.621
diseases,2.621
drawing,2.621
exalts,2.621
forbidden,2.621
hanging,2.621
inscription,2.621
laying,2.621
nearest,2.621
purposes,2.621
seals,2.621
seasons,2.621
security,2.621
thrones,2.621
united,2.621
wipe,2.621
youths,2.621
twice,2.594
aha,2.556
amos,2.556
blossom,2.556
blotted,2.556
contention,2.556
damage,2.556
dip,2.556
enosh,2.556
er,2.556
escapes,2.556
extend,2.556
flows,2.556
guiltless,2.556
hailstones,2.556
honeycomb,2.556
inhabit,2.556
lamented,2.556
languages,2.556
leap,2.556
lend,2.556
mantle,2.556
missing,2.556
morsel,2.556
mules,2.556
pegs,2.556
prolonged,2.556
pursues,2.556
renew,2.556
sells,2.556
seth,2.556
sheath,2.556
smell,2.556
snared,2.556
sticks,2.556
strip,2.556
tip,2.556
tithe,2.556
uprightly,2.556
uzza,2.556
belt,2.550
destroying,2.550
kindly,2.550
lodge,2.550
michael,2.550
myrrh,2.550
pull,2.550
rejoices,2.550
sets,2.550
surface,2.550
fast,2.523
gives,2.519
forward,2.516
babes,2.512
confession,2.512
drop,2.512
exchange,2.512
fade,2.512
greeted,2.512
profitable,2.512
response,2.512
responsibility,2.512
taxes,2.512
treaty,2.512
ransom,2.506
sad,2.506
withered,2.506
afraid,2.501
longer,2.480
heir,2.473
mock,2.473
position,2.473
advised,2.460
fever,2.460
success,2.460
reed,2.451
stop,2.451
bridegroom,2.444
cold,2.444
deserted,2.444
issue,2.444
march,2.444
turning,2.444
closed,2.424
displeased,2.424
dog,2.424
forced,2.424
potter,2.424
hated,2.403
animals,2.385
serpent,2.370
continued,2.367
abominable,2.351
brightness,2.351
crushed,2.351
figs,2.351
subdued,2.351
comes,2.343
appoint,2.318
courage,2.312
finger,2.312
journeyed,2.312
mourned,2.312
request,2.312
thunder,2.312
trampled,2.312
waited,2.312
new,2.301
sin,2.300
hid,2.300
refused,2.300
child,2.288
elijah,2.281
showed,2.236
passed,2.230
clay,2.227
slaves,2.222
amminadab,2.221
attended,2.221
ax,2.221
bent,2.221
builds,2.221
complaint,2.221
confined,2.221
confounded,2.221
contempt,2.221
copy,2.221
counsels,2.221
cursing,2.221
curtain,2.221
deeply,2.221
disperse,2.221
faithfully,2.221
hurry,2.221
lacks,2.221
pitch,2.221
pitcher,2.221
reigns,2.221
skill,2.221
smooth,2.221
sole,2.221
treads,2.221
vile,2.221
waits,2.221
wells,2.221
obey,2.209
small,2.170
duty,2.151
command,2.130
white,2.125
brothers,2.099
inherit,2.089
terror,2.085
invited,2.081
grieved,2.076
double,2.069
gain,2.069
ears,2.069
bonds,2.055
considers,2.055
fasted,2.055
garrison,2.055
gathers,2.055
persuade,2.055
platter,2.055
visited,2.055
wither,2.055
drew,2.052
sow,2.045
uncircumcised,2.045
abdi,2.018
abib,2.018
abiel,2.018
abijam,2.018
accidentally,2.018
achor,2.018
achshaph,2.018
acquit,2.018
adiel,2.018
admonished,2.018
adonikam,2.018
adrammelech,2.018
adullamite,2.018
adulterer,2.018
adversities,2.018
ahava,2.018
ahiman,2.018
akrabbim,2.018
alemeth,2.018
almon,2.018
alongside,2.018
amber,2.018
ammishaddai,2.018
ammonitess,2.018
anathothite,2.018
anxiety,2.018
aqueduct,2.018
arabians,2.018
arah,2.018
aramaic,2.018
ariel,2.018
aright,2.018
arrange,2.018
artisan,2.018
asenath,2.018
ashan,2.018
ashbel,2.018
ashkenaz,2.018
asphalt,2.018
asriel,2.018
assault,2.018
assemblies,2.018
attai,2.018
attire,2.018
avenging,2.018
azel,2.018
azgad,2.018
azmon,2.018
azubah,2.018
backslidings,2.018
bamoth,2.018
barefoot,2.018
bases,2.018
battering,2.018
beerothite,2.018
bel,2.018
bells,2.018
berith,2.018
besor,2.018
beveled,2.018
bewail,2.018
bezai,2.018
bilhan,2.018
bin,2.018
bitten,2.018
blacksmith,2.018
blight,2.018
blighted,2.018
bottle,2.018
bowstrings,2.018
brier,2.018
brim,2.018
bruise,2.018
bucklers,2.018
bukki,2.018
butter,2.018
buttocks,2.018
buyer,2.018
buz,2.018
cane,2.018
caphtor,2.018
caphtorim,2.018
carchemish,2.018
cassia,2.018
catastrophe,2.018
chainwork,2.018
champion,2.018
chenaniah,2.018
chewing,2.018
chews,2.018
chinnereth,2.018
chinneroth,2.018
coastland,2.018
comforter,2.018
comparison,2.018
conception,2.018
confront,2.018
contends,2.018
convocations,2.018
cooked,2.018
corrects,2.018
craving,2.018
crossing,2.018
cushan,2.018
cuttings,2.018
dagger,2.018
danites,2.018
defy,2.018
deployed,2.018
desperate,2.018
detests,2.018
deuel,2.018
diblathaim,2.018
disguise,2.018
dismay,2.018
disquieted,2.018
document,2.018
doorpost,2.018
dregs,2.018
driver,2.018
eater,2.018
ebenezer,2.018
ebiasaph,2.018
eleasah,2.018
elhanan,2.018
eliada,2.018
elishah,2.018
elpaal,2.018
embalmed,2.018
emim,2.018
emission,2.018
encampment,2.018
endowed,2.018
engrave,2.018
engraver,2.018
engraving,2.018
engravings,2.018
ensnared,2.018
entices,2.018
entrances,2.018
entryway,2.018
envision,2.018
envisioned,2.018
ephahs,2.018
ephraimite,2.018
erect,2.018
errors,2.018
esarhaddon,2.018
escort,2.018
escorts,2.018
etam,2.018
excellency,2.018
exits,2.018
extending,2.018
ezem,2.018
fairest,2.018
falcon,2.018
fashions,2.018
fatlings,2.018
fearfulness,2.018
firepans,2.018
flashing,2.018
flat,2.018
fleet,2.018
flooding,2.018
floodplain,2.018
flutes,2.018
forcing,2.018
frontlets,2.018
fugitive,2.018
fuller,2.018
galal,2.018
galleries,2.018
gannim,2.018
gareb,2.018
garrisons,2.018
gerizim,2.018
gileadites,2.018
gloriously,2.018
goldsmith,2.018
grasped,2.018
grate,2.018
grating,2.018
guni,2.018
habor,2.018
hadid,2.018
hagoyim,2.018
hagrites,2.018
halah,2.018
halt,2.018
hamul,2.018
hamutal,2.018
handles,2.018
handsome,2.018
harlotries,2.018
harosheth,2.018
hasshub,2.018
hathach,2.018
havoth,2.018
hawk,2.018
heeds,2.018
helez,2.018
hena,2.018
hips,2.018
hodijah,2.018
holon,2.018
homage,2.018
hoof,2.018
horonaim,2.018
horonite,2.018
horseback,2.018
horseman,2.018
hoshaiah,2.018
hunted,2.018
hunter,2.018
hunts,2.018
huppim,2.018
husham,2.018
ice,2.018
identify,2.018
igal,2.018
ijon,2.018
impoverished,2.018
impudent,2.018
inexperienced,2.018
inhabits,2.018
inkhorn,2.018
inmost,2.018
inscribed,2.018
insert,2.018
intact,2.018
interpreted,2.018
ir,2.018
ivah,2.018
izharites,2.018
jaalam,2.018
japhia,2.018
jawbone,2.018
jehozabad,2.018
jeshimon,2.018
jetur,2.018
jezer,2.018
jokneam,2.018
jokshan,2.018
jotbathah,2.018
kabzeel,2.018
kanah,2.018
kedemoth,2.018
kelita,2.018
kemuel,2.018
kenizzite,2.018
kin,2.018
knob,2.018
knobs,2.018
kore,2.018
kors,2.018
koz,2.018
lahai,2.018
languish,2.018
leanness,2.018
ledges,2.018
lehi,2.018
lengthen,2.018
lets,2.018
lewd,2.018
limb,2.018
lime,2.018
lintel,2.018
lioness,2.018
liquid,2.018
loathes,2.018
logs,2.018
loom,2.018
lubim,2.018
lud,2.018
lyre,2.018
madman,2.018
mahath,2.018
malchiah,2.018
malchiel,2.018
malluch,2.018
marah,2.018
marks,2.018
marred,2.018
marriages,2.018
mattan,2.018
mattenai,2.018
meddle,2.018
mehetabel,2.018
mephaath,2.018
metalsmith,2.018
mibsam,2.018
midianite,2.018
midwife,2.018
military,2.018
mizzah,2.018
moabite,2.018
mold,2.018
molds,2.018
monster,2.018
moresheth,2.018
mounted,2.018
moza,2.018
naamah,2.018
naamathite,2.018
naarah,2.018
naphish,2.018
nativity,2.018
nazirites,2.018
neariah,2.018
nepheg,2.018
nergal,2.018
netophathites,2.018
notwithstanding,2.018
obtains,2.018
oded,2.018
ointments,2.018
omer,2.018
oppressions,2.018
orion,2.018
ornamental,2.018
ostrich,2.018
overnight,2.018
overthrows,2.018
paseah,2.018
pastry,2.018
pekahiah,2.018
pelaiah,2.018
pelican,2.018
perazim,2.018
pertains,2.018
perversion,2.018
perverts,2.018
pherah,2.018
phichol,2.018
picks,2.018
pillage,2.018
pipes,2.018
planks,2.018
plates,2.018
pleiades,2.018
plowshares,2.018
plumb,2.018
plunderers,2.018
plunders,2.018
pompous,2.018
possessor,2.018
poti,2.018
pretend,2.018
principal,2.018
prostitute,2.018
provocations,2.018
provokes,2.018
pruning,2.018
puah,2.018
published,2.018
pul,2.018
pur,2.018
quail,2.018
quarry,2.018
rabsaris,2.018
rages,2.018
raided,2.018
raiding,2.018
range,2.018
rate,2.018
ravished,2.018
rebuilding,2.018
refusing,2.018
rehabiah,2.018
remedy,2.018
representatives,2.018
restless,2.018
restraint,2.018
ridicule,2.018
rinsed,2.018
roared,2.018
roi,2.018
rotten,2.018
rottenness,2.018
routed,2.018
royalty,2.018
ruddy,2.018
sabeans,2.018
saddle,2.018
sale,2.018
salma,2.018
sapphires,2.018
scapegoat,2.018
scorned,2.018
seah,2.018
segub,2.018
sela,2.018
senir,2.018
sepher,2.018
shabbethai,2.018
shamir,2.018
shan,2.018
sharpened,2.018
shean,2.018
shear,2.018
shearers,2.018
shebuel,2.018
sheepshearers,2.018
shemariah,2.018
shemiramoth,2.018
sheshan,2.018
shunem,2.018
shuppim,2.018
sibbechai,2.018
sibmah,2.018
siddim,2.018
signal,2.018
simeonites,2.018
sixteenth,2.018
slippery,2.018
slips,2.018
smile,2.018
soap,2.018
socket,2.018
sparrow,2.018
spelt,2.018
spiteful,2.018
stag,2.018
stagger,2.018
stalls,2.018
standards,2.018
stank,2.018
stillborn,2.018
stink,2.018
structure,2.018
struggled,2.018
stupid,2.018
subdues,2.018
succeed,2.018
surprisingly,2.018
swarming,2.018
sweeter,2.018
symphony,2.018
taller,2.018
tapestry,2.018
tel,2.018
tended,2.018
thumbs,2.018
tightly,2.018
timnath,2.018
tin,2.018
tingle,2.018
tobijah,2.018
trapped,2.018
trays,2.018
trench,2.018
trod,2.018
troubling,2.018
trusting,2.018
turmoil,2.018
uncovers,2.018
unfaithfully,2.018
vapors,2.018
vats,2.018
vegetation,2.018
viewed,2.018
wafer,2.018
wardrobe,2.018
watchtower,2.018
weakened,2.018
weeds,2.018
whips,2.018
whistle,2.018
whiter,2.018
widowhood,2.018
winnow,2.018
worn,2.018
wove,2.018
wrestled,2.018
writer,2.018
yah,2.018
yea,2.018
yearned,2.018
zattu,2.018
zebub,2.018
zeeb,2.018
zerahiah,2.018
zered,2.018
zeresh,2.018
ziha,2.018
zipporah,2.018
zophar,2.018
zuph,2.018
abounds,2.014
acceptance,2.014
actions,2.014
aid,2.014
apes,2.014
bewildered,2.014
burdened,2.014
cheat,2.014
conferred,2.014
confesses,2.014
danger,2.014
deception,2.014
deposit,2.014
details,2.014
dinner,2.014
disappear,2.014
dress,2.014
drown,2.014
easily,2.014
embracing,2.014
engulfed,2.014
exact,2.014
expenses,2.014
glories,2.014
grains,2.014
growing,2.014
healthy,2.014
implore,2.014
indignant,2.014
instructions,2.014
involved,2.014
knapsack,2.014
kneeling,2.014
laboring,2.014
lady,2.014
level,2.014
marrying,2.014
material,2.014
midday,2.014
mirror,2.014
mob,2.014
monstrous,2.014
mud,2.014
multiplying,2.014
murders,2.014
occupied,2.014
opponent,2.014
overtaken,2.014
owed,2.014
pardoning,2.014
peaceable,2.014
perpetuated,2.014
persistent,2.014
pledged,2.014
possesses,2.014
press,2.014
proceeding,2.014
reconcile,2.014
retreat,2.014
salmon,2.014
scorched,2.014
scourged,2.014
skull,2.014
solitary,2.014
spectacle,2.014
speechless,2.014
spilled,2.014
stewards,2.014
strongest,2.014
study,2.014
submits,2.014
sufficiently,2.014
sunset,2.014
supplied,2.014
surprised,2.014
trickery,2.014
twisted,2.014
useful,2.014
warfare,2.014
widespread,2.014
formed,2.008
talked,2.008
prepared,1.986
feast,1.985
wives,1.985
despise,1.975
ended,1.975
secretly,1.975
abel,1.969
alas,1.969
baked,1.969
band,1.969
beneath,1.969
bitterness,1.969
pardon,1.969
tumult,1.969
fish,1.966
ambassadors,1.957
ar,1.957
attentive,1.957
beryl,1.957
boils,1.957
bolts,1.957
bountifully,1.957
coasts,1.957
couple,1.957
designated,1.957
destroyer,1.957
dreadful,1.957
entreat,1.957
erred,1.957
fashioned,1.957
fatness,1.957
flax,1.957
fleeing,1.957
hairs,1.957
horror,1.957
laughed,1.957
lawgiver,1.957
nails,1.957
necked,1.957
outcry,1.957
peleg,1.957
plowing,1.957
prophetess,1.957
quietness,1.957
raven,1.957
renown,1.957
rubies,1.957
runs,1.957
select,1.957
shrines,1.957
size,1.957
stocks,1.957
surrender,1.957
viper,1.957
wearied,1.957
wet,1.957
worms,1.957
lamp,1.946
season,1.946
gained,1.946
leaves,1.946
redemption,1.946
stoned,1.946
commander,1.932
master,1.928
furthermore,1.926
moment,1.926
searched,1.926
silence,1.926
wander,1.926
talk,1.925
ride,1.911
desired,1.910
skillful,1.910
matter,1.882
reported,1.882
unto,1.882
appointed,1.853
eating,1.834
shaken,1.834
tested,1.834
little,1.832
sinai,1.832
tree,1.829
blessed,1.826
shows,1.821
called,1.801
pure,1.793
agreement,1.764
delay,1.764
steal,1.764
time,1.755
accustomed,1.747
actually,1.747
awe,1.747
bestow,1.747
bondwoman,1.747
ceasing,1.747
commended,1.747
confessing,1.747
degree,1.747
disdain,1.747
faults,1.747
heavier,1.747
humbles,1.747
inferior,1.747
jasper,1.747
key,1.747
messiah,1.747
offenses,1.747
opposed,1.747
practices,1.747
provides,1.747
purifying,1.747
purity,1.747
reverent,1.747
ridiculed,1.747
sprang,1.747
strictly,1.747
strongly,1.747
subjection,1.747
thunderings,1.747
torch,1.747
transgresses,1.747
trivial,1.747
ungodliness,1.747
upside,1.747
warmed,1.747
weighing,1.747
piece,1.737
smoke,1.737
transgression,1.715
purified,1.713
suppose,1.713
comforts,1.700
direct,1.700
forehead,1.700
founded,1.700
hagar,1.700
hall,1.700
helmet,1.700
hire,1.700
including,1.700
lilies,1.700
lo,1.700
memory,1.700
pierce,1.700
quench,1.700
refined,1.700
round,1.700
seashore,1.700
securely,1.700
shealtiel,1.700
shortened,1.700
showers,1.700
spreading,1.700
store,1.700
stretches,1.700
stripped,1.700
tall,1.700
torches,1.700
vomit,1.700
strengthened,1.693
beg,1.670
decision,1.670
ranks,1.670
rewarded,1.670
slew,1.670
sows,1.670
adds,1.653
bit,1.653
concerned,1.653
confronted,1.653
contained,1.653
crowns,1.653
deprived,1.653
extent,1.653
gently,1.653
harder,1.653
housetop,1.653
knee,1.653
rescued,1.653
returning,1.653
sink,1.653
solid,1.653
tests,1.653
using,1.653
vanish,1.653
withdrew,1.653
wages,1.651
perfect,1.649
rise,1.643
behave,1.640
humility,1.640
ill,1.640
accounted,1.629
climb,1.629
condition,1.629
content,1.629
cups,1.629
enmity,1.629
hollow,1.629
inherited,1.629
intend,1.629
palms,1.629
perishing,1.629
scourge,1.629
showing,1.629
sour,1.629
tasted,1.629
safely,1.613
facing,1.600
provided,1.600
appear,1.596
astonished,1.596
changes,1.588
destroys,1.588
fetters,1.588
jealous,1.588
lofty,1.588
restrained,1.588
usury,1.588
charged,1.579
completely,1.579
swallow,1.579
lamb,1.570
inside,1.552
rebellious,1.552
firstfruits,1.552
shine,1.552
adversary,1.541
color,1.541
flower,1.541
fly,1.541
opens,1.541
roaring,1.541
ropes,1.541
satisfy,1.541
showbread,1.541
sorrows,1.541
winepress,1.541
sit,1.539
hardened,1.533
pool,1.533
fears,1.527
herd,1.527
present,1.518
form,1.516
fulfill,1.516
straight,1.516
green,1.500
666,1.487
8th,1.487
9th,1.487
abaddon,1.487
abase,1.487
abated,1.487
abates,1.487
abiding,1.487
abilene,1.487
aboard,1.487
abrogate,1.487
abrogation,1.487
absolve,1.487
abstinence,1.487
abu,1.487
accent,1.487
acceptably,1.487
accompany,1.487
accomplishment,1.487
accusations,1.487
accuses,1.487
achieves,1.487
achim,1.487
acknowledges,1.487
addi,1.487
additional,1.487
adjourned,1.487
administration,1.487
administrations,1.487
admired,1.487
admits,1.487
admitting,1.487
admonishing,1.487
adopted,1.487
adoration,1.487
adornment,1.487
adramyttium,1.487
adriatic,1.487
ads,1.487
advancing,1.487
advent,1.487
adverse,1.487
advises,1.487
advisor,1.487
advocate,1.487
aenon,1.487
affair,1.487
affectionate,1.487
affectionately,1.487
affections,1.487
aggression,1.487
agonies,1.487
ahmad,1.487
ahqaf,1.487
aide,1.487
ailment,1.487
aimless,1.487
aimlessly,1.487
aisha,1.487
akel,1.487
alexandria,1.487
alexandrians,1.487
alighting,1.487
allah,1.487
allege,1.487
allows,1.487
aloft,1.487
alteration,1.487
alternates,1.487
amass,1.487
amazedly,1.487
ambitions,1.487
amidst,1.487
amorous,1.487
amphipolis,1.487
ample,1.487
amplias,1.487
andronicus,1.487
anise,1.487
ankle,1.487
announcement,1.487
annoyance,1.487
annoying,1.487
annulling,1.487
annuls,1.487
anothcr,1.487
anticipate,1.487
anticipated,1.487
antipas,1.487
antipatris,1.487
antitype,1.487
anxiously,1.487
apelles,1.487
apollonia,1.487
apollyon,1.487
appareled,1.487
apparent,1.487
apphia,1.487
applies,1.487
appraoched,1.487
appreciation,1.487
apprehend,1.487
apprehended,1.487
approves,1.487
aqaba,1.487
aqsa,1.487
arbiters,1.487
arbitrator,1.487
archelaus,1.487
areopagite,1.487
aretas,1.487
arising,1.487
aristobulus,1.487
armageddon,1.487
aromatic,1.487
arranging,1.487
artemas,1.487
arteries,1.487
artery,1.487
artificial,1.487
assail,1.487
assembling,1.487
assented,1.487
assisted,1.487
assure,1.487
asylum,1.487
asyncritus,1.487
athenians,1.487
athletics,1.487
attach,1.487
attaining,1.487
attalia,1.487
attempted,1.487
attempting,1.487
attendant,1.487
attorney,1.487
attracting,1.487
attraction,1.487
attribute,1.487
attributed,1.487
audible,1.487
auditorium,1.487
authorized,1.487
available,1.487
avarice,1.487
avaricious,1.487
aversion,1.487
awaking,1.487
ayn,1.487
azar,1.487
azor,1.487
azotus,1.487
ba,1.487
backbiter,1.487
backbiters,1.487
bahirah,1.487
banana,1.487
bankrupt,1.487
baptisms,1.487
baptizer,1.487
baptizes,1.487
barbarian,1.487
barbarians,1.487
barely,1.487
bartimaeus,1.487
bashfully,1.487
basin,1.487
basis,1.487
battered,1.487
beach,1.487
beautifully,1.487
beckoned,1.487
bedeck,1.487
bedridden,1.487
befitting,1.487
beggarly,1.487
beholding,1.487
belial,1.487
benefactors,1.487
beneficiary,1.487
benefited,1.487
bethabara,1.487
bethesda,1.487
bethphage,1.487
betrayers,1.487
bewitch,1.487
bishops,1.487
biting,1.487
blacken,1.487
blackened,1.487
blackens,1.487
blameworthy,1.487
blasphemer,1.487
blasphemers,1.487
blaspheming,1.487
blasphemously,1.487
blastus,1.487
blindfold,1.487
blink,1.487
boanerges,1.487
boarded,1.487
boastfulness,1.487
boisterous,1.487
bondsman,1.487
bosoms,1.487
brave,1.487
braying,1.487
breaker,1.487
breathing,1.487
breeze,1.487
brewing,1.487
bridge,1.487
bridles,1.487
briefly,1.487
brightens,1.487
brilliantly,1.487
broiled,1.487
bruising,1.487
buffet,1.487
bursts,1.487
busybodies,1.487
busybody,1.487
bygone,1.487
cables,1.487
calculate,1.487
calculation,1.487
caller,1.487
calvary,1.487
campaign,1.487
camphor,1.487
cananite,1.487
cancer,1.487
candace,1.487
carded,1.487
carouse,1.487
carpenter,1.487
carpets,1.487
carpus,1.487
carrier,1.487
castles,1.487
catching,1.487
ceaselessly,1.487
celestial,1.487
cenchrea,1.487
certified,1.487
chalcedony,1.487
challenged,1.487
challenges,1.487
chapters,1.487
characters,1.487
charities,1.487
cheating,1.487
cheerfully,1.487
cheerfulness,1.487
cherish,1.487
cherished,1.487
chicks,1.487
chins,1.487
chios,1.487
chloe,1.487
chokes,1.487
choosing,1.487
chrysolite,1.487
chrysoprase,1.487
chuza,1.487
circling,1.487
circumspectly,1.487
circumstances,1.487
citron,1.487
claiming,1.487
clamor,1.487
clanging,1.487
clapping,1.487
clarified,1.487
clarifies,1.487
clarifying,1.487
clauda,1.487
claudia,1.487
claw,1.487
clayy,1.487
cleave,1.487
clement,1.487
cleopas,1.487
clerk,1.487
climate,1.487
climbing,1.487
cloaked,1.487
clopas,1.487
closest,1.487
cnidus,1.487
collected,1.487
collections,1.487
collects,1.487
colony,1.487
colosse,1.487
columned,1.487
comfortable,1.487
commemorating,1.487
commencing,1.487
commendable,1.487
commendation,1.487
commends,1.487
commission,1.487
commonly,1.487
commonwealth,1.487
commotions,1.487
communication,1.487
community,1.487
compares,1.487
compensation,1.487
compense,1.487
complainers,1.487
complains,1.487
completing,1.487
completion,1.487
comprehends,1.487
conceit,1.487
conceited,1.487
concession,1.487
conclude,1.487
concrete,1.487
confidently,1.487
confine,1.487
conflicts,1.487
conforming,1.487
confound,1.487
confrontation,1.487
confusing,1.487
conjectures,1.487
conquering,1.487
conquerors,1.487
conquest,1.487
consciences,1.487
consequently,1.487
considerable,1.487
considerate,1.487
consistent,1.487
consisting,1.487
constrained,1.487
containers,1.487
contending,1.487
contentment,1.487
context,1.487
contradicting,1.487
contradiction,1.487
conveniently,1.487
conventionally,1.487
conversion,1.487
convicts,1.487
convince,1.487
convincing,1.487
convulses,1.487
cooperate,1.487
copies,1.487
coppersmith,1.487
corban,1.487
correcting,1.487
corresponds,1.487
corroded,1.487
corrosion,1.487
corrupts,1.487
cos,1.487
cosam,1.487
countryman,1.487
courteous,1.487
courteously,1.487
courtesy,1.487
cousin,1.487
coveted,1.487
cracks,1.487
craft,1.487
creations,1.487
crept,1.487
crescens,1.487
cretans,1.487
cripple,1.487
criticize,1.487
criticized,1.487
crowded,1.487
crowing,1.487
crumbled,1.487
crumbling,1.487
cumi,1.487
cures,1.487
customarily,1.487
cycles,1.487
cymbal,1.487
cyrenians,1.487
dalmanutha,1.487
dalmatia,1.487
dam,1.487
dama,1.487
damaris,1.487
damascenes,1.487
dangerous,1.487
dangers,1.487
darkening,1.487
darkest,1.487
date,1.487
dawns,1.487
deadline,1.487
deadness,1.487
deafen,1.487
debased,1.487
decently,1.487
deceptions,1.487
declines,1.487
declining,1.487
decreeing,1.487
deemed,1.487
deepest,1.487
defame,1.487
defamed,1.487
defendant,1.487
defends,1.487
defenseless,1.487
defensible,1.487
defensive,1.487
deferred,1.487
deficiency,1.487
deliberate,1.487
demonic,1.487
demonstrates,1.487
demonstrating,1.487
demonstration,1.487
denounces,1.487
dependable,1.487
depressed,1.487
deputation,1.487
derided,1.487
derived,1.487
describes,1.487
describing,1.487
desertion,1.487
designates,1.487
despicable,1.487
despising,1.487
despondent,1.487
destinies,1.487
destructor,1.487
detached,1.487
detachment,1.487
detention,1.487
determining,1.487
developed,1.487
developing,1.487
deviation,1.487
deviations,1.487
deviators,1.487
devilish,1.487
devoutly,1.487
dhil,1.487
dhul,1.487
dhulkifl,1.487
diadems,1.487
diameters,1.487
dictate,1.487
dictated,1.487
differed,1.487
differs,1.487
diffuses,1.487
dignified,1.487
dimly,1.487
dimwit,1.487
dimwits,1.487
dining,1.487
dionysius,1.487
diotrephes,1.487
dips,1.487
disable,1.487
disapproved,1.487
disarmed,1.487
disastrous,1.487
disavow,1.487
disbelieves,1.487
discerner,1.487
discreet,1.487
discussed,1.487
discussing,1.487
discussion,1.487
disgusting,1.487
disintegrate,1.487
disintegrated,1.487
disliked,1.487
disliking,1.487
dislocated,1.487
disloyalty,1.487
disowned,1.487
dispensation,1.487
disposal,1.487
dispose,1.487
disputer,1.487
disregarding,1.487
disrepute,1.487
dissensions,1.487
dissimulation,1.487
distances,1.487
distort,1.487
distracted,1.487
distraction,1.487
ditches,1.487
dive,1.487
dived,1.487
divert,1.487
divinity,1.487
divisive,1.487
divulged,1.487
domain,1.487
dominates,1.487
dominating,1.487
donate,1.487
donations,1.487
dorcas,1.487
dower,1.487
downcast,1.487
downtrodden,1.487
dreamers,1.487
dreamt,1.487
drift,1.487
drizzle,1.487
dropsy,1.487
drusilla,1.487
dues,1.487
dunghill,1.487
durable,1.487
dysentery,1.487
earlier,1.487
earn,1.487
earths,1.487
eclipsed,1.487
educated,1.487
effaces,1.487
efficient,1.487
ejected,1.487
elbows,1.487
eldership,1.487
elementary,1.487
elephant,1.487
eliminate,1.487
eliud,1.487
elmodam,1.487
eloi,1.487
elymas,1.487
embankment,1.487
emboldened,1.487
embryos,1.487
employer,1.487
enchained,1.487
encounter,1.487
endeared,1.487
endeavored,1.487
endeavoring,1.487
endless,1.487
endued,1.487
engrossed,1.487
engulfs,1.487
enjoin,1.487
enjoined,1.487
enjoins,1.487
enlightens,1.487
enlisted,1.487
enrage,1.487
ensnares,1.487
ensue,1.487
ensure,1.487
entangle,1.487
entanglements,1.487
entangles,1.487
entertain,1.487
enthusiastically,1.487
entitled,1.487
enumerated,1.487
envying,1.487
epaenetus,1.487
ephesian,1.487
ephphatha,1.487
epileptic,1.487
epileptics,1.487
equipping,1.487
eram,1.487
esli,1.487
establishment,1.487
establishments,1.487
estate,1.487
esteeming,1.487
esteems,1.487
eubulus,1.487
eunice,1.487
euroclydon,1.487
eutychus,1.487
evaluated,1.487
evangelists,1.487
evert,1.487
evidently,1.487
ex,1.487
examination,1.487
examining,1.487
excepted,1.487
exceptional,1.487
exceptions,1.487
exclaim,1.487
exclaimed,1.487
exclusion,1.487
exclusively,1.487
excusing,1.487
executioner,1.487
exhortations,1.487
exhorts,1.487
exit,1.487
exorcise,1.487
exorcists,1.487
expands,1.487
expelling,1.487
expiated,1.487
expiration,1.487
explodes,1.487
expressed,1.487
extinct,1.487
extinguishes,1.487
extra,1.487
extract,1.487
extravagant,1.487
fabricated,1.487
fairly,1.487
fairness,1.487
fared,1.487
fatal,1.487
fated,1.487
fathoms,1.487
fatten,1.487
favoritism,1.487
felicity,1.487
fertilize,1.487
fervently,1.487
fibre,1.487
fidelity,1.487
figuratively,1.487
figurehead,1.487
finalize,1.487
finisher,1.487
firewood,1.487
firmness,1.487
firstfruit,1.487
fixedly,1.487
flaw,1.487
flawless,1.487
flaws,1.487
floated,1.487
floats,1.487
flogged,1.487
flourished,1.487
flowery,1.487
flutists,1.487
foam,1.487
folded,1.487
forelock,1.487
foreordained,1.487
forerunner,1.487
foresaw,1.487
foresight,1.487
foretell,1.487
forewarned,1.487
forgetful,1.487
forgivenes,1.487
forgiver,1.487
formations,1.487
fornications,1.487
forsaking,1.487
fortunate,1.487
frailest,1.487
framed,1.487
frankly,1.487
fraudulent,1.487
freedman,1.487
freedmen,1.487
freezing,1.487
friday,1.487
fright,1.487
frustration,1.487
fueled,1.487
fulfilling,1.487
fullest,1.487
function,1.487
fundamental,1.487
furlongs,1.487
furtherance,1.487
gabbatha,1.487
gallons,1.487
gardener,1.487
garland,1.487
garlands,1.487
gatherings,1.487
gazed,1.487
generate,1.487
gennesaret,1.487
genuineness,1.487
gergesenes,1.487
giver,1.487
glancing,1.487
glorifies,1.487
glorying,1.487
gnawed,1.487
goal,1.487
goals,1.487
goatskins,1.487
gospels,1.487
gossip,1.487
gossiping,1.487
gourd,1.487
grabbed,1.487
gradually,1.487
graft,1.487
grandfathers,1.487
gratefully,1.487
graveclothes,1.487
grazing,1.487
greediest,1.487
greediness,1.487
grey,1.487
grieving,1.487
groans,1.487
grounding,1.487
grudges,1.487
grudging,1.487
grumble,1.487
grumblers,1.487
grumbling,1.487
guarantor,1.487
guesswork,1.487
guilts,1.487
gullible,1.487
gushing,1.487
hailstone,1.487
hami,1.487
handcuffed,1.487
handwriting,1.487
happier,1.487
happily,1.487
hardworking,1.487
harming,1.487
harut,1.487
harvestable,1.487
havens,1.487
havoc,1.487
hawiya,1.487
hawiyah,1.487
headstrong,1.487
hearer,1.487
heathen,1.487
heinous,1.487
heli,1.487
helmsman,1.487
helplessness,1.487
henceforth,1.487
hermas,1.487
hermogenes,1.487
herodion,1.487
hesitant,1.487
hierapolis,1.487
hijr,1.487
hireling,1.487
hiring,1.487
hives,1.487
hoarded,1.487
hoisted,1.487
homeless,1.487
homely,1.487
homemakers,1.487
homosexuals,1.487
hoofs,1.487
hospitality,1.487
householder,1.487
humanity,1.487
humbling,1.487
hunayn,1.487
hurl,1.487
hurricane,1.487
hurrying,1.487
husk,1.487
hutamah,1.487
hyacinth,1.487
hypocrisies,1.487
ibah,1.487
identical,1.487
idolatries,1.487
idumea,1.487
ignominy,1.487
ignoring,1.487
illusion,1.487
illustration,1.487
illyricum,1.487
imbalance,1.487
imitators,1.487
immigrant,1.487
immigrants,1.487
immutability,1.487
immutable,1.487
impenitent,1.487
imperishable,1.487
implanted,1.487
impregnating,1.487
impression,1.487
imprisonments,1.487
improperly,1.487
improve,1.487
improves,1.487
imputes,1.487
imputing,1.487
inattentive,1.487
incantations,1.487
incite,1.487
inciting,1.487
includes,1.487
indestructible,1.487
indicated,1.487
indicates,1.487
indicating,1.487
indirect,1.487
indiscriminately,1.487
indulging,1.487
inexcusable,1.487
infallible,1.487
infidel,1.487
influence,1.487
ingratitude,1.487
initially,1.487
initiative,1.487
innkeeper,1.487
inquiries,1.487
inquiring,1.487
insanity,1.487
insight,1.487
insistent,1.487
inspected,1.487
instigator,1.487
instituted,1.487
instructing,1.487
instructive,1.487
instructors,1.487
insubordination,1.487
intends,1.487
intensified,1.487
intensifies,1.487
intercedes,1.487
intercessions,1.487
intercourse,1.487
intimidate,1.487
intolerable,1.487
intoxication,1.487
introduced,1.487
intruders,1.487
intruding,1.487
invalidate,1.487
inventions,1.487
inventors,1.487
invested,1.487
investigations,1.487
investment,1.487
invincible,1.487
inviolable,1.487
invoked,1.487
involves,1.487
irrevocable,1.487
irrigated,1.487
issuing,1.487
italian,1.487
itching,1.487
itinerant,1.487
iturea,1.487
jailer,1.487
jambres,1.487
janna,1.487
jannes,1.487
jealousies,1.487
jealously,1.487
jesting,1.487
jewelled,1.487
jihad,1.487
joannas,1.487
joining,1.487
jonan,1.487
jorim,1.487
jose,1.487
jot,1.487
journeying,1.487
judaism,1.487
judi,1.487
jugular,1.487
julia,1.487
julius,1.487
jump,1.487
junia,1.487
jurisdiction,1.487
justifier,1.487
kaf,1.487
keen,1.487
kidnappers,1.487
kifl,1.487
killer,1.487
kinder,1.487
kinsfolk,1.487
kinship,1.487
knocking,1.487
knower,1.487
lace,1.487
ladders,1.487
lag,1.487
lagged,1.487
lagging,1.487
lahab,1.487
lanes,1.487
lasea,1.487
lashes,1.487
lastly,1.487
lat,1.487
latest,1.487
launch,1.487
launched,1.487
launderer,1.487
lazily,1.487
learns,1.487
learnt,1.487
lease,1.487
lebbaeus,1.487
leftover,1.487
legend,1.487
legions,1.487
lengthy,1.487
lenient,1.487
lessons,1.487
levitical,1.487
liable,1.487
liberal,1.487
ligaments,1.487
liked,1.487
linguistic,1.487
linus,1.487
loans,1.487
lois,1.487
longest,1.487
lordship,1.487
losing,1.487
loveable,1.487
lover,1.487
lowered,1.487
lucius,1.487
lukewarm,1.487
lure,1.487
lycaonia,1.487
lycaonian,1.487
lycia,1.487
lysanias,1.487
maath,1.487
macedonian,1.487
magdala,1.487
magnificence,1.487
mainsail,1.487
major,1.487
malchus,1.487
maliciousness,1.487
manaen,1.487
manat,1.487
manifestation,1.487
mankindîwhich,1.487
mannered,1.487
manslayers,1.487
manufacture,1.487
manufactured,1.487
marut,1.487
marveling,1.487
marwah,1.487
masts,1.487
match,1.487
mattathah,1.487
meanings,1.487
mediate,1.487
melea,1.487
memories,1.487
menan,1.487
menopause,1.487
menses,1.487
menstrual,1.487
menstruation,1.487
merchandising,1.487
merge,1.487
merged,1.487
merit,1.487
merriment,1.487
metaphor,1.487
metaphors,1.487
method,1.487
mile,1.487
mindedness,1.487
ministries,1.487
minor,1.487
mint,1.487
minus,1.487
miraculous,1.487
miraculously,1.487
mirage,1.487
mirages,1.487
misdeeds,1.487
miserably,1.487
miseries,1.487
miserly,1.487
misfortunes,1.487
misguidance,1.487
misguide,1.487
misinterpret,1.487
mispronounce,1.487
misusing,1.487
mite,1.487
mites,1.487
mitylene,1.487
mnason,1.487
mockings,1.487
modeler,1.487
moderation,1.487
modesty,1.487
moloch,1.487
moments,1.487
monasteries,1.487
monastic,1.487
moraly,1.487
mortality,1.487
moths,1.487
motion,1.487
motivate,1.487
motivates,1.487
mountainous,1.487
movements,1.487
mowed,1.487
murmur,1.487
murmuring,1.487
musk,1.487
myra,1.487
myriads,1.487
naggai,1.487
nailed,1.487
nain,1.487
narcissus,1.487
narrative,1.487
nasr,1.487
nazarene,1.487
nazarenes,1.487
neapolis,1.487
neatly,1.487
necessarily,1.487
needful,1.487
needlessly,1.487
nereus,1.487
neri,1.487
nervous,1.487
nested,1.487
newborn,1.487
nicanor,1.487
nicolas,1.487
nicopolis,1.487
nieces,1.487
niger,1.487
nightly,1.487
ninevites,1.487
nobleman,1.487
nodded,1.487
normal,1.487
normally,1.487
northwest,1.487
noticed,1.487
novice,1.487
nymphas,1.487
objection,1.487
objections,1.487
objects,1.487
oblige,1.487
oblivion,1.487
obscured,1.487
obsessed,1.487
obsolete,1.487
obstinately,1.487
obstructed,1.487
obstructing,1.487
obvious,1.487
occupies,1.487
odd,1.487
officiated,1.487
offsprings,1.487
oils,1.487
oldness,1.487
olympas,1.487
omen,1.487
omission,1.487
omnipotent,1.487
omniscient,1.487
onions,1.487
operate,1.487
opponents,1.487
orator,1.487
orbiting,1.487
ordain,1.487
ordering,1.487
organize,1.487
originally,1.487
originate,1.487
orphaned,1.487
outbursts,1.487
outwardly,1.487
overextending,1.487
overlooked,1.487
overs,1.487
overshadow,1.487
overshadowing,1.487
owes,1.487
ownership,1.487
packed,1.487
pact,1.487
palatable,1.487
paralytics,1.487
parchment,1.487
parchments,1.487
parmenas,1.487
partaken,1.487
partakes,1.487
parthians,1.487
participating,1.487
particles,1.487
pastors,1.487
patara,1.487
patch,1.487
patmos,1.487
patrobas,1.487
patrons,1.487
paulus,1.487
pave,1.487
payable,1.487
peacemakers,1.487
pearl,1.487
pears,1.487
pebbles,1.487
peddling,1.487
peninsula,1.487
penny,1.487
pens,1.487
perceiving,1.487
perfects,1.487
performance,1.487
performances,1.487
perilous,1.487
perils,1.487
perishable,1.487
permitting,1.487
perpetrator,1.487
persecutor,1.487
persevere,1.487
persevered,1.487
persis,1.487
persisting,1.487
persuades,1.487
persuasion,1.487
philemon,1.487
philetus,1.487
philippians,1.487
philologus,1.487
philosophy,1.487
phlegon,1.487
phoenician,1.487
phoenix,1.487
phygellus,1.487
physically,1.487
picture,1.487
piled,1.487
pilfering,1.487
pillow,1.487
pilot,1.487
piped,1.487
pitiable,1.487
placing,1.487
planner,1.487
plaything,1.487
pleadingly,1.487
plentifully,1.487
plotters,1.487
ploughing,1.487
plunged,1.487
pods,1.487
poetry,1.487
polite,1.487
pollutions,1.487
poorly,1.487
porcius,1.487
posses,1.487
possessors,1.487
possibilities,1.487
possibility,1.487
postpone,1.487
potentate,1.487
pottery,1.487
pounds,1.487
preachers,1.487
preappointed,1.487
precaution,1.487
preceded,1.487
preceding,1.487
precise,1.487
precisely,1.487
predict,1.487
predictions,1.487
prejudice,1.487
premeditate,1.487
presentable,1.487
prestige,1.487
pretender,1.487
priced,1.487
principle,1.487
print,1.487
printed,1.487
prints,1.487
prior,1.487
priority,1.487
prisca,1.487
privacy,1.487
proceedings,1.487
prochorus,1.487
proconsuls,1.487
prodigal,1.487
productive,1.487
profess,1.487
profession,1.487
profited,1.487
prohibiting,1.487
prohibition,1.487
prohibitions,1.487
prohibits,1.487
promoter,1.487
prompt,1.487
propagation,1.487
properties,1.487
proportionate,1.487
prospects,1.487
prostitution,1.487
protested,1.487
protesting,1.487
provident,1.487
prunes,1.487
ptolemais,1.487
pudens,1.487
puffs,1.487
punishemnt,1.487
pursuits,1.487
puteoli,1.487
quadrans,1.487
qualify,1.487
quarreling,1.487
quart,1.487
quarts,1.487
quartus,1.487
quirinius,1.487
quraish,1.487
rabboni,1.487
raca,1.487
raced,1.487
racing,1.487
raining,1.487
rainstorm,1.487
ramadan,1.487
rarely,1.487
ravaging,1.487
reaching,1.487
reader,1.487
reaffirm,1.487
realities,1.487
rebecca,1.487
rebuking,1.487
recalled,1.487
recede,1.487
recipients,1.487
recites,1.487
referred,1.487
reformation,1.487
reformers,1.487
refusal,1.487
regaining,1.487
regiment,1.487
regretful,1.487
regrettable,1.487
regulate,1.487
regulation,1.487
rejectors,1.487
rejoicingly,1.487
relationship,1.487
relationships,1.487
releases,1.487
relish,1.487
relying,1.487
remembring,1.487
remphan,1.487
renders,1.487
rented,1.487
repeatedly,1.487
repelled,1.487
repelling,1.487
replaces,1.487
replenishing,1.487
reporter,1.487
reprobates,1.487
reproof,1.487
requests,1.487
requirement,1.487
resemble,1.487
resembles,1.487
reservoirs,1.487
responsibilities,1.487
restoration,1.487
restraining,1.487
restrictions,1.487
resulted,1.487
resulting,1.487
resumed,1.487
retaliates,1.487
retreating,1.487
reunited,1.487
revelry,1.487
revered,1.487
reversed,1.487
reviler,1.487
revilers,1.487
rewarder,1.487
rhegium,1.487
rhesa,1.487
rhodes,1.487
rigid,1.487
ringleader,1.487
rotate,1.487
rotating,1.487
rowing,1.487
rub,1.487
rudely,1.487
rust,1.487
sa,1.487
sadness,1.487
safa,1.487
safeguard,1.487
safest,1.487
saint,1.487
salamis,1.487
salim,1.487
salmone,1.487
salute,1.487
salve,1.487
samos,1.487
samothrace,1.487
sanctioned,1.487
sands,1.487
sapphira,1.487
sardonyx,1.487
satisfaction,1.487
savage,1.487
sawn,1.487
scald,1.487
scalding,1.487
sceva,1.487
schism,1.487
school,1.487
scorches,1.487
scourgings,1.487
scowled,1.487
scruples,1.487
scrupulous,1.487
sculpture,1.487
scythian,1.487
seafood,1.487
sealing,1.487
seasonal,1.487
secundus,1.487
secured,1.487
seizure,1.487
seleucia,1.487
semei,1.487
senile,1.487
senility,1.487
sensed,1.487
sentences,1.487
separately,1.487
serenely,1.487
sergius,1.487
seriously,1.487
settlement,1.487
settlers,1.487
sewing,1.487
sews,1.487
shades,1.487
shapes,1.487
sharpness,1.487
shearer,1.487
sheathed,1.487
sheepskins,1.487
shells,1.487
shipmaster,1.487
shipwreck,1.487
shipwrecked,1.487
shiver,1.487
shod,1.487
shoes,1.487
shortages,1.487
shortcomings,1.487
shorten,1.487
shortsighted,1.487
shower,1.487
shrink,1.487
shun,1.487
sided,1.487
sideways,1.487
siesta,1.487
sighted,1.487
sights,1.487
significance,1.487
signified,1.487
signpost,1.487
similarly,1.487
similitude,1.487
sinfully,1.487
sinking,1.487
sip,1.487
sirius,1.487
sirs,1.487
sites,1.487
sizes,1.487
skeptical,1.487
slackness,1.487
slanderously,1.487
slaps,1.487
slaughtering,1.487
sluggish,1.487
slumbered,1.487
smiting,1.487
smokeless,1.487
smother,1.487
snatched,1.487
softened,1.487
solicitation,1.487
somebody,1.487
somewhat,1.487
sopater,1.487
sorrowed,1.487
sorrowing,1.487
soundings,1.487
southwest,1.487
sparingly,1.487
sparkling,1.487
speaker,1.487
spearmen,1.487
specialists,1.487
species,1.487
specify,1.487
spender,1.487
spinning,1.487
splendid,1.487
spontaneously,1.487
spurred,1.487
squads,1.487
squanderers,1.487
stachys,1.487
stages,1.487
stake,1.487
stationary,1.487
stealth,1.487
steams,1.487
stopping,1.487
storms,1.487
straightforward,1.487
strain,1.487
straining,1.487
strangulation,1.487
strict,1.487
stricter,1.487
strictest,1.487
structures,1.487
studying,1.487
stumps,1.487
stunned,1.487
stupor,1.487
substances,1.487
sue,1.487
suffice,1.487
sugar,1.487
suggesting,1.487
suggestion,1.487
sulfur,1.487
summed,1.487
summoner,1.487
summoning,1.487
sumptuously,1.487
superficial,1.487
superstitious,1.487
supervision,1.487
suppress,1.487
supremacy,1.487
surpasses,1.487
surrenders,1.487
surroundings,1.487
susanna,1.487
susceptible,1.487
suspense,1.487
suspicion,1.487
suspiciously,1.487
suwa,1.487
swells,1.487
sychar,1.487
symbol,1.487
symbolic,1.487
symbols,1.487
sympathize,1.487
syracuse,1.487
syro,1.487
syrtis,1.487
tabitha,1.487
tabuk,1.487
tackle,1.487
tahajjud,1.487
talitha,1.487
talks,1.487
tamed,1.487
taqiyah,1.487
tarried,1.487
tasnim,1.487
teachings,1.487
technique,1.487
tedious,1.487
tempts,1.487
tenfold,1.487
tentmakers,1.487
terrestrial,1.487
terrifying,1.487
terrorized,1.487
tertius,1.487
text,1.487
thamuds,1.487
thankfulness,1.487
theygive,1.487
thongs,1.487
thornbushes,1.487
thornless,1.487
thoughtful,1.487
thoughtless,1.487
threatens,1.487
threshes,1.487
throats,1.487
thronging,1.487
tiberius,1.487
tighten,1.487
tiling,1.487
timaeus,1.487
timing,1.487
timon,1.487
tires,1.487
togdher,1.487
tongued,1.487
torrential,1.487
torturers,1.487
totaled,1.487
trachonitis,1.487
traitors,1.487
transferred,1.487
transforming,1.487
transforms,1.487
transient,1.487
transparent,1.487
treasuring,1.487
treaties,1.487
treating,1.487
tremendously,1.487
trinity,1.487
triumphing,1.487
triumphs,1.487
trogyllium,1.487
tryphena,1.487
tryphosa,1.487
tumble,1.487
twisting,1.487
typical,1.487
tyrannus,1.487
tyrants,1.487
ultimate,1.487
unafraid,1.487
unapproachable,1.487
unbreakable,1.487
uncleanliness,1.487
unclear,1.487
unclothed,1.487
uncondemned,1.487
unconditionally,1.487
uncontrolled,1.487
undamaged,1.487
undeniable,1.487
undergird,1.487
undergo,1.487
understandably,1.487
undertakes,1.487
undiminished,1.487
undiscerning,1.487
uneducated,1.487
unequally,1.487
unexpected,1.487
unfair,1.487
unfortunate,1.487
ungratefully,1.487
unheard,1.487
union,1.487
universal,1.487
unknowingly,1.487
unlettered,1.487
unlifted,1.487
unlike,1.487
unload,1.487
unmarked,1.487
unmerciful,1.487
unnoticed,1.487
unparalleled,1.487
unpolluted,1.487
unprecedented,1.487
unprepared,1.487
unpresentable,1.487
unprofitableness,1.487
unquenchable,1.487
unreasonably,1.487
unruly,1.487
unsettling,1.487
unsinful,1.487
unskilled,1.487
unspoken,1.487
unspotted,1.487
unsuccessful,1.487
untaught,1.487
untold,1.487
untrustworthy,1.487
untruthfull,1.487
unwittingly,1.487
unzurna,1.487
upholding,1.487
uplifted,1.487
uprising,1.487
upsets,1.487
uq,1.487
urbanus,1.487
urgency,1.487
urgently,1.487
variation,1.487
varieties,1.487
vein,1.487
veins,1.487
verdict,1.487
versed,1.487
vice,1.487
vicinity,1.487
vicious,1.487
victimized,1.487
victoriously,1.487
vinedresser,1.487
violating,1.487
virtuously,1.487
visibility,1.487
visibly,1.487
visitor,1.487
visitors,1.487
visits,1.487
vote,1.487
vulnerable,1.487
wadd,1.487
waiving,1.487
wakes,1.487
wallowing,1.487
ward,1.487
warming,1.487
warmyourselves,1.487
washings,1.487
wasilah,1.487
wasteful,1.487
wastefully,1.487
waterpot,1.487
wavering,1.487
weaken,1.487
weaknesses,1.487
weaning,1.487
weightier,1.487
whilst,1.487
whisperers,1.487
whistling,1.487
whiten,1.487
wiles,1.487
willingness,1.487
winners,1.487
wintered,1.487
wishers,1.487
woes,1.487
womanly,1.487
worshiper,1.487
wranglings,1.487
wrestle,1.487
wretched,1.487
wrinkle,1.487
writings,1.487
wrongful,1.487
wwhoever,1.487
yaghuth,1.487
yathrib,1.487
yearn,1.487
yell,1.487
yells,1.487
yemen,1.487
yemenite,1.487
zayd,1.487
zenas,1.487
zihar,1.487
born,1.477
listen,1.477
abide,1.446
loose,1.446
journey,1.446
wonders,1.405
guilty,1.398
arrive,1.384
attacks,1.384
befallen,1.384
boundaries,1.384
cainan,1.384
carnally,1.384
circle,1.384
dashed,1.384
dawned,1.384
degrees,1.384
descent,1.384
distresses,1.384
enlarged,1.384
entry,1.384
evils,1.384
ewe,1.384
farmers,1.384
fifties,1.384
gamaliel,1.384
harass,1.384
hole,1.384
invaded,1.384
leopard,1.384
lusted,1.384
overseer,1.384
pavement,1.384
plentiful,1.384
prudence,1.384
purge,1.384
push,1.384
rained,1.384
rebuild,1.384
reu,1.384
robbery,1.384
stole,1.384
stored,1.384
storehouse,1.384
terrify,1.384
thorn,1.384
trap,1.384
traveling,1.384
virginity,1.384
warriors,1.384
weights,1.384
wiser,1.384
perceive,1.370
vision,1.361
swift,1.357
treasure,1.357
trust,1.355
aaronites,1.345
abda,1.345
abiezrites,1.345
abimael,1.345
abishalom,1.345
abishur,1.345
abital,1.345
abronah,1.345
abused,1.345
accounting,1.345
acquainted,1.345
active,1.345
adbeel,1.345
administer,1.345
adna,1.345
adnah,1.345
adoniram,1.345
adoram,1.345
adorns,1.345
adriel,1.345
adummim,1.345
agents,1.345
ahi,1.345
ahiam,1.345
ahisamach,1.345
ahlai,1.345
aided,1.345
ajah,1.345
algum,1.345
allon,1.345
almonds,1.345
almug,1.345
alush,1.345
amalekite,1.345
ambushes,1.345
amittai,1.345
ammi,1.345
amraphel,1.345
amzi,1.345
anab,1.345
anaiah,1.345
anamim,1.345
ananiah,1.345
anath,1.345
ancients,1.345
aner,1.345
antelope,1.345
antiquity,1.345
anxieties,1.345
appaim,1.345
appealing,1.345
appetite,1.345
apples,1.345
apportion,1.345
aran,1.345
archer,1.345
archway,1.345
ard,1.345
areli,1.345
arkite,1.345
armrests,1.345
arraign,1.345
arvad,1.345
arvadite,1.345
ashdodites,1.345
ashhur,1.345
ashtoreth,1.345
ashurites,1.345
assessment,1.345
atad,1.345
atroth,1.345
attacking,1.345
avim,1.345
avites,1.345
avith,1.345
awakened,1.345
awakes,1.345
awl,1.345
axles,1.345
azaliah,1.345
azriel,1.345
badgers,1.345
baladan,1.345
bandage,1.345
barkos,1.345
baz,1.345
bdellium,1.345
beans,1.345
bearers,1.345
bedad,1.345
bedan,1.345
beeroth,1.345
bell,1.345
beno,1.345
berachah,1.345
bereaved,1.345
bered,1.345
besai,1.345
besieging,1.345
betroth,1.345
bilgah,1.345
billows,1.345
bites,1.345
blended,1.345
blinds,1.345
blocked,1.345
blush,1.345
bocheru,1.345
bochim,1.345
bohan,1.345
booth,1.345
borrowed,1.345
borrower,1.345
bottles,1.345
bozkath,1.345
breakthrough,1.345
breathe,1.345
breathes,1.345
bred,1.345
brightened,1.345
broth,1.345
bruises,1.345
buckets,1.345
budded,1.345
bukkiah,1.345
bulge,1.345
bulrush,1.345
bulwarks,1.345
bunni,1.345
buries,1.345
burnings,1.345
buzzard,1.345
cabul,1.345
calah,1.345
calneh,1.345
cared,1.345
careless,1.345
caring,1.345
carmelitess,1.345
casluhim,1.345
ceramic,1.345
ceremonies,1.345
chaldean,1.345
channel,1.345
charioteers,1.345
charmed,1.345
charmers,1.345
chastisement,1.345
cheese,1.345
chelub,1.345
chephirah,1.345
cheran,1.345
cherith,1.345
chilion,1.345
chislev,1.345
circumference,1.345
cisterns,1.345
clan,1.345
clans,1.345
clapped,1.345
cleared,1.345
cleft,1.345
cloudy,1.345
coal,1.345
coastline,1.345
cobras,1.345
collapse,1.345
comforting,1.345
complacency,1.345
complacent,1.345
conceals,1.345
congregations,1.345
coniah,1.345
cononiah,1.345
consecrates,1.345
consented,1.345
console,1.345
constituency,1.345
cook,1.345
coriander,1.345
corresponding,1.345
corrupters,1.345
costs,1.345
countless,1.345
courtyards,1.345
covets,1.345
craftily,1.345
crags,1.345
crawling,1.345
cream,1.345
creditors,1.345
cupbearers,1.345
currency,1.345
current,1.345
cursings,1.345
cushi,1.345
custodian,1.345
daberath,1.345
dappled,1.345
darkon,1.345
decks,1.345
decreased,1.345
defecting,1.345
defectors,1.345
defending,1.345
defiantly,1.345
defiling,1.345
degenerate,1.345
delusions,1.345
deploy,1.345
deposed,1.345
desperately,1.345
destroyers,1.345
destructions,1.345
detained,1.345
detest,1.345
devastation,1.345
diadem,1.345
diklah,1.345
dinhabah,1.345
dire,1.345
directly,1.345
disclose,1.345
discourage,1.345
disfigurement,1.345
disguises,1.345
dophkah,1.345
dothan,1.345
downfall,1.345
drain,1.345
drench,1.345
dries,1.345
droves,1.345
eared,1.345
eczema,1.345
eglaim,1.345
eked,1.345
ekronites,1.345
elaborate,1.345
elasah,1.345
eldaah,1.345
eldad,1.345
eliah,1.345
eliam,1.345
eliathah,1.345
eliehoenai,1.345
ellasar,1.345
eltekeh,1.345
eltolad,1.345
elzabad,1.345
elzaphan,1.345
embarrassed,1.345
embroidery,1.345
emek,1.345
employed,1.345
encamps,1.345
encircling,1.345
endanger,1.345
enigmas,1.345
enraptured,1.345
enrich,1.345
enslave,1.345
enthroned,1.345
ephraimites,1.345
erech,1.345
eri,1.345
esh,1.345
eshban,1.345
ether,1.345
evermore,1.345
evi,1.345
exacting,1.345
excited,1.345
exported,1.345
extends,1.345
extinguished,1.345
extolled,1.345
ezbon,1.345
ezel,1.345
fading,1.345
famished,1.345
fangs,1.345
fare,1.345
fashion,1.345
fawns,1.345
fearfully,1.345
fiftieth,1.345
figures,1.345
fins,1.345
fisher,1.345
fix,1.345
flanges,1.345
flatter,1.345
flattery,1.345
flea,1.345
fleshhook,1.345
flew,1.345
flinty,1.345
floodwaters,1.345
floors,1.345
forefront,1.345
foresees,1.345
fortieth,1.345
fours,1.345
foursquare,1.345
fowler,1.345
friendly,1.345
frivolity,1.345
frozen,1.345
frustrates,1.345
furiously,1.345
gadi,1.345
gahar,1.345
galeed,1.345
gallim,1.345
gamul,1.345
gap,1.345
gape,1.345
gatam,1.345
gatepost,1.345
gatherers,1.345
gazites,1.345
gazzam,1.345
gebal,1.345
gebalites,1.345
gederah,1.345
gederoth,1.345
gether,1.345
giddalti,1.345
giloh,1.345
gilonite,1.345
girding,1.345
girds,1.345
girgashite,1.345
gittaim,1.345
gleanings,1.345
gloominess,1.345
goldsmiths,1.345
gore,1.345
government,1.345
grasps,1.345
grasshopper,1.345
gravel,1.345
grayheaded,1.345
greenish,1.345
groanings,1.345
growl,1.345
guardroom,1.345
gull,1.345
gur,1.345
habaiah,1.345
haccerem,1.345
hachilah,1.345
hadar,1.345
haggi,1.345
hagidgad,1.345
haired,1.345
halak,1.345
hallohesh,1.345
hamathite,1.345
hammath,1.345
hammers,1.345
hammon,1.345
hamon,1.345
handfuls,1.345
hare,1.345
harnessed,1.345
harshly,1.345
harvester,1.345
hash,1.345
hashabniah,1.345
hashmonah,1.345
hasupha,1.345
hatch,1.345
hatipha,1.345
hatita,1.345
hattil,1.345
haven,1.345
hedged,1.345
hegai,1.345
helah,1.345
helam,1.345
heldai,1.345
helek,1.345
helem,1.345
heleph,1.345
henna,1.345
hephzibah,1.345
heroes,1.345
hesed,1.345
hethlon,1.345
hezronites,1.345
hideouts,1.345
hillel,1.345
hillside,1.345
hinges,1.345
hirah,1.345
homers,1.345
hori,1.345
hornet,1.345
hostages,1.345
hotham,1.345
hothir,1.345
hozeh,1.345
hul,1.345
huldah,1.345
hundredth,1.345
hurls,1.345
hurting,1.345
hut,1.345
hyrax,1.345
ibleam,1.345
ibzan,1.345
ichabod,1.345
idleness,1.345
idly,1.345
ije,1.345
ijim,1.345
ikkesh,1.345
imla,1.345
imlah,1.345
imnah,1.345
imposes,1.345
imprisons,1.345
imri,1.345
inaugurated,1.345
incensed,1.345
india,1.345
inflammation,1.345
inhabiting,1.345
inlaid,1.345
innocents,1.345
instructs,1.345
intrigue,1.345
invade,1.345
iram,1.345
irijah,1.345
irons,1.345
ish,1.345
ishbak,1.345
ishmaelite,1.345
ishmaiah,1.345
islands,1.345
isolated,1.345
isshiah,1.345
ithiel,1.345
ithran,1.345
ithrite,1.345
jaala,1.345
jaaziah,1.345
jabez,1.345
jabneel,1.345
jackdaw,1.345
jada,1.345
jahleel,1.345
jahzah,1.345
jakim,1.345
janohah,1.345
japhlet,1.345
jarha,1.345
jarib,1.345
jasher,1.345
jashub,1.345
javelins,1.345
jecholiah,1.345
jehallelel,1.345
jehdeiah,1.345
jehoiarib,1.345
jehonadab,1.345
jehudi,1.345
jekameam,1.345
jemuel,1.345
jerahmeelites,1.345
jeriah,1.345
jeshimoth,1.345
jewel,1.345
jezaniah,1.345
jingling,1.345
jiphthah,1.345
jochebed,1.345
joha,1.345
joiada,1.345
joiarib,1.345
joking,1.345
joshaphat,1.345
joshbekashah,1.345
jubilant,1.345
juice,1.345
juttah,1.345
kain,1.345
karnaim,1.345
kedemah,1.345
kehelathah,1.345
kenath,1.345
keros,1.345
keveh,1.345
kicked,1.345
kishion,1.345
kisses,1.345
kite,1.345
kittim,1.345
knead,1.345
kneaded,1.345
kolaiah,1.345
ladles,1.345
lairs,1.345
lamenting,1.345
landmarks,1.345
lapped,1.345
lehabim,1.345
lender,1.345
lengthening,1.345
lent,1.345
libyans,1.345
limp,1.345
listing,1.345
literate,1.345
lock,1.345
loftiness,1.345
lovesick,1.345
lovingkindnesses,1.345
lowing,1.345
loyalty,1.345
ludim,1.345
luhith,1.345
maaziah,1.345
madai,1.345
madmannah,1.345
madmen,1.345
magdiel,1.345
mahalath,1.345
mahaneh,1.345
maharai,1.345
mahazioth,1.345
maher,1.345
mahlites,1.345
mahlon,1.345
mahseiah,1.345
maiden,1.345
mallothi,1.345
manahath,1.345
manassites,1.345
marcaboth,1.345
marches,1.345
mariners,1.345
market,1.345
marshes,1.345
marvelously,1.345
masrekah,1.345
massa,1.345
mast,1.345
mate,1.345
matred,1.345
mattanah,1.345
medad,1.345
medan,1.345
mede,1.345
medicines,1.345
meditates,1.345
mehida,1.345
meholah,1.345
meholathite,1.345
melah,1.345
memucan,1.345
mene,1.345
merab,1.345
mered,1.345
merom,1.345
meunites,1.345
mezahab,1.345
mibzar,1.345
micha,1.345
michah,1.345
michmas,1.345
migron,1.345
mijamin,1.345
millet,1.345
minnith,1.345
mirrors,1.345
miscarriage,1.345
miser,1.345
misrephoth,1.345
mission,1.345
mistreat,1.345
mistreats,1.345
mithkah,1.345
mithredath,1.345
mockery,1.345
moreh,1.345
moseroth,1.345
mountaintop,1.345
mountaintops,1.345
mouse,1.345
muddy,1.345
multicolored,1.345
mushites,1.345
musician,1.345
mustache,1.345
muster,1.345
mutter,1.345
naharai,1.345
naphtuhim,1.345
navel,1.345
necklace,1.345
necklaces,1.345
nehelamite,1.345
neighboring,1.345
nemuel,1.345
nephtoah,1.345
neziah,1.345
nimrah,1.345
nisan,1.345
nisroch,1.345
noadiah,1.345
nogah,1.345
nonsense,1.345
nuts,1.345
oars,1.345
oarsmen,1.345
obscene,1.345
occurrence,1.345
odor,1.345
offenders,1.345
ohad,1.345
omar,1.345
openings,1.345
operation,1.345
ore,1.345
orpah,1.345
outbreak,1.345
outcast,1.345
outermost,1.345
outlived,1.345
ovens,1.345
overall,1.345
overflowed,1.345
overlooks,1.345
overly,1.345
overturns,1.345
pace,1.345
paced,1.345
pacifies,1.345
padon,1.345
pained,1.345
paltiel,1.345
pant,1.345
pants,1.345
papyrus,1.345
partial,1.345
partridge,1.345
pathrusim,1.345
pathway,1.345
paved,1.345
peaks,1.345
pedestal,1.345
pekod,1.345
pelonite,1.345
pendants,1.345
peninnah,1.345
perfume,1.345
perfumed,1.345
perfumes,1.345
permanently,1.345
persian,1.345
pethor,1.345
pierces,1.345
pilots,1.345
pin,1.345
pinions,1.345
pinon,1.345
pithon,1.345
platform,1.345
platters,1.345
plight,1.345
plowman,1.345
plowmen,1.345
pochereth,1.345
ponds,1.345
poorest,1.345
porcupine,1.345
portrayed,1.345
pose,1.345
potiphar,1.345
potsherd,1.345
pounded,1.345
preparing,1.345
presses,1.345
princely,1.345
profanes,1.345
profaning,1.345
projecting,1.345
prolongs,1.345
prospect,1.345
prowler,1.345
prudently,1.345
prune,1.345
psaltery,1.345
purah,1.345
pyre,1.345
quality,1.345
quarried,1.345
queens,1.345
raamah,1.345
rabmag,1.345
rafts,1.345
rainy,1.345
rampart,1.345
random,1.345
rare,1.345
rashly,1.345
ration,1.345
rations,1.345
rats,1.345
rattling,1.345
ravaged,1.345
ravines,1.345
reaper,1.345
reba,1.345
recaptured,1.345
recesses,1.345
reckoned,1.345
recounted,1.345
redeems,1.345
reel,1.345
refers,1.345
refine,1.345
regem,1.345
renowned,1.345
repairing,1.345
repeats,1.345
reserves,1.345
restorer,1.345
retinue,1.345
reverse,1.345
revoke,1.345
rezeph,1.345
ribai,1.345
rid,1.345
ridden,1.345
rims,1.345
ripened,1.345
ripped,1.345
rishathaim,1.345
rissah,1.345
rithmah,1.345
rival,1.345
rogelim,1.345
romamti,1.345
rubbed,1.345
ruhamah,1.345
ruinous,1.345
rumbling,1.345
runners,1.345
sacar,1.345
sallu,1.345
sap,1.345
satiated,1.345
satisfies,1.345
scar,1.345
scattering,1.345
scented,1.345
schedule,1.345
schemer,1.345
scoundrels,1.345
scrape,1.345
screech,1.345
scum,1.345
seating,1.345
sedition,1.345
senaah,1.345
sered,1.345
settlements,1.345
sew,1.345
shaalbim,1.345
shaaph,1.345
shaaraim,1.345
shalal,1.345
shalisha,1.345
shalmaneser,1.345
shashak,1.345
shaveh,1.345
shaven,1.345
sheariah,1.345
shearing,1.345
shecaniah,1.345
sheds,1.345
sheepbreeder,1.345
shelters,1.345
shemer,1.345
shemida,1.345
shemuel,1.345
shepher,1.345
sheshach,1.345
sheshai,1.345
sheva,1.345
shihor,1.345
shillem,1.345
shimeah,1.345
shobach,1.345
shobai,1.345
shoe,1.345
shophach,1.345
shrine,1.345
shriveled,1.345
shrugged,1.345
shuah,1.345
shubael,1.345
shuni,1.345
shuns,1.345
siegeworks,1.345
sieve,1.345
sighs,1.345
signets,1.345
silly,1.345
sings,1.345
sinister,1.345
sinite,1.345
sirion,1.345
site,1.345
skilled,1.345
skinned,1.345
skirted,1.345
slandered,1.345
slightly,1.345
slingstones,1.345
slipped,1.345
slope,1.345
sluggard,1.345
smelled,1.345
smoother,1.345
snowy,1.345
sophereth,1.345
sorceress,1.345
sotai,1.345
southeast,1.345
sowing,1.345
spacious,1.345
specified,1.345
speeches,1.345
spite,1.345
spoiler,1.345
spokesman,1.345
spun,1.345
spurned,1.345
stabbed,1.345
stakes,1.345
stammering,1.345
startled,1.345
stonecutters,1.345
stouthearted,1.345
straits,1.345
strand,1.345
string,1.345
struggling,1.345
stubbornness,1.345
successive,1.345
suck,1.345
sullen,1.345
sundial,1.345
surpassed,1.345
surrendered,1.345
surrounds,1.345
surveyor,1.345
syene,1.345
tabbaoth,1.345
tabel,1.345
taberah,1.345
tadmor,1.345
tahan,1.345
tahpenes,1.345
tamah,1.345
tanhumeth,1.345
tarries,1.345
tartan,1.345
tassels,1.345
tasty,1.345
tearing,1.345
tekel,1.345
tekoite,1.345
tekoites,1.345
telassar,1.345
telem,1.345
teresh,1.345
terrifies,1.345
thebez,1.345
thicker,1.345
thicket,1.345
thickness,1.345
thistle,1.345
threshed,1.345
tidal,1.345
tikvah,1.345
tills,1.345
timna,1.345
tiphsah,1.345
tiras,1.345
tirhakah,1.345
toils,1.345
tongs,1.345
topmost,1.345
torrent,1.345
tou,1.345
tragedy,1.345
traps,1.345
treasured,1.345
trifles,1.345
troubler,1.345
troublesome,1.345
trough,1.345
troughs,1.345
tumultuous,1.345
ulai,1.345
unfamiliar,1.345
unni,1.345
untended,1.345
unwalled,1.345
uphaz,1.345
upstream,1.345
uthai,1.345
uzal,1.345
vagabond,1.345
valuables,1.345
vanities,1.345
vanquished,1.345
vassal,1.345
vegetable,1.345
venom,1.345
verdant,1.345
vermilion,1.345
vexed,1.345
vindicated,1.345
violated,1.345
vomited,1.345
vultures,1.345
wagons,1.345
waists,1.345
waiters,1.345
wakened,1.345
washpot,1.345
watchers,1.345
watersprings,1.345
wearies,1.345
wearisome,1.345
wellspring,1.345
whelp,1.345
whirling,1.345
whirlwinds,1.345
winepresses,1.345
winged,1.345
winks,1.345
wipes,1.345
worthlessness,1.345
wrap,1.345
wrathful,1.345
wrecked,1.345
wrested,1.345
zaavan,1.345
zabbai,1.345
zabdiel,1.345
zalmon,1.345
zaretan,1.345
zebaim,1.345
zeboim,1.345
zebulunite,1.345
zedad,1.345
zedek,1.345
zelah,1.345
zelek,1.345
zemaraim,1.345
zemarite,1.345
zepho,1.345
zereth,1.345
zibiah,1.345
zillah,1.345
zillethai,1.345
zimmah,1.345
zimran,1.345
ziphites,1.345
ziv,1.345
ziza,1.345
zoba,1.345
zophah,1.345
zophim,1.345
zorathites,1.345
helped,1.333
breasts,1.302
blasphemed,1.294
company,1.291
bearing,1.277
hears,1.264
deceitful,1.259
known,1.254
advice,1.254
language,1.254
saw,1.241
dies,1.235
completed,1.220
voices,1.220
examine,1.219
holiness,1.219
birth,1.217
cleansing,1.212
correct,1.212
crush,1.212
dance,1.212
daytime,1.212
detestable,1.212
driving,1.212
eagles,1.212
err,1.212
fortresses,1.212
groves,1.212
hyssop,1.212
intoxicating,1.212
leather,1.212
marched,1.212
pervert,1.212
pitchers,1.212
reapers,1.212
roasted,1.212
stumbled,1.212
swell,1.212
uttered,1.212
withdraw,1.212
withdrawn,1.212
wrongfully,1.212
lame,1.197
separate,1.197
clothe,1.184
worthless,1.184
writing,1.184
close,1.179
lack,1.179
chief,1.174
appeared,1.163
advanced,1.158
altogether,1.158
eastern,1.158
fair,1.158
lament,1.158
lightning,1.158
merry,1.158
pressed,1.158
stir,1.158
wailing,1.158
acknowledge,1.155
conceive,1.155
draws,1.155
excellence,1.155
health,1.155
notice,1.155
oppressors,1.155
pulled,1.155
rahab,1.155
refrain,1.155
slow,1.155
spreads,1.155
tunic,1.155
garden,1.149
tells,1.146
oven,1.145
quenched,1.145
tempest,1.145
wound,1.145
eye,1.133
hates,1.124
workers,1.124
troubled,1.124
begin,1.117
mark,1.117
punish,1.081
footstool,1.075
lowly,1.075
mute,1.075
zealous,1.075
letter,1.070
quiet,1.070
buy,1.064
did,1.049
minister,1.039
secret,1.039
laid,1.038
hunger,1.037
away,1.022
abundant,1.019
performed,1.017
scroll,1.017
gave,1.010
cyprus,1.006
divorced,1.006
preacher,1.006
spouse,1.006
following,0.996
placed,0.996
bought,0.991
caught,0.991
gracious,0.991
sides,0.991
alive,0.975
dreams,0.965
eden,0.965
kindness,0.946
approached,0.940
block,0.940
difference,0.940
discerning,0.940
footsteps,0.940
future,0.940
ministering,0.940
pair,0.940
quarrel,0.940
saves,0.940
sickle,0.940
wrapped,0.940
lest,0.936
tears,0.932
destroyed,0.930
beautiful,0.921
proud,0.921
lots,0.915
pluck,0.915
rocks,0.915
increase,0.905
friend,0.902
seed,0.898
board,0.882
doves,0.882
eunuch,0.882
guarded,0.882
hasty,0.882
helpers,0.882
justify,0.882
late,0.882
magog,0.882
millstone,0.882
minas,0.882
mingled,0.882
pilgrimage,0.882
refreshed,0.882
returns,0.882
reverence,0.882
sorry,0.882
treat,0.882
unrighteous,0.882
acceptable,0.877
follows,0.877
proceed,0.877
stands,0.874
acquire,0.873
adorn,0.873
alabaster,0.873
altered,0.873
ant,0.873
arguments,0.873
arrival,0.873
ascribing,0.873
attending,0.873
attracted,0.873
avails,0.873
battlefield,0.873
beggar,0.873
behaves,0.873
beseech,0.873
birthday,0.873
calamities,0.873
capable,0.873
cargo,0.873
carve,0.873
climbed,0.873
coats,0.873
commotion,0.873
compels,0.873
conceives,0.873
conflict,0.873
confuse,0.873
continues,0.873
convenient,0.873
deceiving,0.873
declaring,0.873
decrees,0.873
delightful,0.873
demands,0.873
demolished,0.873
departure,0.873
disappointed,0.873
discipline,0.873
disciplined,0.873
dishonors,0.873
displayed,0.873
distinctly,0.873
doorkeeper,0.873
egg,0.873
engage,0.873
enlightened,0.873
equipped,0.873
eternally,0.873
excuse,0.873
exemption,0.873
exercising,0.873
exhorted,0.873
facts,0.873
fertile,0.873
fewer,0.873
flashes,0.873
forgetfulness,0.873
fraud,0.873
gazing,0.873
glistening,0.873
goddess,0.873
governing,0.873
grazed,0.873
hating,0.873
hay,0.873
hen,0.873
hoopoe,0.873
horde,0.873
horizon,0.873
interpretations,0.873
issues,0.873
kick,0.873
laughing,0.873
leased,0.873
lesser,0.873
lingered,0.873
lustful,0.873
manger,0.873
meantime,0.873
moral,0.873
noted,0.873
observes,0.873
orderly,0.873
parting,0.873
passage,0.873
petitioned,0.873
populated,0.873
practicing,0.873
presumptuous,0.873
prophecies,0.873
protest,0.873
pulls,0.873
purposely,0.873
quails,0.873
quake,0.873
qualified,0.873
reaping,0.873
reaps,0.873
reduced,0.873
regretted,0.873
relation,0.873
releasing,0.873
reproachfully,0.873
resolved,0.873
rights,0.873
risked,0.873
rooted,0.873
roused,0.873
rumors,0.873
scholars,0.873
scorch,0.873
scorching,0.873
scornfully,0.873
sever,0.873
sharing,0.873
shooting,0.873
situation,0.873
smelling,0.873
sorcerer,0.873
sport,0.873
struggle,0.873
succeeded,0.873
sufficiency,0.873
suggested,0.873
summoned,0.873
swearing,0.873
tails,0.873
tasks,0.873
tends,0.873
theft,0.873
thronged,0.873
throwing,0.873
traveled,0.873
untrained,0.873
unusual,0.873
uttermost,0.873
vanished,0.873
weather,0.873
worrying,0.873
ascend,0.868
locusts,0.868
neighbors,0.868
ornaments,0.868
rules,0.868
thirsty,0.868
hidden,0.867
home,0.850
acquitted,0.850
aloes,0.850
alter,0.850
begets,0.850
beheld,0.850
berechiah,0.850
blossoms,0.850
breadth,0.850
concerns,0.850
construction,0.850
controversy,0.850
cunning,0.850
dancing,0.850
deals,0.850
dedicate,0.850
delicate,0.850
dens,0.850
distinguish,0.850
dividing,0.850
drunkard,0.850
erected,0.850
events,0.850
fasten,0.850
fights,0.850
forms,0.850
general,0.850
hardens,0.850
harsh,0.850
hastily,0.850
headed,0.850
hedge,0.850
insolent,0.850
instant,0.850
joyous,0.850
leaned,0.850
lentils,0.850
lice,0.850
loads,0.850
meek,0.850
mulberry,0.850
notable,0.850
numbers,0.850
ornament,0.850
overpowered,0.850
pomp,0.850
prospers,0.850
pushed,0.850
raid,0.850
reckon,0.850
roars,0.850
searching,0.850
serug,0.850
shaking,0.850
slaying,0.850
sojourners,0.850
spares,0.850
stays,0.850
stench,0.850
storage,0.850
tamarisk,0.850
tend,0.850
toiled,0.850
topaz,0.850
trumpeters,0.850
underneath,0.850
veils,0.850
victims,0.850
visiting,0.850
web,0.850
wolf,0.850
yarn,0.850
addition,0.835
bite,0.835
brood,0.835
charges,0.835
childhood,0.835
circumcise,0.835
cool,0.835
crop,0.835
drunkenness,0.835
examined,0.835
fearful,0.835
felt,0.835
filth,0.835
greedy,0.835
hoped,0.835
implored,0.835
leaped,0.835
liken,0.835
loving,0.835
peaceful,0.835
practiced,0.835
proceeded,0.835
rushed,0.835
seduced,0.835
sorcery,0.835
tied,0.835
trials,0.835
unknown,0.835
wayside,0.835
wineskins,0.835
wolves,0.835
apart,0.828
staff,0.828
cain,0.825
descended,0.825
utter,0.816
accumulated,0.815
acting,0.815
art,0.815
associate,0.815
beating,0.815
comprehend,0.815
constellations,0.815
consummation,0.815
cured,0.815
debt,0.815
debtor,0.815
devices,0.815
doubled,0.815
edged,0.815
enriched,0.815
eve,0.815
event,0.815
evildoer,0.815
expected,0.815
freedom,0.815
goodwill,0.815
grasp,0.815
illness,0.815
innumerable,0.815
intentions,0.815
knocks,0.815
knowledgeable,0.815
lit,0.815
load,0.815
locked,0.815
manifold,0.815
mutual,0.815
needed,0.815
occurred,0.815
offend,0.815
outward,0.815
overturned,0.815
parted,0.815
penalty,0.815
persisted,0.815
prays,0.815
psalm,0.815
quantity,0.815
quite,0.815
radiant,0.815
reads,0.815
renewed,0.815
repel,0.815
retaliation,0.815
rush,0.815
scale,0.815
scorpions,0.815
shared,0.815
shares,0.815
slanderers,0.815
smoothly,0.815
soft,0.815
sounding,0.815
spoils,0.815
stare,0.815
strap,0.815
strayed,0.815
striking,0.815
supports,0.815
survive,0.815
throws,0.815
unity,0.815
urgent,0.815
vegetables,0.815
vipers,0.815
whispering,0.815
circumcised,0.811
determined,0.811
making,0.811
black,0.798
drinks,0.798
hatred,0.798
mean,0.798
needs,0.798
render,0.798
stumbling,0.798
transgress,0.798
ungodly,0.798
driven,0.793
sold,0.791
devised,0.789
forsook,0.789
groaning,0.789
robes,0.789
severely,0.789
acquaintances,0.770
blowing,0.770
capital,0.770
caves,0.770
censer,0.770
costly,0.770
dash,0.770
departs,0.770
directed,0.770
giant,0.770
holes,0.770
magnified,0.770
nahshon,0.770
opening,0.770
playing,0.770
poison,0.770
raises,0.770
remembers,0.770
sacrificing,0.770
shaved,0.770
span,0.770
trample,0.770
uprooted,0.770
witchcraft,0.770
withers,0.770
answers,0.766
behaved,0.766
continual,0.766
enoch,0.766
esteemed,0.766
floods,0.766
inclined,0.766
inward,0.766
leper,0.766
loins,0.766
merchandise,0.766
misery,0.766
proudly,0.766
slumber,0.766
substance,0.766
listened,0.759
younger,0.759
moon,0.756
governor,0.745
clouds,0.735
multitude,0.732
order,0.728
grows,0.718
leaven,0.718
desert,0.709
dwellings,0.702
finds,0.702
legs,0.702
rejoicing,0.702
thirst,0.702
kept,0.701
glory,0.692
1you,0.673
1your,0.673
abagtha,0.673
abanah,0.673
abashed,0.673
abdiel,0.673
abez,0.673
abhorrence,0.673
abhorrent,0.673
abi,0.673
abiasaph,0.673
abida,0.673
abidah,0.673
abiezrite,0.673
abihud,0.673
abitub,0.673
abolish,0.673
abominably,0.673
acacias,0.673
accad,0.673
acco,0.673
achar,0.673
achmetha,0.673
acquaint,0.673
acquaintance,0.673
acquires,0.673
acre,0.673
acres,0.673
activity,0.673
adadah,0.673
adalia,0.673
adamah,0.673
adamant,0.673
adami,0.673
addan,0.673
addon,0.673
adhere,0.673
adheres,0.673
adithaim,0.673
adjoin,0.673
adjoined,0.673
adlai,0.673
administers,0.673
administrator,0.673
adoraim,0.673
adrift,0.673
affects,0.673
afresh,0.673
agate,0.673
agee,0.673
agitated,0.673
agreeable,0.673
agur,0.673
aharah,0.673
ahasbai,0.673
ahban,0.673
aher,0.673
ahian,0.673
ahihud,0.673
ahimoth,0.673
ahinadab,0.673
ahiram,0.673
ahiramites,0.673
ahishahar,0.673
ahishar,0.673
ahlab,0.673
ahoah,0.673
ahumai,0.673
ahuzzam,0.673
ahuzzath,0.673
ahzai,0.673
aiath,0.673
aides,0.673
aija,0.673
akan,0.673
aliah,0.673
alian,0.673
alienate,0.673
alight,0.673
alighted,0.673
allays,0.673
allotments,0.673
allowance,0.673
alloy,0.673
almodad,0.673
aloth,0.673
alternating,0.673
alters,0.673
alvan,0.673
amal,0.673
amam,0.673
amashai,0.673
amasiah,0.673
ami,0.673
ammah,0.673
ammizabad,0.673
amok,0.673
amramites,0.673
anaharath,0.673
anammelech,0.673
anan,0.673
anani,0.673
ancestors,0.673
ancestry,0.673
anem,0.673
angered,0.673
aniam,0.673
anim,0.673
anklets,0.673
annals,0.673
annihilated,0.673
annulled,0.673
anoth,0.673
antothijah,0.673
anvil,0.673
apharsathchites,0.673
aphekah,0.673
aphiah,0.673
aphik,0.673
aphrah,0.673
appeased,0.673
apportioned,0.673
ara,0.673
arbathite,0.673
arbel,0.673
arbite,0.673
arbitrate,0.673
archites,0.673
archives,0.673
ardites,0.673
ardon,0.673
arelites,0.673
aridai,0.673
aridatha,0.673
arieh,0.673
arisai,0.673
armlets,0.673
armoni,0.673
armpits,0.673
arnan,0.673
arod,0.673
arodi,0.673
arodites,0.673
aroerite,0.673
aromas,0.673
arouse,0.673
arrivals,0.673
arubboth,0.673
arumah,0.673
arza,0.673
asarel,0.673
asharelah,0.673
ashbea,0.673
ashbelites,0.673
asherahs,0.673
asherites,0.673
ashima,0.673
ashkelonites,0.673
ashnah,0.673
ashpenaz,0.673
ashterathite,0.673
ashteroth,0.673
ashvath,0.673
asiel,0.673
aspatha,0.673
asrielites,0.673
assayer,0.673
assembles,0.673
assessed,0.673
asshurim,0.673
assignment,0.673
assistants,0.673
astonishing,0.673
astounded,0.673
atarah,0.673
atharim,0.673
athlai,0.673
atoned,0.673
atoning,0.673
attentively,0.673
attired,0.673
ava,0.673
awakens,0.673
awhile,0.673
awry,0.673
axle,0.673
ayyah,0.673
azal,0.673
azaniah,0.673
azaryahu,0.673
azaz,0.673
azaziah,0.673
azbuk,0.673
aziza,0.673
aznoth,0.673
azur,0.673
azzan,0.673
azzur,0.673
baalis,0.673
baara,0.673
baaseiah,0.673
babble,0.673
babbler,0.673
babblers,0.673
babel,0.673
babylonians,0.673
baca,0.673
bachrites,0.673
bachuth,0.673
backbite,0.673
backbiting,0.673
backbone,0.673
backslider,0.673
bakbakkar,0.673
bakbuk,0.673
bakbukiah,0.673
bakes,0.673
balah,0.673
balanced,0.673
balances,0.673
bamah,0.673
ban,0.673
banded,0.673
banqueting,0.673
barachel,0.673
barah,0.673
barber,0.673
bariah,0.673
bark,0.673
barrenness,0.673
bartered,0.673
bat,0.673
bathing,0.673
bathshua,0.673
batten,0.673
bavai,0.673
bazlith,0.673
bazluth,0.673
bealiah,0.673
bealoth,0.673
beatings,0.673
beauties,0.673
bechorath,0.673
bedeiah,0.673
bedstead,0.673
bee,0.673
beera,0.673
beerah,0.673
beeri,0.673
beerothites,0.673
begetting,0.673
behemoth,0.673
beholds,0.673
bekah,0.673
belah,0.673
belaites,0.673
belch,0.673
bellow,0.673
bellows,0.673
bemoaning,0.673
bends,0.673
beninu,0.673
benob,0.673
benoth,0.673
beon,0.673
bequeaths,0.673
bera,0.673
berachiah,0.673
beraiah,0.673
berak,0.673
bereaves,0.673
beri,0.673
beriites,0.673
berodach,0.673
berothah,0.673
berothai,0.673
berothite,0.673
beseth,0.673
besieges,0.673
besodeiah,0.673
betah,0.673
beten,0.673
bether,0.673
bethul,0.673
betrothal,0.673
beulah,0.673
beverage,0.673
bewailed,0.673
bidding,0.673
bidkar,0.673
bigtha,0.673
bigthan,0.673
bigthana,0.673
bile,0.673
bilgai,0.673
bilshan,0.673
bimhal,0.673
binea,0.673
biri,0.673
birsha,0.673
birthstools,0.673
birzaith,0.673
bishlam,0.673
bithiah,0.673
bithron,0.673
bittern,0.673
bizjothjah,0.673
biztha,0.673
blacker,0.673
blanket,0.673
blazed,0.673
bleat,0.673
bleating,0.673
blemished,0.673
bloodline,0.673
bloomed,0.673
blooms,0.673
blossomed,0.673
blots,0.673
blunt,0.673
boar,0.673
bolt,0.673
bolted,0.673
bordering,0.673
bored,0.673
borrows,0.673
boundless,0.673
bowlful,0.673
bowmen,0.673
bowshot,0.673
bowstring,0.673
boxes,0.673
bozez,0.673
braced,0.673
bracelet,0.673
brambles,0.673
branding,0.673
brandished,0.673
brandishing,0.673
brawler,0.673
bray,0.673
brayed,0.673
brazen,0.673
breached,0.673
breaches,0.673
breakers,0.673
breeds,0.673
brides,0.673
bristling,0.673
broader,0.673
broods,0.673
brunt,0.673
brutally,0.673
buds,0.673
bul,0.673
bulrushes,0.673
buriers,0.673
bursting,0.673
bushes,0.673
bustling,0.673
butlership,0.673
butted,0.673
buying,0.673
buzi,0.673
buzite,0.673
buzzing,0.673
bypassing,0.673
byways,0.673
cabbon,0.673
caked,0.673
calamus,0.673
calculated,0.673
caldrons,0.673
calms,0.673
calno,0.673
camon,0.673
camping,0.673
canaanitess,0.673
canneh,0.673
canopies,0.673
caper,0.673
capstone,0.673
car,0.673
carcas,0.673
careah,0.673
carefree,0.673
carmites,0.673
carriages,0.673
carriers,0.673
cartwheel,0.673
carves,0.673
casiphia,0.673
castle,0.673
casual,0.673
caterpillar,0.673
caulk,0.673
caulkers,0.673
cautiously,0.673
cells,0.673
ceremonially,0.673
ceremony,0.673
chalcol,0.673
chalk,0.673
chalkstones,0.673
chameleon,0.673
chant,0.673
charcoal,0.673
charm,0.673
charming,0.673
chases,0.673
chasing,0.673
chatter,0.673
chattered,0.673
cheekbone,0.673
cheers,0.673
cheeses,0.673
chelal,0.673
cheluh,0.673
chenani,0.673
chephar,0.673
chesalon,0.673
chesed,0.673
chesil,0.673
chestnut,0.673
chesulloth,0.673
chezib,0.673
chileab,0.673
chilmad,0.673
chimney,0.673
chisel,0.673
chislon,0.673
chiun,0.673
choir,0.673
choirs,0.673
chops,0.673
chub,0.673
chun,0.673
churning,0.673
churns,0.673
circular,0.673
circulated,0.673
circumspect,0.673
citadels,0.673
clad,0.673
clamorous,0.673
claps,0.673
clarity,0.673
clash,0.673
clashing,0.673
clatter,0.673
clattering,0.673
claws,0.673
clears,0.673
cliffs,0.673
club,0.673
clumps,0.673
coast,0.673
collapsed,0.673
collar,0.673
colorful,0.673
colts,0.673
column,0.673
comeliness,0.673
communed,0.673
communicate,0.673
compact,0.673
compass,0.673
compassions,0.673
compensate,0.673
competent,0.673
compound,0.673
compounded,0.673
compounds,0.673
comprehended,0.673
comprised,0.673
compulsory,0.673
conaniah,0.673
concede,0.673
conceiving,0.673
conciliation,0.673
conclusion,0.673
concourses,0.673
condemning,0.673
confederacy,0.673
confiscated,0.673
confiscation,0.673
confronting,0.673
congealed,0.673
conjures,0.673
consecrations,0.673
consolations,0.673
consoled,0.673
conspirators,0.673
conspire,0.673
constructing,0.673
consults,0.673
consumption,0.673
container,0.673
contemplate,0.673
contingents,0.673
contribute,0.673
contributions,0.673
controversies,0.673
converting,0.673
convex,0.673
copied,0.673
coral,0.673
corals,0.673
counseled,0.673
counteract,0.673
counting,0.673
courageously,0.673
courses,0.673
covenanted,0.673
coverings,0.673
cozbi,0.673
cracked,0.673
crackling,0.673
crag,0.673
crane,0.673
crashing,0.673
crashings,0.673
craves,0.673
crawl,0.673
crawls,0.673
crescent,0.673
crescents,0.673
crest,0.673
cricket,0.673
cropped,0.673
crosses,0.673
crossroads,0.673
crouch,0.673
crouches,0.673
crouching,0.673
crowning,0.673
crumbles,0.673
crushes,0.673
crust,0.673
cub,0.673
cuddled,0.673
cupbearer,0.673
curdle,0.673
curves,0.673
cuth,0.673
cuthah,0.673
dabbasheth,0.673
dainties,0.673
dalphon,0.673
dammim,0.673
dams,0.673
dandled,0.673
dannah,0.673
darda,0.673
darics,0.673
darkens,0.673
darker,0.673
darlings,0.673
dart,0.673
darted,0.673
darts,0.673
dashes,0.673
daubed,0.673
dealer,0.673
dealers,0.673
debases,0.673
debate,0.673
debris,0.673
decays,0.673
deceits,0.673
deceptively,0.673
declaration,0.673
dedanites,0.673
deducted,0.673
deeded,0.673
defeats,0.673
defenses,0.673
defer,0.673
dehavites,0.673
deker,0.673
delegate,0.673
delicateness,0.673
deliverers,0.673
deluded,0.673
demented,0.673
demolish,0.673
deplete,0.673
deprives,0.673
deranged,0.673
deride,0.673
desolated,0.673
despaired,0.673
desperation,0.673
despoiled,0.673
devastate,0.673
devastated,0.673
develops,0.673
device,0.673
devious,0.673
devourer,0.673
dial,0.673
diameter,0.673
diblaim,0.673
dibri,0.673
diffused,0.673
dilapidation,0.673
dilean,0.673
dimnah,0.673
dimon,0.673
dimonah,0.673
dinaites,0.673
diphath,0.673
director,0.673
directs,0.673
disarms,0.673
disasters,0.673
disc,0.673
discerns,0.673
disciplines,0.673
disfigured,0.673
disgusted,0.673
disheartened,0.673
dishonesty,0.673
disinherit,0.673
dispatches,0.673
dispersions,0.673
displeases,0.673
disposed,0.673
dispossessing,0.673
disquiet,0.673
disquieting,0.673
disreputable,0.673
dissolve,0.673
distill,0.673
distorts,0.673
distraught,0.673
disturbs,0.673
diverse,0.673
diverting,0.673
divider,0.673
diviner,0.673
divining,0.673
dizahab,0.673
docile,0.673
dodai,0.673
dodanim,0.673
dodavah,0.673
doe,0.673
doorways,0.673
doubling,0.673
drains,0.673
dreaded,0.673
dressing,0.673
drinkers,0.673
dripped,0.673
dromedaries,0.673
dromedary,0.673
droppings,0.673
dryshod,0.673
dump,0.673
dung,0.673
dura,0.673
dwarf,0.673
eaance,0.673
earners,0.673
earns,0.673
earring,0.673
earthenware,0.673
eaters,0.673
eaves,0.673
ebony,0.673
ebron,0.673
edible,0.673
edict,0.673
eglah,0.673
ehi,0.673
eightieth,0.673
eladah,0.673
elead,0.673
eleph,0.673
elevated,0.673
eliadah,0.673
eliahba,0.673
elidad,0.673
elienai,0.673
elihoreph,0.673
elika,0.673
eliphal,0.673
elipheleh,0.673
elishaphat,0.673
elisheba,0.673
elishua,0.673
elkoshite,0.673
elohe,0.673
elonites,0.673
elpelet,0.673
eltekon,0.673
elul,0.673
eluzai,0.673
emasculated,0.673
embalm,0.673
ember,0.673
emblems,0.673
embossed,0.673
embraces,0.673
emeralds,0.673
emits,0.673
emitted,0.673
empire,0.673
emptiers,0.673
enable,0.673
enam,0.673
encampments,0.673
enchanter,0.673
encircle,0.673
enclose,0.673
enclosing,0.673
enclosures,0.673
endangered,0.673
endearment,0.673
endeavors,0.673
endlessly,0.673
endow,0.673
endowment,0.673
engulfing,0.673
enslaved,0.673
enticing,0.673
entrap,0.673
entreaties,0.673
ephai,0.673
ephes,0.673
ephlal,0.673
ephrain,0.673
ephrathite,0.673
eran,0.673
eranites,0.673
erites,0.673
errand,0.673
escorted,0.673
esek,0.673
eshean,0.673
eshek,0.673
eshtaolites,0.673
eshtemoh,0.673
eshterah,0.673
eshton,0.673
establishing,0.673
eth,0.673
ethanim,0.673
ethbaal,0.673
ethnan,0.673
ethni,0.673
evenly,0.673
everybody,0.673
evicting,0.673
evidences,0.673
exacts,0.673
exalting,0.673
excess,0.673
excitement,0.673
executing,0.673
executioners,0.673
exempted,0.673
exhaustion,0.673
expectantly,0.673
expectations,0.673
expedition,0.673
expended,0.673
exploits,0.673
explore,0.673
expression,0.673
exquisite,0.673
extensive,0.673
exterior,0.673
exterminate,0.673
extorted,0.673
extraordinary,0.673
extremity,0.673
exult,0.673
eyebrows,0.673
ezbai,0.673
ezrah,0.673
ezrahite,0.673
ezri,0.673
fabric,0.673
faintness,0.673
fairer,0.673
falsifying,0.673
falter,0.673
falters,0.673
famish,0.673
fancies,0.673
fancy,0.673
fathered,0.673
fatling,0.673
feathered,0.673
features,0.673
fee,0.673
feebler,0.673
feelings,0.673
fellows,0.673
fence,0.673
fenced,0.673
ferryboat,0.673
fervor,0.673
festal,0.673
festering,0.673
festivals,0.673
fetch,0.673
fiercer,0.673
fifths,0.673
filly,0.673
finery,0.673
finishes,0.673
firebrand,0.673
firebrands,0.673
fishhooks,0.673
fitly,0.673
flashed,0.673
flavorless,0.673
flay,0.673
fleeting,0.673
flitting,0.673
floodwater,0.673
flourishes,0.673
flowed,0.673
flushed,0.673
fluttering,0.673
foals,0.673
foe,0.673
foliage,0.673
folk,0.673
footmen,0.673
footstep,0.673
forage,0.673
forceful,0.673
ford,0.673
forego,0.673
foremen,0.673
forewarn,0.673
forgers,0.673
fork,0.673
fort,0.673
fortifying,0.673
forts,0.673
fostered,0.673
fouled,0.673
fouling,0.673
founding,0.673
fowlers,0.673
fracture,0.673
fragile,0.673
frailty,0.673
freshly,0.673
frontier,0.673
fume,0.673
furnish,0.673
furniture,0.673
gaba,0.673
gabbai,0.673
gaddah,0.673
gaddi,0.673
gaddiel,0.673
gader,0.673
gadite,0.673
galbanum,0.673
galley,0.673
gallops,0.673
gammad,0.673
garmite,0.673
gasp,0.673
gatekeeper,0.673
gateways,0.673
gatherer,0.673
gazez,0.673
ge,0.673
gebim,0.673
gecko,0.673
geder,0.673
gederathite,0.673
gederite,0.673
gederothaim,0.673
geliloth,0.673
gemalli,0.673
gems,0.673
genitals,0.673
genubath,0.673
gershonite,0.673
geshan,0.673
giah,0.673
gibea,0.673
gibeath,0.673
gibeathite,0.673
gibeonite,0.673
gilalai,0.673
gimzo,0.673
ginath,0.673
ginnethoi,0.673
ginnethon,0.673
gishpa,0.673
gittites,0.673
gizonite,0.673
glazed,0.673
gluttonous,0.673
gluttons,0.673
gnash,0.673
gnawing,0.673
goath,0.673
goatherds,0.673
gob,0.673
goblet,0.673
goings,0.673
gopherwood,0.673
gores,0.673
gourds,0.673
govern,0.673
governed,0.673
grandfather,0.673
gravestone,0.673
greyhound,0.673
griefs,0.673
grinder,0.673
grinders,0.673
grip,0.673
gropes,0.673
gross,0.673
growled,0.673
grudge,0.673
gruesome,0.673
gudgodah,0.673
gushes,0.673
gutters,0.673
haahashtari,0.673
haammoni,0.673
habakkuk,0.673
habazziniah,0.673
hacaliah,0.673
hachaliah,0.673
hachmoni,0.673
hacked,0.673
hadashah,0.673
hadassah,0.673
hadattah,0.673
haddah,0.673
hadrach,0.673
hagab,0.673
hagaba,0.673
hagabah,0.673
haggan,0.673
haggiah,0.673
haggites,0.673
hagri,0.673
hakkatan,0.673
hakupha,0.673
hali,0.673
hamites,0.673
hammoleketh,0.673
hammoth,0.673
hamonah,0.673
hamran,0.673
hamstring,0.673
hamuel,0.673
hamulites,0.673
handbreadths,0.673
handiwork,0.673
handling,0.673
handmill,0.673
hanes,0.673
haniel,0.673
hannathon,0.673
hanniel,0.673
hanochites,0.673
haphraim,0.673
happizzez,0.673
happuch,0.673
hara,0.673
haradah,0.673
haraseth,0.673
harashim,0.673
harbona,0.673
harbonah,0.673
hareph,0.673
hareseth,0.673
harhaiah,0.673
harhas,0.673
harhur,0.673
hariph,0.673
harmon,0.673
harms,0.673
harnepher,0.673
harod,0.673
harodite,0.673
haroeh,0.673
harpoons,0.673
harumaph,0.673
haruphite,0.673
haruz,0.673
harvesting,0.673
hasadiah,0.673
hashabnah,0.673
hashbadana,0.673
hashem,0.673
hashubah,0.673
hasrah,0.673
hassenaah,0.673
hassenuah,0.673
hatefully,0.673
hathath,0.673
hatticon,0.673
haunts,0.673
hauran,0.673
hazaiah,0.673
hazarmaveth,0.673
hazazon,0.673
hazelelponi,0.673
haziel,0.673
hazo,0.673
headbands,0.673
headdresses,0.673
hearths,0.673
hearty,0.673
heaves,0.673
heberites,0.673
heeding,0.673
helbah,0.673
helbon,0.673
heleb,0.673
helekites,0.673
helkai,0.673
helkath,0.673
helmets,0.673
hemam,0.673
hemdan,0.673
herald,0.673
heresh,0.673
hereth,0.673
heritages,0.673
heron,0.673
heshmon,0.673
hew,0.673
hewed,0.673
hews,0.673
hezir,0.673
hezrai,0.673
hezro,0.673
hiddai,0.673
hiddekel,0.673
hideout,0.673
hiel,0.673
hilen,0.673
hilly,0.673
hilt,0.673
hit,0.673
hitch,0.673
hitched,0.673
hizki,0.673
ho,0.673
hobab,0.673
hobah,0.673
hod,0.673
hodesh,0.673
hodevah,0.673
hodiah,0.673
hodshi,0.673
hoe,0.673
hoham,0.673
holier,0.673
hoofed,0.673
hopeless,0.673
hophra,0.673
horam,0.673
horite,0.673
hornets,0.673
horribly,0.673
horrified,0.673
hoshama,0.673
hotly,0.673
hottest,0.673
hound,0.673
hovering,0.673
hovers,0.673
howling,0.673
hubs,0.673
huddle,0.673
hukkok,0.673
humtah,0.673
hunchback,0.673
hunters,0.673
hupham,0.673
huphamites,0.673
huppah,0.673
hurai,0.673
huri,0.673
hurling,0.673
hurts,0.673
hushah,0.673
hushed,0.673
huz,0.673
huzoth,0.673
hyenas,0.673
ibhar,0.673
ibneiah,0.673
ibnijah,0.673
ibri,0.673
idalah,0.673
idbash,0.673
igdaliah,0.673
ilai,0.673
illegitimate,0.673
ills,0.673
immeasurable,0.673
imna,0.673
impatient,0.673
implement,0.673
impressive,0.673
improper,0.673
imrah,0.673
inaugurate,0.673
inclination,0.673
income,0.673
indisposed,0.673
industrious,0.673
infamous,0.673
infidelity,0.673
inflamed,0.673
inflames,0.673
inflaming,0.673
inflict,0.673
informer,0.673
informs,0.673
ingathering,0.673
ingrained,0.673
ingredients,0.673
inheritances,0.673
inlets,0.673
innocently,0.673
insatiable,0.673
insect,0.673
insects,0.673
insolence,0.673
installed,0.673
institution,0.673
insults,0.673
interior,0.673
intermarry,0.673
interrogated,0.673
interruption,0.673
intervene,0.673
intervened,0.673
intervening,0.673
interviewed,0.673
intricate,0.673
invasion,0.673
inventory,0.673
iphdeiah,0.673
irad,0.673
iri,0.673
irpeel,0.673
irritants,0.673
iru,0.673
iscah,0.673
ishbah,0.673
ishbi,0.673
ishhod,0.673
ishijah,0.673
ishma,0.673
ishmerai,0.673
ishpan,0.673
ishuah,0.673
ishvah,0.673
ishvi,0.673
ismachiah,0.673
isolates,0.673
ispah,0.673
isui,0.673
itch,0.673
item,0.673
ithai,0.673
ithnan,0.673
ithream,0.673
ithrites,0.673
izehar,0.673
jaakobah,0.673
jaan,0.673
jaare,0.673
jaareshiah,0.673
jaasai,0.673
jaasiel,0.673
jaaziel,0.673
jabal,0.673
jachan,0.673
jachinites,0.673
jaddai,0.673
jaddua,0.673
jagur,0.673
jahaziah,0.673
jahdai,0.673
jahdiel,0.673
jahdo,0.673
jahleelites,0.673
jahmai,0.673
jahzeel,0.673
jahzerah,0.673
jahziel,0.673
jairite,0.673
jakeh,0.673
jalon,0.673
jaminites,0.673
jamlech,0.673
janoah,0.673
janum,0.673
jareb,0.673
jarkon,0.673
jaroah,0.673
jashen,0.673
jashobeam,0.673
jashubites,0.673
jathniel,0.673
jaw,0.673
jeatherai,0.673
jeberechiah,0.673
jecamiah,0.673
jedidah,0.673
jedidiah,0.673
jeering,0.673
jeezer,0.673
jeezerites,0.673
jegar,0.673
jehezekel,0.673
jehiah,0.673
jehoaddah,0.673
jehoaddan,0.673
jehoshabeath,0.673
jehosheba,0.673
jehubbah,0.673
jehucal,0.673
jehud,0.673
jehudijah,0.673
jekabzeel,0.673
jekamiah,0.673
jekuthiel,0.673
jemimah,0.673
jeopardized,0.673
jerah,0.673
jered,0.673
jeremai,0.673
jeriel,0.673
jerijah,0.673
jerioth,0.673
jerubbesheth,0.673
jeruel,0.673
jerusha,0.673
jerushah,0.673
jeshanah,0.673
jesharelah,0.673
jeshebeab,0.673
jesher,0.673
jeshishai,0.673
jeshohaiah,0.673
jesimiel,0.673
jesimoth,0.673
jesshiah,0.673
jesui,0.673
jesuites,0.673
jetheth,0.673
jethlah,0.673
jeuel,0.673
jeuz,0.673
jezerites,0.673
jeziah,0.673
jeziel,0.673
jezrahiah,0.673
jibsam,0.673
jidlaph,0.673
jimna,0.673
jimnah,0.673
jimnites,0.673
jithra,0.673
jithran,0.673
jizliah,0.673
jizri,0.673
joahaz,0.673
joed,0.673
jogbehah,0.673
jogli,0.673
joiakim,0.673
jointed,0.673
jokdeam,0.673
jokmeam,0.673
joktheel,0.673
jorah,0.673
jorai,0.673
jorkoam,0.673
joshah,0.673
joshibiah,0.673
jostle,0.673
jotbah,0.673
joyously,0.673
jubal,0.673
jubilation,0.673
jucal,0.673
judean,0.673
juniper,0.673
jushab,0.673
justifying,0.673
kab,0.673
kadmonites,0.673
kallai,0.673
kamai,0.673
karkaa,0.673
karkor,0.673
kartah,0.673
kartan,0.673
kattath,0.673
kazin,0.673
kelaiah,0.673
kenezzites,0.673
keramim,0.673
keren,0.673
kettle,0.673
keziah,0.673
keziz,0.673
kibzaim,0.673
kidnapper,0.673
kidnapping,0.673
kidnaps,0.673
kiln,0.673
kinah,0.673
kingly,0.673
kiriathaim,0.673
kishi,0.673
kitchens,0.673
kithlish,0.673
kitron,0.673
knocked,0.673
koa,0.673
kor,0.673
korahite,0.673
korathites,0.673
laadah,0.673
ladies,0.673
lads,0.673
lael,0.673
lahad,0.673
lahmas,0.673
lair,0.673
lakkum,0.673
lamentations,0.673
laments,0.673
lance,0.673
lances,0.673
languished,0.673
lap,0.673
lapful,0.673
lapidoth,0.673
laps,0.673
largeness,0.673
lasha,0.673
lasharon,0.673
latch,0.673
launderers,0.673
layer,0.673
laziness,0.673
league,0.673
leaps,0.673
leb,0.673
lebana,0.673
lebanah,0.673
lebaoth,0.673
lebonah,0.673
lecah,0.673
leech,0.673
lees,0.673
leg,0.673
lemuel,0.673
lending,0.673
lengthened,0.673
lengthens,0.673
leopards,0.673
leshem,0.673
letushim,0.673
leummim,0.673
leveled,0.673
levels,0.673
levy,0.673
lewdly,0.673
liberally,0.673
libnites,0.673
licks,0.673
lid,0.673
lifeblood,0.673
lifeless,0.673
likely,0.673
likhi,0.673
limped,0.673
link,0.673
lionesses,0.673
listless,0.673
literature,0.673
lively,0.673
lizard,0.673
loading,0.673
loathing,0.673
loftily,0.673
lonely,0.673
looming,0.673
loosened,0.673
loosens,0.673
looter,0.673
lop,0.673
lordly,0.673
losses,0.673
louder,0.673
loveliest,0.673
loveliness,0.673
lovingly,0.673
lowliest,0.673
lucifer,0.673
lulled,0.673
lurked,0.673
lusty,0.673
lydians,0.673
lye,0.673
maadai,0.673
maai,0.673
maarath,0.673
maasai,0.673
machbanai,0.673
machbenah,0.673
machirites,0.673
machnadebai,0.673
madmenah,0.673
madon,0.673
magbish,0.673
maggot,0.673
magnificent,0.673
magor,0.673
mahol,0.673
maim,0.673
mainstay,0.673
makaz,0.673
makers,0.673
makheloth,0.673
maktesh,0.673
malachi,0.673
malady,0.673
malcam,0.673
malchielites,0.673
malchiram,0.673
malign,0.673
mallow,0.673
manahethites,0.673
mantles,0.673
manuhoth,0.673
maoch,0.673
maonites,0.673
mara,0.673
maralah,0.673
marker,0.673
maroth,0.673
marsh,0.673
marvels,0.673
mashal,0.673
massacred,0.673
mates,0.673
mating,0.673
matri,0.673
matrix,0.673
mattattah,0.673
mattock,0.673
mattocks,0.673
mauled,0.673
mazzaroth,0.673
meadow,0.673
meadows,0.673
mealtime,0.673
mearah,0.673
mebunnai,0.673
mecherathite,0.673
meconah,0.673
meddles,0.673
meddling,0.673
mediators,0.673
medicine,0.673
meditating,0.673
mehir,0.673
mehujael,0.673
mehuman,0.673
melchiah,0.673
melichu,0.673
melting,0.673
memorable,0.673
memphis,0.673
mended,0.673
meni,0.673
meonothai,0.673
meraiah,0.673
merarites,0.673
merathaim,0.673
mercenaries,0.673
merchandisers,0.673
merib,0.673
meron,0.673
meronothite,0.673
meroz,0.673
merrily,0.673
meshezabel,0.673
meshillemith,0.673
meshillemoth,0.673
meshobab,0.673
meshullemeth,0.673
methushael,0.673
meunim,0.673
mibhar,0.673
michmethath,0.673
michri,0.673
middin,0.673
midway,0.673
migdal,0.673
mikneiah,0.673
milalai,0.673
mild,0.673
mincing,0.673
mingle,0.673
miniamin,0.673
minjamin,0.673
minni,0.673
miphkad,0.673
mirmah,0.673
miry,0.673
miscarried,0.673
miscarrying,0.673
mishal,0.673
misham,0.673
mishmannah,0.673
mishraites,0.673
mispar,0.673
missabib,0.673
misses,0.673
misunderstand,0.673
mithnite,0.673
mixing,0.673
mizar,0.673
moan,0.673
mocker,0.673
moisten,0.673
moldy,0.673
mole,0.673
molid,0.673
moneylender,0.673
monitor,0.673
monkeys,0.673
monthly,0.673
monument,0.673
moorings,0.673
moriah,0.673
morsels,0.673
mortgaged,0.673
mosaic,0.673
moserah,0.673
mountaineers,0.673
mountings,0.673
mourner,0.673
mournful,0.673
movement,0.673
mowing,0.673
mowings,0.673
mozah,0.673
muppim,0.673
murky,0.673
muscle,0.673
muscles,0.673
muse,0.673
musing,0.673
musters,0.673
muttered,0.673
mysterious,0.673
naam,0.673
naamites,0.673
naarai,0.673
naaran,0.673
nachon,0.673
nahalal,0.673
nahaliel,0.673
nahallal,0.673
nahalol,0.673
naham,0.673
nahbi,0.673
neah,0.673
nearly,0.673
nebaioth,0.673
neballat,0.673
nebushasban,0.673
nedabiah,0.673
nehushta,0.673
nehushtan,0.673
neiel,0.673
neighed,0.673
neighing,0.673
neighings,0.673
nekeb,0.673
nemuelites,0.673
nephishesim,0.673
nestled,0.673
netaim,0.673
netophah,0.673
nevermore,0.673
newly,0.673
nibhaz,0.673
nibshan,0.673
nimrim,0.673
nobah,0.673
nobility,0.673
nod,0.673
nodab,0.673
nohah,0.673
noisily,0.673
nonexistent,0.673
noontime,0.673
noose,0.673
nophah,0.673
noses,0.673
nourisher,0.673
nourishment,0.673
nudity,0.673
numbering,0.673
oar,0.673
obal,0.673
obese,0.673
obil,0.673
obnoxious,0.673
obscure,0.673
obscurity,0.673
observer,0.673
obstinate,0.673
occasionally,0.673
occupy,0.673
occurs,0.673
offensive,0.673
ohel,0.673
omers,0.673
onager,0.673
oni,0.673
onycha,0.673
ophni,0.673
opinions,0.673
oppressing,0.673
orchard,0.673
orchards,0.673
ordinary,0.673
oregim,0.673
origin,0.673
osnapper,0.673
othni,0.673
outgoings,0.673
outlet,0.673
outpost,0.673
outrage,0.673
outwit,0.673
overcoming,0.673
overflows,0.673
overgrown,0.673
overlooking,0.673
overrule,0.673
overruled,0.673
overrules,0.673
overrun,0.673
overspread,0.673
overspreads,0.673
overtaking,0.673
overthrowing,0.673
overwork,0.673
owls,0.673
ozem,0.673
ozni,0.673
oznites,0.673
paaneah,0.673
paarai,0.673
paces,0.673
pai,0.673
pails,0.673
paint,0.673
painted,0.673
painting,0.673
palal,0.673
palanquin,0.673
palate,0.673
palluites,0.673
palti,0.673
paltite,0.673
pampers,0.673
paneling,0.673
panic,0.673
panicked,0.673
panted,0.673
parah,0.673
paramours,0.673
parapet,0.673
parbar,0.673
parcel,0.673
parmashta,0.673
parnach,0.673
parshandatha,0.673
partitioned,0.673
parvaim,0.673
parzites,0.673
pasach,0.673
pasdammim,0.673
pashur,0.673
pastured,0.673
patched,0.673
pathless,0.673
patrol,0.673
pau,0.673
pause,0.673
paused,0.673
paw,0.673
paws,0.673
payments,0.673
pays,0.673
pazzez,0.673
peacetime,0.673
pedahel,0.673
peeled,0.673
peep,0.673
pelaliah,0.673
peleth,0.673
penetrated,0.673
peniel,0.673
penitents,0.673
perceives,0.673
perception,0.673
perceptive,0.673
peresh,0.673
perfumers,0.673
perida,0.673
perjurer,0.673
perpetuate,0.673
persecutes,0.673
perturbed,0.673
peruda,0.673
perverseness,0.673
pestered,0.673
pestle,0.673
pethuel,0.673
peulthai,0.673
pharpar,0.673
pigeon,0.673
pildash,0.673
pilgrim,0.673
pilha,0.673
pillaged,0.673
pim,0.673
pined,0.673
pins,0.673
pipings,0.673
piram,0.673
pirathon,0.673
pispah,0.673
pistachio,0.673
pithom,0.673
pities,0.673
placenta,0.673
plaited,0.673
plane,0.673
planters,0.673
plate,0.673
plateau,0.673
platitudes,0.673
plays,0.673
plea,0.673
pleadings,0.673
pleasantness,0.673
pledges,0.673
plowers,0.673
plowshare,0.673
plummet,0.673
plump,0.673
pointedly,0.673
pointing,0.673
polish,0.673
pollute,0.673
ponders,0.673
poplars,0.673
populous,0.673
poratha,0.673
portico,0.673
portray,0.673
posed,0.673
possessing,0.673
possibly,0.673
posted,0.673
potsherds,0.673
potters,0.673
pouch,0.673
poultice,0.673
powders,0.673
powerless,0.673
prattle,0.673
prattler,0.673
pregnancy,0.673
prematurely,0.673
premeditation,0.673
presentation,0.673
presumed,0.673
presumes,0.673
pretty,0.673
preys,0.673
pricking,0.673
primal,0.673
prime,0.673
princess,0.673
princesses,0.673
prized,0.673
problems,0.673
procession,0.673
procured,0.673
profaneness,0.673
profound,0.673
prognosticators,0.673
projects,0.673
promote,0.673
promptly,0.673
pronged,0.673
proportions,0.673
prosecutor,0.673
prospering,0.673
prosperously,0.673
proves,0.673
prowl,0.673
pruned,0.673
psalmist,0.673
pulverized,0.673
punites,0.673
punon,0.673
purchases,0.673
purer,0.673
purest,0.673
purifier,0.673
purse,0.673
purses,0.673
pursuer,0.673
pushes,0.673
pushing,0.673
puthites,0.673
putiel,0.673
putrefy,0.673
putrefying,0.673
puvah,0.673
quaking,0.673
quarries,0.673
quartermaster,0.673
quartz,0.673
quiets,0.673
quivered,0.673
quotes,0.673
raama,0.673
raamses,0.673
rabbim,0.673
rabbith,0.673
rabble,0.673
rachal,0.673
raddai,0.673
radiating,0.673
rafters,0.673
raham,0.673
raids,0.673
rakem,0.673
rakkath,0.673
rakkon,0.673
rally,0.673
ramath,0.673
ramathaim,0.673
ramathite,0.673
ramiah,0.673
rapha,0.673
raphah,0.673
rapidly,0.673
rattles,0.673
raving,0.673
raze,0.673
rearing,0.673
reasonings,0.673
rebuker,0.673
receptacles,0.673
recess,0.673
reckless,0.673
recklessness,0.673
reconsider,0.673
recount,0.673
recruited,0.673
recruiter,0.673
recruiting,0.673
rectangular,0.673
reelaiah,0.673
refiner,0.673
refines,0.673
refining,0.673
reflects,0.673
refrained,0.673
refreshes,0.673
refugee,0.673
register,0.673
registers,0.673
rei,0.673
reinforced,0.673
relenting,0.673
relents,0.673
relieves,0.673
remeth,0.673
removing,0.673
rend,0.673
rending,0.673
renounces,0.673
repairer,0.673
rephael,0.673
rephah,0.673
replica,0.673
representing,0.673
reprisal,0.673
reproofs,0.673
reproves,0.673
reputed,0.673
requires,0.673
rescues,0.673
resemblance,0.673
resembled,0.673
resen,0.673
reservoir,0.673
resheph,0.673
reside,0.673
residence,0.673
resides,0.673
resolves,0.673
resort,0.673
resorted,0.673
resound,0.673
resounding,0.673
responsively,0.673
restricted,0.673
retains,0.673
revealer,0.673
revenues,0.673
review,0.673
reviles,0.673
revival,0.673
revolters,0.673
rezon,0.673
rib,0.673
richer,0.673
richest,0.673
riddance,0.673
riddles,0.673
ridge,0.673
ridges,0.673
rifled,0.673
righteousnesses,0.673
rinnah,0.673
ripening,0.673
riphath,0.673
risk,0.673
rite,0.673
ritually,0.673
riverbank,0.673
riverbeds,0.673
riverheads,0.673
rivulets,0.673
rizia,0.673
roadside,0.673
roaming,0.673
roast,0.673
roasting,0.673
robbing,0.673
robs,0.673
rodanim,0.673
roe,0.673
roebucks,0.673
rogue,0.673
rogues,0.673
rohgah,0.673
rolling,0.673
rolls,0.673
roofs,0.673
roosts,0.673
roundabout,0.673
rounded,0.673
route,0.673
rove,0.673
rugged,0.673
rumah,0.673
runner,0.673
rural,0.673
ruthless,0.673
sabta,0.673
sabtah,0.673
sabtecha,0.673
sabtechah,0.673
sachiah,0.673
safekeeping,0.673
saffron,0.673
sahadutha,0.673
sallai,0.673
salmai,0.673
salted,0.673
saltpits,0.673
salu,0.673
samgar,0.673
sanctifying,0.673
sannah,0.673
sansannah,0.673
sardites,0.673
sarezer,0.673
sargon,0.673
sarsechim,0.673
satiate,0.673
satisfying,0.673
saturated,0.673
saturates,0.673
saviors,0.673
savor,0.673
scabbard,0.673
scabs,0.673
scalp,0.673
scaly,0.673
scan,0.673
scarcity,0.673
scare,0.673
scarves,0.673
scepters,0.673
schemed,0.673
scoffed,0.673
scoffing,0.673
scoundrel,0.673
scoured,0.673
scraped,0.673
scraps,0.673
scratched,0.673
sculptured,0.673
seafaring,0.673
seams,0.673
searchings,0.673
secacah,0.673
sechu,0.673
seclusion,0.673
secures,0.673
seedlings,0.673
seirah,0.673
seldom,0.673
selected,0.673
seled,0.673
sellers,0.673
selvedge,0.673
semachiah,0.673
seneh,0.673
sensibly,0.673
sensitivity,0.673
senuah,0.673
seorim,0.673
sephar,0.673
sepharvites,0.673
sepulcher,0.673
seraphim,0.673
servings,0.673
servitude,0.673
sethur,0.673
settling,0.673
sewn,0.673
shaalabbin,0.673
shaalbonite,0.673
shaalim,0.673
shaashgaz,0.673
shaded,0.673
shadowed,0.673
shafts,0.673
shageh,0.673
shahar,0.673
shaharaim,0.673
shahazimah,0.673
shallecheth,0.673
shallun,0.673
shalmai,0.673
shalman,0.673
shama,0.673
shamariah,0.673
shambles,0.673
shamefaced,0.673
shamelessly,0.673
shamer,0.673
shames,0.673
shamgar,0.673
shamma,0.673
shamsherai,0.673
shaphir,0.673
sharai,0.673
sharaim,0.673
sharar,0.673
shard,0.673
shards,0.673
sharonite,0.673
sharpening,0.673
sharuhen,0.673
shashai,0.673
shatter,0.673
shaulites,0.673
shavsha,0.673
shawl,0.673
shebah,0.673
shebam,0.673
shebarim,0.673
sheber,0.673
shebeth,0.673
shechemites,0.673
shedder,0.673
sheepbreeders,0.673
sheerah,0.673
sheets,0.673
shehariah,0.673
shelanites,0.673
sheleph,0.673
shelesh,0.673
shelomi,0.673
shelomoth,0.673
shemaah,0.673
shemeber,0.673
shemed,0.673
shen,0.673
shenazzar,0.673
shepham,0.673
shepherded,0.673
shepherdess,0.673
shephi,0.673
shepho,0.673
shephuphan,0.673
sheresh,0.673
sherezer,0.673
shibmah,0.673
shicron,0.673
shifts,0.673
shigionoth,0.673
shilhi,0.673
shillemites,0.673
shiloah,0.673
shiloni,0.673
shilonites,0.673
shilshah,0.673
shimeam,0.673
shimeath,0.673
shimeathites,0.673
shimeon,0.673
shimi,0.673
shimon,0.673
shimrath,0.673
shimrith,0.673
shimronites,0.673
shinab,0.673
shined,0.673
shion,0.673
shiphi,0.673
shiphmite,0.673
shiphrah,0.673
shiphtan,0.673
shisha,0.673
shitrai,0.673
shoa,0.673
shobek,0.673
shobi,0.673
shocks,0.673
shoham,0.673
shomer,0.673
shophan,0.673
shores,0.673
shovel,0.673
shrank,0.673
shriek,0.673
shrivels,0.673
shrub,0.673
shrubs,0.673
shuffles,0.673
shuhah,0.673
shuham,0.673
shuhamites,0.673
shulamite,0.673
shumathites,0.673
shunites,0.673
shupham,0.673
shuphamites,0.673
shuthalhites,0.673
shuttle,0.673
sia,0.673
siaha,0.673
sibraim,0.673
sifted,0.673
sifts,0.673
signify,0.673
signposts,0.673
sihor,0.673
sikkuth,0.673
silencing,0.673
silla,0.673
simmer,0.673
singed,0.673
singleness,0.673
singular,0.673
sinim,0.673
sinks,0.673
sion,0.673
siphmoth,0.673
sippai,0.673
sirah,0.673
sismai,0.673
sistrums,0.673
sitnah,0.673
sivan,0.673
skillfulness,0.673
skip,0.673
skipped,0.673
skipping,0.673
skirt,0.673
slabs,0.673
slacken,0.673
slanders,0.673
slash,0.673
slavery,0.673
sledge,0.673
sleeper,0.673
sleepers,0.673
sleeve,0.673
sleeves,0.673
sliced,0.673
slidden,0.673
slide,0.673
slighted,0.673
slingers,0.673
sloops,0.673
slothful,0.673
slumbering,0.673
slung,0.673
smells,0.673
smelted,0.673
smelter,0.673
smite,0.673
smitten,0.673
smooths,0.673
snail,0.673
snakes,0.673
sneer,0.673
sneers,0.673
sneezed,0.673
sneezings,0.673
sniffed,0.673
sniffs,0.673
snout,0.673
soaked,0.673
socoh,0.673
soda,0.673
sodi,0.673
softer,0.673
sojourn,0.673
soldering,0.673
solicited,0.673
solitarily,0.673
solved,0.673
solving,0.673
soot,0.673
soothed,0.673
soothing,0.673
sorek,0.673
sorrel,0.673
sorts,0.673
sovereignty,0.673
spanned,0.673
spark,0.673
sparkled,0.673
sparkles,0.673
spattered,0.673
spearhead,0.673
specifically,0.673
spectacular,0.673
speedy,0.673
spells,0.673
spice,0.673
spiced,0.673
spiritist,0.673
spits,0.673
spitting,0.673
splint,0.673
splintered,0.673
splinters,0.673
splits,0.673
spokes,0.673
spout,0.673
sprigs,0.673
sprinkles,0.673
spur,0.673
spying,0.673
squanders,0.673
squares,0.673
squeezed,0.673
stable,0.673
stacked,0.673
stacte,0.673
staggered,0.673
staggers,0.673
stairway,0.673
stalks,0.673
stallions,0.673
stammerers,0.673
stamped,0.673
stamping,0.673
standstill,0.673
stargazers,0.673
starting,0.673
starved,0.673
starving,0.673
stately,0.673
staves,0.673
stead,0.673
steady,0.673
stealing,0.673
stem,0.673
sternness,0.673
stoops,0.673
storerooms,0.673
stout,0.673
stoutest,0.673
stove,0.673
stragglers,0.673
strata,0.673
streaming,0.673
strenuously,0.673
stripe,0.673
stubbornly,0.673
student,0.673
studs,0.673
stuff,0.673
sturdy,0.673
style,0.673
suah,0.673
subside,0.673
succeeding,0.673
succeeds,0.673
succulent,0.673
suchathites,0.673
suckling,0.673
sukkiim,0.673
sumptuous,0.673
sunshine,0.673
supervise,0.673
supervised,0.673
suph,0.673
suphah,0.673
supplant,0.673
supplanted,0.673
supplying,0.673
supporting,0.673
sur,0.673
surpass,0.673
surpassing,0.673
susah,0.673
susi,0.673
susim,0.673
sustains,0.673
swamps,0.673
swarm,0.673
sweep,0.673
sweeps,0.673
sweetly,0.673
swimmer,0.673
swing,0.673
swings,0.673
swirl,0.673
swirls,0.673
swollen,0.673
swoon,0.673
swoop,0.673
swooping,0.673
sympathy,0.673
taanath,0.673
tabbath,0.673
tahanites,0.673
tahrea,0.673
tahtim,0.673
tammuz,0.673
tanach,0.673
tangled,0.673
taphath,0.673
taralah,0.673
tarea,0.673
tarpelites,0.673
tarshishah,0.673
tartak,0.673
tassel,0.673
tastes,0.673
tattoo,0.673
taunt,0.673
taunts,0.673
taxed,0.673
tebaliah,0.673
teeming,0.673
tehaphnehes,0.673
telah,0.673
telaim,0.673
temanites,0.673
temeni,0.673
tenor,0.673
teraphim,0.673
terebinths,0.673
termed,0.673
thanking,0.673
tharshish,0.673
theme,0.673
thinner,0.673
thirsted,0.673
thirtieth,0.673
thoughtlessly,0.673
threads,0.673
threefold,0.673
thresholds,0.673
thunderous,0.673
tibhath,0.673
tibni,0.673
tiers,0.673
tigris,0.673
tiller,0.673
tilon,0.673
timbers,0.673
timnite,0.673
tinder,0.673
tirathites,0.673
tirhanah,0.673
tiria,0.673
tithing,0.673
tizite,0.673
toah,0.673
tobadonijah,0.673
tohu,0.673
toi,0.673
token,0.673
tokhath,0.673
tolad,0.673
tolaites,0.673
tophel,0.673
topheth,0.673
torrents,0.673
torso,0.673
toss,0.673
tossing,0.673
tottering,0.673
towered,0.673
trace,0.673
tracked,0.673
tract,0.673
trader,0.673
trains,0.673
tramp,0.673
trampling,0.673
transfer,0.673
travelers,0.673
traverse,0.673
traversing,0.673
treader,0.673
treats,0.673
tresses,0.673
trickling,0.673
trim,0.673
troublemaking,0.673
trudging,0.673
turncoat,0.673
tusks,0.673
twigs,0.673
twists,0.673
ucal,0.673
uel,0.673
ugliness,0.673
ulcer,0.673
ulla,0.673
ummah,0.673
uncleannesses,0.673
uncovering,0.673
underground,0.673
undermine,0.673
undersides,0.673
undertake,0.673
undesirable,0.673
undignified,0.673
undo,0.673
unduly,0.673
unfanned,0.673
unformed,0.673
unintended,0.673
unintentional,0.673
unique,0.673
unit,0.673
unloaded,0.673
unmindful,0.673
unrecognized,0.673
unreliable,0.673
unrighteously,0.673
unsavory,0.673
unshod,0.673
unstopped,0.673
untrue,0.673
unturned,0.673
upharsin,0.673
upraised,0.673
uproots,0.673
upstairs,0.673
usually,0.673
uttering,0.673
uzai,0.673
uzzen,0.673
uzzia,0.673
uzzielites,0.673
vagabonds,0.673
vajezatha,0.673
valuable,0.673
values,0.673
vaniah,0.673
vat,0.673
vengefully,0.673
vent,0.673
vents,0.673
verdure,0.673
verified,0.673
verity,0.673
vestibules,0.673
vestments,0.673
victories,0.673
vigil,0.673
vigorous,0.673
vileness,0.673
vindicates,0.673
violates,0.673
visage,0.673
vitality,0.673
volume,0.673
voluntarily,0.673
volunteer,0.673
volunteers,0.673
vomits,0.673
vophsi,0.673
vowing,0.673
waheb,0.673
waifs,0.673
walkways,0.673
walled,0.673
wanderers,0.673
wanderings,0.673
warms,0.673
warred,0.673
wary,0.673
watercourses,0.673
waterfalls,0.673
waterless,0.673
wavered,0.673
waving,0.673
wavy,0.673
wayfaring,0.673
wears,0.673
webs,0.673
wedge,0.673
weeps,0.673
wellsprings,0.673
wend,0.673
whelps,0.673
whet,0.673
whirls,0.673
whisperer,0.673
whitewash,0.673
wholehearted,0.673
wider,0.673
wield,0.673
wielded,0.673
wielding,0.673
willow,0.673
wilts,0.673
windy,0.673
winebibbers,0.673
wines,0.673
wineskin,0.673
winnowed,0.673
winnowers,0.673
wins,0.673
wisest,0.673
wits,0.673
wizards,0.673
wonderfully,0.673
wondering,0.673
woodcutters,0.673
wooded,0.673
woodland,0.673
woodsman,0.673
woolen,0.673
workings,0.673
wounding,0.673
wreath,0.673
wrestlings,0.673
wretchedness,0.673
wringing,0.673
writhe,0.673
writhes,0.673
wrongs,0.673
wrung,0.673
yearning,0.673
yonder,0.673
zaanaim,0.673
zaanan,0.673
zaanannim,0.673
zabbud,0.673
zabud,0.673
zaccai,0.673
zacchur,0.673
zaham,0.673
zair,0.673
zalaph,0.673
zalmonah,0.673
zamzummim,0.673
zaphnath,0.673
zaphon,0.673
zaza,0.673
zebina,0.673
zebudah,0.673
zebulunites,0.673
zecher,0.673
zelzah,0.673
zemirah,0.673
zenan,0.673
zephath,0.673
zephathah,0.673
zephonites,0.673
zer,0.673
zereda,0.673
zeredah,0.673
zererah,0.673
zeri,0.673
zeror,0.673
zeruah,0.673
zetham,0.673
zethan,0.673
zethar,0.673
zia,0.673
zibia,0.673
ziddim,0.673
zina,0.673
zior,0.673
ziphah,0.673
ziphion,0.673
ziphron,0.673
zithri,0.673
ziz,0.673
zizah,0.673
zoheleth,0.673
zoheth,0.673
zophai,0.673
zorites,0.673
zuriel,0.673
zuzim,0.673
exalted,0.666
falls,0.650
sell,0.650
attack,0.645
beaten,0.645
division,0.645
swallowed,0.645
willingly,0.645
exceedingly,0.643
honor,0.641
kiss,0.638
preserved,0.638
thief,0.631
blameless,0.628
stumble,0.628
treasures,0.628
room,0.621
nation,0.617
sought,0.612
remain,0.607
remained,0.605
jonah,0.592
assembled,0.591
ninth,0.591
ruler,0.590
accursed,0.589
nights,0.589
resting,0.589
stomach,0.589
street,0.589
committed,0.585
brother,0.582
obeyed,0.568
brimstone,0.558
course,0.558
darkened,0.558
diligent,0.558
forgot,0.558
healing,0.558
offended,0.558
reserved,0.558
steward,0.558
terrified,0.558
reached,0.555
surrounding,0.555
light,0.554
cows,0.535
gird,0.535
killing,0.535
measuring,0.535
shouted,0.535
sickness,0.535
wear,0.535
letters,0.532
trembling,0.532
cried,0.530
running,0.520
vineyard,0.514
used,0.512
day,0.509
weep,0.508
beat,0.507
compassion,0.504
heed,0.487
abroad,0.482
consent,0.482
design,0.482
discern,0.482
flute,0.482
regarding,0.482
shook,0.482
stream,0.482
void,0.482
watching,0.482
fasting,0.480
perceived,0.480
shade,0.480
adorned,0.478
plots,0.478
defense,0.473
sandals,0.473
thanksgiving,0.473
visit,0.473
bound,0.466
dark,0.460
burden,0.456
road,0.456
cleansed,0.454
flowing,0.454
price,0.454
sidon,0.454
dwelling,0.451
favor,0.448
chose,0.442
heal,0.442
accomplish,0.434
attain,0.434
avenged,0.434
corrupted,0.434
dispersed,0.434
frighten,0.434
mightily,0.434
refuses,0.434
sandal,0.434
sort,0.434
tabernacles,0.434
underfoot,0.434
vintage,0.434
warm,0.434
worm,0.434
come,0.433
raise,0.433
breaking,0.414
burdens,0.414
prisoners,0.414
rebel,0.414
zeal,0.414
feet,0.410
trumpet,0.407
remains,0.406
added,0.405
enters,0.405
persecute,0.405
spot,0.405
watched,0.405
afford,0.399
colors,0.399
dishonest,0.399
distributed,0.399
dull,0.399
firmly,0.399
lacking,0.399
lampstands,0.399
listening,0.399
midnight,0.399
mindful,0.399
rolled,0.399
supplies,0.399
tidings,0.399
count,0.397
worked,0.396
arabia,0.395
arrogance,0.395
belongings,0.395
chase,0.395
chasten,0.395
chastise,0.395
cheek,0.395
consult,0.395
contentious,0.395
creep,0.395
divides,0.395
enduring,0.395
expert,0.395
faded,0.395
flight,0.395
fold,0.395
foul,0.395
foxes,0.395
horrible,0.395
housetops,0.395
infants,0.395
jeconiah,0.395
laughter,0.395
magnify,0.395
mesopotamia,0.395
moth,0.395
naturally,0.395
occasion,0.395
occupation,0.395
overseers,0.395
pen,0.395
plow,0.395
rob,0.395
soil,0.395
stairs,0.395
swept,0.395
tablet,0.395
treachery,0.395
uses,0.395
wasted,0.395
won,0.395
keeps,0.391
turns,0.388
adulteries,0.385
agreements,0.385
ain,0.385
allotment,0.385
arab,0.385
areas,0.385
assistant,0.385
bees,0.385
borrow,0.385
bounds,0.385
brighter,0.385
bruised,0.385
bundle,0.385
cage,0.385
cinnamon,0.385
circuit,0.385
composition,0.385
contemptible,0.385
creditor,0.385
cruelty,0.385
deceptive,0.385
designs,0.385
discernment,0.385
disdained,0.385
dismissed,0.385
dreadfully,0.385
dressed,0.385
eggs,0.385
encircled,0.385
enticed,0.385
entirely,0.385
ewes,0.385
exaltation,0.385
excel,0.385
fattened,0.385
forgets,0.385
grandchildren,0.385
grope,0.385
howl,0.385
impute,0.385
increasingly,0.385
inflicted,0.385
lends,0.385
libya,0.385
licked,0.385
lighter,0.385
lightly,0.385
likened,0.385
marble,0.385
marrow,0.385
melody,0.385
million,0.385
mistreated,0.385
mockers,0.385
obeying,0.385
performs,0.385
petitions,0.385
picked,0.385
pleads,0.385
posts,0.385
proposed,0.385
provoking,0.385
quarters,0.385
quieted,0.385
rains,0.385
ransomed,0.385
ravens,0.385
receded,0.385
reduce,0.385
retained,0.385
rubbish,0.385
scent,0.385
scourges,0.385
seacoast,0.385
seller,0.385
sentence,0.385
separation,0.385
shouts,0.385
smoking,0.385
spider,0.385
spikenard,0.385
stalk,0.385
sway,0.385
thundered,0.385
tie,0.385
trimmed,0.385
uninhabited,0.385
uppermost,0.385
uproot,0.385
victim,0.385
view,0.385
wanders,0.385
watcher,0.385
yearns,0.385
afflicted,0.382
approach,0.382
sown,0.382
counted,0.378
fig,0.378
comfort,0.366
treasury,0.354
provisions,0.339
stayed,0.334
alike,0.332
backs,0.332
breathed,0.332
highest,0.332
sound,0.331
calf,0.324
touch,0.324
adulterers,0.319
advise,0.319
blindness,0.319
childless,0.319
deadly,0.319
departing,0.319
envious,0.319
favorable,0.319
hinder,0.319
lacked,0.319
luxury,0.319
magistrates,0.319
purchased,0.319
rituals,0.319
sanctifies,0.319
serves,0.319
shameful,0.319
smaller,0.319
wandering,0.319
escape,0.317
springs,0.316
burning,0.314
passover,0.314
distressed,0.295
faced,0.295
hunt,0.295
thoroughly,0.295
tithes,0.295
sure,0.288
ran,0.288
suddenly,0.284
theirs,0.282
great,0.282
cup,0.269
ready,0.263
courtyard,0.260
higher,0.260
maidens,0.260
observed,0.260
sakes,0.260
violently,0.260
companions,0.252
naked,0.252
corrupt,0.252
taste,0.252
teaches,0.252
daily,0.250
weeping,0.247
cattle,0.245
departed,0.243
abounding,0.239
abuse,0.239
acknowledged,0.239
ascending,0.239
blown,0.239
boastful,0.239
bowing,0.239
ceiling,0.239
certificate,0.239
contentions,0.239
countrymen,0.239
crowned,0.239
dealing,0.239
defiles,0.239
deputy,0.239
devote,0.239
dipped,0.239
doubtless,0.239
esteem,0.239
exceed,0.239
favored,0.239
getting,0.239
graze,0.239
induced,0.239
kindles,0.239
knit,0.239
leaning,0.239
learning,0.239
linger,0.239
mad,0.239
measures,0.239
nourished,0.239
overshadowed,0.239
pains,0.239
partly,0.239
perfection,0.239
porch,0.239
raging,0.239
rope,0.239
ruling,0.239
scarcely,0.239
sinning,0.239
stooped,0.239
swiftly,0.239
temples,0.239
threats,0.239
touching,0.239
trained,0.239
wage,0.239
worships,0.239
arises,0.236
assigned,0.236
beds,0.236
big,0.236
booty,0.236
burial,0.236
dig,0.236
handle,0.236
hasten,0.236
limits,0.236
tables,0.236
vines,0.236
uncleanness,0.236
air,0.233
night,0.229
joy,0.229
sharp,0.226
virgins,0.226
goods,0.225
sacred,0.224
clothed,0.221
speaks,0.204
bringing,0.203
stars,0.202
people,0.196
rulers,0.196
cloth,0.191
confirm,0.191
embraced,0.191
hiding,0.191
prosperous,0.191
setting,0.191
business,0.191
fullness,0.191
increases,0.191
pagan,0.191
paid,0.185
poverty,0.185
fell,0.182
eats,0.180
burst,0.177
chastened,0.177
clusters,0.177
flaming,0.177
fountains,0.177
futile,0.177
groan,0.177
harlots,0.177
hearted,0.177
hem,0.177
highways,0.177
inform,0.177
intent,0.177
journeys,0.177
lain,0.177
lightnings,0.177
lights,0.177
prize,0.177
prophesying,0.177
prostrated,0.177
rebels,0.177
retain,0.177
scatters,0.177
shadows,0.177
stray,0.177
sum,0.177
cries,0.171
dishonor,0.171
fingers,0.171
honored,0.171
manna,0.171
ruined,0.171
happen,0.167
commandment,0.166
parts,0.162
established,0.160
abolished,0.159
abounded,0.159
accordingly,0.159
adding,0.159
administered,0.159
alienated,0.159
announced,0.159
appease,0.159
assured,0.159
bags,0.159
brotherhood,0.159
buys,0.159
calm,0.159
carving,0.159
cheated,0.159
class,0.159
cost,0.159
daybreak,0.159
delivering,0.159
delivery,0.159
dense,0.159
deputies,0.159
devising,0.159
dine,0.159
discharged,0.159
dishes,0.159
distinguished,0.159
disturbed,0.159
dropped,0.159
eternity,0.159
excluded,0.159
expense,0.159
failing,0.159
favorably,0.159
float,0.159
glutton,0.159
goads,0.159
grieves,0.159
grinding,0.159
growth,0.159
guiding,0.159
heated,0.159
hunting,0.159
injury,0.159
inquiry,0.159
intestines,0.159
kneel,0.159
lied,0.159
loathsome,0.159
longed,0.159
lydia,0.159
maintained,0.159
miss,0.159
missed,0.159
nests,0.159
owners,0.159
performing,0.159
proven,0.159
pursuit,0.159
raising,0.159
redeeming,0.159
related,0.159
salem,0.159
seizes,0.159
selling,0.159
shines,0.159
shoots,0.159
sicknesses,0.159
sleeps,0.159
smallest,0.159
snatch,0.159
soothsayer,0.159
sorceries,0.159
sounds,0.159
springing,0.159
steep,0.159
stormy,0.159
stumbles,0.159
sudden,0.159
suggest,0.159
suit,0.159
sung,0.159
thunders,0.159
ties,0.159
triumphed,0.159
unwise,0.159
vanishes,0.159
vehement,0.159
verge,0.159
wake,0.159
watering,0.159
withstood,0.159
wondered,0.159
mouths,0.149
foolish,0.147
companion,0.142
joined,0.142
confusion,0.136
foolishness,0.136
instructed,0.136
ministered,0.136
carrying,0.134
guards,0.134
priesthood,0.134
serving,0.134
concerning,0.132
women,0.126
bond,0.126
cow,0.126
encouraged,0.126
expectation,0.126
feeding,0.126
pattern,0.126
proceeds,0.126
shone,0.126
toil,0.126
washing,0.126
quickly,0.126
lying,0.123
deceit,0.122
declared,0.122
bar,0.118
bath,0.118
bricks,0.118
busy,0.118
catches,0.118
center,0.118
cheerful,0.118
concealed,0.118
delayed,0.118
dignity,0.118
dissolved,0.118
drunkards,0.118
embrace,0.118
encouragement,0.118
flask,0.118
fulfillment,0.118
generosity,0.118
graciously,0.118
heavily,0.118
humiliated,0.118
infant,0.118
intended,0.118
joints,0.118
judging,0.118
limit,0.118
lineage,0.118
listens,0.118
mail,0.118
nursed,0.118
pouring,0.118
profits,0.118
rainbow,0.118
relied,0.118
rests,0.118
rooms,0.118
shuts,0.118
sorcerers,0.118
survived,0.118
survivors,0.118
tarry,0.118
tooth,0.118
weighs,0.118
withholds,0.118
appears,0.118
bride,0.118
crooked,0.118
mightier,0.118
nursing,0.118
older,0.118
purification,0.118
stature,0.118
talent,0.118
choose,0.115
faces,0.108
bright,0.102
yield,0.102
excellent,0.098
golden,0.098
foundation,0.095
throne,0.095
issued,0.090
strikes,0.090
establish,0.088
disgraced,0.083
solemn,0.083
carefully,0.082
ceased,0.082
lead,0.080
accompanying,0.080
accuser,0.080
adjoining,0.080
adulteresses,0.080
advisors,0.080
afflicting,0.080
afternoon,0.080
aloof,0.080
ambassador,0.080
amethyst,0.080
amounts,0.080
ankles,0.080
ants,0.080
appoints,0.080
asps,0.080
associated,0.080
awaiting,0.080
bandaged,0.080
banishment,0.080
bay,0.080
beats,0.080
blade,0.080
blamelessly,0.080
blaze,0.080
boasted,0.080
boastfully,0.080
brand,0.080
bribery,0.080
brow,0.080
brutal,0.080
bucket,0.080
calmed,0.080
chair,0.080
chargers,0.080
charging,0.080
chastens,0.080
chests,0.080
childbearing,0.080
circulate,0.080
claims,0.080
clearing,0.080
climbs,0.080
coarse,0.080
collecting,0.080
colored,0.080
communicated,0.080
communities,0.080
concluded,0.080
confer,0.080
conquer,0.080
contemptuously,0.080
continuously,0.080
contribution,0.080
conversation,0.080
crimes,0.080
cruelly,0.080
cucumbers,0.080
cultivate,0.080
cummin,0.080
darken,0.080
deaths,0.080
decline,0.080
decorated,0.080
decrease,0.080
defender,0.080
defiant,0.080
delusion,0.080
denounced,0.080
depression,0.080
detain,0.080
directing,0.080
disappeared,0.080
discover,0.080
disfigure,0.080
dismiss,0.080
displace,0.080
distributes,0.080
ditch,0.080
diverted,0.080
dominions,0.080
drowsiness,0.080
eased,0.080
elamites,0.080
eldest,0.080
elevation,0.080
eloquent,0.080
emptiness,0.080
encompass,0.080
enjoying,0.080
escaping,0.080
exchanges,0.080
exchanging,0.080
exiles,0.080
expanded,0.080
expired,0.080
explaining,0.080
expressing,0.080
extensively,0.080
extinguish,0.080
extortioner,0.080
fantasy,0.080
farming,0.080
festival,0.080
fiercely,0.080
finishing,0.080
fires,0.080
fishing,0.080
fitted,0.080
flooded,0.080
foal,0.080
forged,0.080
foster,0.080
fox,0.080
frail,0.080
freed,0.080
gentile,0.080
gestures,0.080
gnashed,0.080
gored,0.080
gorgeously,0.080
grapevine,0.080
gratify,0.080
gravely,0.080
greedily,0.080
groaned,0.080
handled,0.080
hangs,0.080
harbor,0.080
harmonious,0.080
haters,0.080
haughtily,0.080
heaped,0.080
hinders,0.080
imagination,0.080
imprisonment,0.080
indicate,0.080
individual,0.080
inquires,0.080
insisted,0.080
instructor,0.080
insult,0.080
intents,0.080
interpreter,0.080
interpreting,0.080
interprets,0.080
jacinth,0.080
justifies,0.080
ladder,0.080
lasted,0.080
lately,0.080
laud,0.080
lavish,0.080
layers,0.080
leash,0.080
limbs,0.080
limited,0.080
lotus,0.080
malicious,0.080
mash,0.080
matured,0.080
measurement,0.080
meetings,0.080
menservants,0.080
metal,0.080
mixture,0.080
moist,0.080
moisture,0.080
musicians,0.080
mutilation,0.080
nahum,0.080
negligent,0.080
nourishes,0.080
observance,0.080
obviously,0.080
occasions,0.080
offender,0.080
offscouring,0.080
omens,0.080
outran,0.080
overlook,0.080
particular,0.080
partition,0.080
passages,0.080
perjurers,0.080
permanent,0.080
personally,0.080
piles,0.080
plows,0.080
plunge,0.080
plus,0.080
pocket,0.080
pondered,0.080
porches,0.080
positioned,0.080
pound,0.080
prating,0.080
pressing,0.080
prevailing,0.080
probably,0.080
proportion,0.080
punishments,0.080
quakes,0.080
quantities,0.080
rays,0.080
readily,0.080
rebelling,0.080
recently,0.080
recovery,0.080
reformed,0.080
refreshing,0.080
reigning,0.080
renounced,0.080
replenished,0.080
reserve,0.080
retaliate,0.080
retreated,0.080
revere,0.080
reverted,0.080
rewarding,0.080
ribs,0.080
richness,0.080
rip,0.080
ripens,0.080
rites,0.080
rowed,0.080
scourging,0.080
seam,0.080
seared,0.080
sharpens,0.080
sharper,0.080
sheltered,0.080
shorn,0.080
shorter,0.080
shrewdly,0.080
shunned,0.080
sickbed,0.080
slanderer,0.080
snatches,0.080
splendidly,0.080
sprout,0.080
sprouted,0.080
stability,0.080
stained,0.080
stamp,0.080
station,0.080
status,0.080
stings,0.080
stomachs,0.080
stoning,0.080
stoop,0.080
streaks,0.080
stretching,0.080
strips,0.080
studied,0.080
studies,0.080
suitable,0.080
swayed,0.080
talkers,0.080
tempered,0.080
tending,0.080
thanked,0.080
thanksgivings,0.080
tilling,0.080
tips,0.080
training,0.080
treasurer,0.080
truthfully,0.080
tumbled,0.080
tumults,0.080
twist,0.080
unwilling,0.080
venture,0.080
vindication,0.080
violate,0.080
voluntary,0.080
wailed,0.080
wallowed,0.080
wanton,0.080
warped,0.080
warring,0.080
waterpots,0.080
weakest,0.080
weariness,0.080
wedlock,0.080
weighty,0.080
wholesome,0.080
wiping,0.080
worried,0.080
writes,0.080
wrongdoing,0.080
yielding,0.080
yoked,0.080
heard,0.074
betrothed,0.068
chest,0.068
complain,0.068
custody,0.068
elder,0.068
fit,0.068
flying,0.068
fragrance,0.068
harden,0.068
individually,0.068
loaded,0.068
murderer,0.068
nets,0.068
repaid,0.068
tunics,0.068
wars,0.068
watches,0.068
western,0.068
wonder,0.068
flood,0.067
banished,0.067
burdensome,0.067
immoral,0.067
imposed,0.067
lean,0.067
prominent,0.067
prophesies,0.067
roads,0.067
robbers,0.067
special,0.067
throat,0.067
wearing,0.067
yields,0.067
profit,0.067
filled,0.065
send,0.063
hebrew,0.063
breast,0.061
distance,0.061
stirred,0.061
accordance,0.059
adjacent,0.059
adulteress,0.059
allure,0.059
amiss,0.059
annul,0.059
arabian,0.059
arisen,0.059
arrangement,0.059
assign,0.059
attempts,0.059
bathed,0.059
beginnings,0.059
blocks,0.059
box,0.059
bramble,0.059
breed,0.059
brokenhearted,0.059
bundles,0.059
carrion,0.059
cases,0.059
celebrated,0.059
cliff,0.059
clung,0.059
coffin,0.059
coins,0.059
col,0.059
comparable,0.059
cooking,0.059
corrected,0.059
damaged,0.059
daylight,0.059
dearly,0.059
defects,0.059
defended,0.059
denounce,0.059
designer,0.059
differing,0.059
disappears,0.059
discourse,0.059
disdains,0.059
diseased,0.059
displeasing,0.059
districts,0.059
dragnet,0.059
eager,0.059
elderly,0.059
entirety,0.059
estranged,0.059
excels,0.059
exhausted,0.059
exile,0.059
exploit,0.059
expressly,0.059
extortion,0.059
extreme,0.059
ezekiel,0.059
fan,0.059
figure,0.059
fills,0.059
flourishing,0.059
galloping,0.059
gaps,0.059
gloom,0.059
gnashes,0.059
grandmother,0.059
grandsons,0.059
halted,0.059
harness,0.059
hedges,0.059
helps,0.059
history,0.059
hosea,0.059
immanuel,0.059
incident,0.059
incited,0.059
leafy,0.059
leaping,0.059
letting,0.059
lifting,0.059
lines,0.059
lip,0.059
loudly,0.059
marching,0.059
meets,0.059
mist,0.059
mortally,0.059
muzzle,0.059
nineteen,0.059
noisy,0.059
occur,0.059
owned,0.059
owns,0.059
pale,0.059
parade,0.059
perplexity,0.059
pile,0.059
players,0.059
pointed,0.059
ponder,0.059
postponed,0.059
pretended,0.059
proclaiming,0.059
propose,0.059
propped,0.059
purged,0.059
quarreled,0.059
quick,0.059
ravenous,0.059
realizes,0.059
reared,0.059
regain,0.059
remote,0.059
repeated,0.059
reptile,0.059
respected,0.059
restores,0.059
restrains,0.059
rightful,0.059
riverside,0.059
roam,0.059
rough,0.059
rouse,0.059
saliva,0.059
scoff,0.059
scoffers,0.059
sense,0.059
senseless,0.059
services,0.059
shamefully,0.059
sheepfold,0.059
shrewd,0.059
sift,0.059
silenced,0.059
silently,0.059
silversmith,0.059
slack,0.059
snorting,0.059
soundness,0.059
speed,0.059
spots,0.059
stall,0.059
steals,0.059
stirring,0.059
stock,0.059
stores,0.059
strivings,0.059
stuck,0.059
subvert,0.059
successfully,0.059
swaddling,0.059
swallows,0.059
sweat,0.059
sycamore,0.059
tempestuous,0.059
thistles,0.059
threat,0.059
throng,0.059
thunderbolt,0.059
tilled,0.059
total,0.059
trading,0.059
train,0.059
tribal,0.059
tunnel,0.059
twig,0.059
undone,0.059
unexpectedly,0.059
usual,0.059
utmost,0.059
vainly,0.059
wasting,0.059
wealthy,0.059
whip,0.059
wink,0.059
winnowing,0.059
wring,0.059
wrought,0.059
youthful,0.059
zarephath,0.059
shown,0.058
righteous,0.058
chosen,0.055
going,0.053
sign,0.053
ascended,0.049
gathering,0.049
note,0.049
seeks,0.049
giving,0.048
divided,0.048
drinking,0.048
case,0.045
ships,0.045
sixth,0.045
turn,0.045
strike,0.042
begun,0.041
behavior,0.041
serpents,0.041
staying,0.041
tombs,0.041
teach,0.040
presence,0.038
cross,0.033
bondage,0.032
generation,0.031
partiality,0.028
report,0.027
silent,0.027
speech,0.027
grief,0.026
washed,0.026
befall,0.024
chastening,0.024
discouraged,0.024
disgraceful,0.024
establishes,0.024
flattering,0.024
foolishly,0.024
frightened,0.024
goliath,0.024
gushed,0.024
heels,0.024
honors,0.024
hypocrite,0.024
israelite,0.024
joyfully,0.024
longing,0.024
mocks,0.024
narrow,0.024
perishes,0.024
pierced,0.024
provision,0.024
requested,0.024
searches,0.024
seated,0.024
slept,0.024
spit,0.024
wandered,0.024
whisper,0.024
worshipers,0.024
yesterday,0.024
fight,0.024
large,0.024
isaiah,0.022
behalf,0.021
defend,0.021
inasmuch,0.021
understood,0.021
covet,0.020
deserts,0.020
determine,0.020
distribute,0.020
fatted,0.020
filthiness,0.020
harmful,0.020
helping,0.020
revived,0.020
traded,0.020
bear,0.019
pride,0.018
accomplished,0.017
avenge,0.017
binding,0.017
gog,0.017
moves,0.017
pleaded,0.017
utterance,0.017
remembrance,0.016
sanctified,0.016
girded,0.013
labored,0.013
lewdness,0.013
marvelous,0.013
plot,0.013
supply,0.013
dogs,0.011
bracelets,0.011
builders,0.011
chain,0.011
consuming,0.011
finish,0.011
fresh,0.011
game,0.011
labors,0.011
realm,0.011
shaped,0.011
watered,0.011
weigh,0.011
custom,0.010
reap,0.010
produce,0.008
law,0.008
consume,0.007
palm,0.007
vain,0.007
complained,0.007
required,0.007
shelter,0.007
worshiped,0.006
abundantly,0.004
slaughtered,0.004
stronger,0.004
run,0.002
root,0.002
caused,0.002
rejoiced,0.002
endure,0.001
wrote,0.001
sees,0.001
met,0.001
hungry,0.001
humble,0.001
comforted,0.001
married,0.001
sits,0.001
waves,0.001
puts,0.000
necks,0.000
ahead,0.000
bag,0.000
catch,0.000
confirmed,0.000
handed,0.000
herbs,0.000
laugh,0.000
lowest,0.000
ministers,0.000
similar,0.000
treacherous,0.000
urged,0.000
months,0.000
boy,0.000
casts,0.000
disease,0.000
encourage,0.000
feeds,0.000
fuel,0.000
instruct,0.000
office,0.000
recognized,0.000
registered,0.000
ripe,0.000
sunrise,0.000
swears,0.000
swelling,0.000
understands,0.000
darkness,0.000
adulterous,0.000
allies,0.000
announce,0.000
apiece,0.000
arrest,0.000
associates,0.000
barns,0.000
belonging,0.000
blackness,0.000
boasts,0.000
boys,0.000
causing,0.000
collection,0.000
commanders,0.000
compare,0.000
condemns,0.000
cutting,0.000
danced,0.000
deceiver,0.000
directions,0.000
drops,0.000
emerald,0.000
farmer,0.000
fishermen,0.000
graceful,0.000
grind,0.000
heals,0.000
hesitate,0.000
joint,0.000
main,0.000
mix,0.000
pardoned,0.000
physicians,0.000
points,0.000
powder,0.000
precept,0.000
quietly,0.000
reaped,0.000
removes,0.000
rushing,0.000
sardius,0.000
saving,0.000
slander,0.000
sores,0.000
sparks,0.000
swim,0.000
thirsts,0.000
unholy,0.000
unsearchable,0.000
unstable,0.000
vapor,0.000
save,0.000
