token,score
jesus,0.039
israel,0.036
shall,0.032
lord,0.030
king,0.029
ot,0.023
christ,0.021
god,0.018
faith,0.016
muhammad,0.016
judah,0.014
believers,0.014
land,0.014
sons,0.014
certainly,0.013
torment,0.012
house,0.011
things,0.010
david,0.010
believe,0.009
disciples,0.009
says,0.009
hand,0.009
egypt,0.008
unbelievers,0.008
quran,0.008
offering,0.008
revelations,0.007
children,0.007
unjust,0.007
nt,0.007
guidance,0.006
paul,0.006
peter,0.006
son,0.006
suffer,0.006
knowing,0.006
hosts,0.006
deeds,0.006
receive,0.006
angels,0.006
hell,0.006
want,0.005
messenger,0.005
true,0.005
truth,0.005
ask,0.005
revealed,0.005
surely,0.005
john,0.005
having,0.005
evidence,0.005
disbelievers,0.005
reward,0.005
judgment,0.005
cities,0.005
philistines,0.005
burnt,0.005
sword,0.004
heart,0.004
gospel,0.004
created,0.004
levites,0.004
saul,0.004
joshua,0.004
hour,0.004
world,0.004
received,0.004
altar,0.004
think,0.004
babylon,0.004
aaron,0.004
gold,0.004
year,0.004
iniquity,0.004
nations,0.004
wanted,0.004
knows,0.004
say,0.004
favors,0.004
princes,0.004
tabernacle,0.004
immediately,0.004
wants,0.004
set,0.004
forgiving,0.003
wicked,0.003
jerusalem,0.003
men,0.003
paradise,0.003
asked,0.003
worship,0.003
replied,0.003
moab,0.003
silver,0.003
pious,0.003
pharisees,0.003
human,0.003
promise,0.003
ephraim,0.003
patience,0.003
life,0.003
offerings,0.003
grace,0.003
statutes,0.003
dwell,0.003
city,0.003
hearts,0.003
church,0.003
mary,0.003
satan,0.003
jacob,0.003
disbelief,0.003
follow,0.003
daughter,0.003
anger,0.003
thousand,0.003
field,0.003
pagans,0.003
joab,0.003
went,0.003
equal,0.003
worldly,0.003
young,0.003
camp,0.003
kings,0.003
aware,0.003
gilead,0.003
bronze,0.003
simon,0.003
forgiveness,0.003
majestic,0.003
jinn,0.003
religion,0.003
manasseh,0.003
waters,0.003
guardian,0.003
assyria,0.003
righteously,0.003
resurrection,0.003
man,0.003
jews,0.003
repentance,0.003
pass,0.003
cut,0.003
families,0.003
reigned,0.003
existence,0.003
miracles,0.003
month,0.003
sanctuary,0.003
guide,0.002
authority,0.002
tell,0.002
solomon,0.002
merciful,0.002
took,0.002
daughters,0.002
wilderness,0.002
sustenance,0.002
benjamin,0.002
mankind,0.002
war,0.002
north,0.002
grain,0.002
rejected,0.002
ones,0.002
years,0.002
believed,0.002
dwelt,0.002
apostles,0.002
heavens,0.002
assuredly,0.002
preach,0.002
jeremiah,0.002
prayers,0.002
beneficent,0.002
thirty,0.002
cubits,0.002
striving,0.002
deliver,0.002
certain,0.002
edom,0.002
preached,0.002
fathers,0.002
congregation,0.002
like,0.002
days,0.002
zion,0.002
believing,0.002
river,0.002
jonathan,0.002
hezekiah,0.002
midst,0.002
revelation,0.002
according,0.002
painful,0.002
beth,0.002
jeroboam,0.002
deny,0.002
built,0.002
sky,0.002
peoples,0.002
samuel,0.002
spoke,0.002
book,0.002
belief,0.002
fact,0.002
benefit,0.002
jordan,0.002
spirit,0.002
gate,0.002
pilate,0.002
inhabitants,0.002
strength,0.002
bring,0.002
place,0.002
preaching,0.002
bull,0.002
love,0.002
mighty,0.002
priest,0.002
nebuchadnezzar,0.002
granted,0.002
creation,0.002
ark,0.002
desolate,0.002
absalom,0.002
baal,0.002
universe,0.002
ammon,0.002
chariots,0.002
border,0.002
ahab,0.002
behold,0.002
covenant,0.002
shekels,0.002
best,0.002
boat,0.002
galilee,0.002
judgments,0.002
atonement,0.002
means,0.002
meeting,0.002
know,0.002
head,0.002
army,0.002
baptized,0.002
servant,0.002
incense,0.002
mouth,0.002
judea,0.002
wall,0.002
parents,0.002
synagogue,0.002
teacher,0.002
inheritance,0.002
oil,0.002
unless,0.002
tax,0.002
scribes,0.002
doers,0.002
lips,0.002
oh,0.002
happiness,0.002
burned,0.002
wood,0.002
does,0.002
unseen,0.002
south,0.002
devil,0.002
gad,0.002
messengers,0.002
astray,0.002
sufficient,0.002
work,0.002
chaldeans,0.002
sinful,0.002
try,0.002
reason,0.002
hebron,0.002
rams,0.002
selah,0.002
james,0.002
town,0.002
lawful,0.002
old,0.002
tribe,0.002
pillars,0.002
tent,0.001
path,0.001
amorites,0.001
dan,0.001
multitudes,0.001
assembly,0.001
bless,0.001
canaan,0.001
crucified,0.001
herod,0.001
virtue,0.001
brought,0.001
jehoshaphat,0.001
moses,0.001
power,0.001
morning,0.001
eleazar,0.001
sins,0.001
injustice,0.001
livestock,0.001
remnant,0.001
esau,0.001
valley,0.001
witness,0.001
news,0.001
camped,0.001
captivity,0.001
eternal,0.001
dwellers,0.001
exercise,0.001
hardship,0.001
burn,0.001
seven,0.001
sing,0.001
ways,0.001
zedekiah,0.001
egyptians,0.001
east,0.001
bethel,0.001
fine,0.001
sweet,0.001
whomever,0.001
descendants,0.001
abimelech,0.001
fury,0.001
lift,0.001
churches,0.001
philip,0.001
respite,0.001
clear,0.001
numbered,0.001
court,0.001
steadfast,0.001
gods,0.001
lebanon,0.001
captains,0.001
ram,0.001
battle,0.001
terrible,0.001
disbelieve,0.001
manifest,0.001
captive,0.001
places,0.001
glorify,0.001
reuben,0.001
followers,0.001
virtuous,0.001
teaching,0.001
knowledge,0.001
lambs,0.001
group,0.001
hypocrites,0.001
seventh,0.001
demon,0.001
parable,0.001
break,0.001
scripture,0.001
doubt,0.001
forgive,0.001
need,0.001
abner,0.001
jehu,0.001
syrians,0.001
territory,0.001
condemned,0.001
criminals,0.001
heavenly,0.001
piety,0.001
public,0.001
retribution,0.001
unlawful,0.001
worshipped,0.001
fat,0.001
gardens,0.001
daniel,0.001
bashan,0.001
fled,0.001
error,0.001
firstborn,0.001
jehoiada,0.001
mordecai,0.001
waste,0.001
flock,0.001
saved,0.001
considered,0.001
barnabas,0.001
beings,0.001
nazareth,0.001
religious,0.001
wills,0.001
eyes,0.001
possession,0.001
share,0.001
grant,0.001
recompense,0.001
protect,0.001
subject,0.001
houses,0.001
length,0.001
desires,0.001
commanded,0.001
repent,0.001
flocks,0.001
abominations,0.001
walls,0.001
told,0.001
reject,0.001
broken,0.001
groups,0.001
ignore,0.001
prevent,0.001
relations,0.001
reminder,0.001
fall,0.001
abram,0.001
canaanites,0.001
consumed,0.001
samaria,0.001
permission,0.001
worthy,0.001
lost,0.001
marveled,0.001
suffered,0.001
enemies,0.001
flour,0.001
fortified,0.001
laban,0.001
utterly,0.001
story,0.001
gathered,0.001
bounties,0.001
condemnation,0.001
judas,0.001
receiving,0.001
belongs,0.001
width,0.001
famine,0.001
fellow,0.001
articles,0.001
half,0.001
believes,0.001
bore,0.001
control,0.001
crowd,0.001
suffering,0.001
hills,0.001
tents,0.001
rod,0.001
plunder,0.001
goats,0.001
dead,0.001
seventy,0.001
differences,0.001
muslims,0.001
responsible,0.001
tradition,0.001
counsel,0.001
lose,0.001
waiting,0.001
warn,0.001
result,0.001
punishment,0.001
cedar,0.001
gibeah,0.001
blind,0.001
fruits,0.001
offer,0.001
bowed,0.001
came,0.001
priests,0.001
cherubim,0.001
edge,0.001
azariah,0.001
self,0.001
wickedness,0.001
entrance,0.001
conscience,0.001
submitted,0.001
reply,0.001
rachel,0.001
sacrifice,0.001
followed,0.001
consider,0.001
horses,0.001
thanks,0.001
demons,0.001
begot,0.001
shechem,0.001
abomination,0.001
forsake,0.001
testify,0.001
lands,0.001
esther,0.001
joash,0.001
attractive,0.001
disciple,0.001
illustrious,0.001
promises,0.001
scriptures,0.001
supreme,0.001
thamud,0.001
able,0.001
souls,0.001
sight,0.001
far,0.001
miracle,0.001
truthful,0.001
lifted,0.001
knew,0.001
stones,0.001
oxen,0.001
greater,0.001
make,0.001
carved,0.001
leader,0.001
benaiah,0.001
pestilence,0.001
height,0.001
ground,0.001
baptism,0.001
caesar,0.001
carnal,0.001
genuine,0.001
synagogues,0.001
worshipping,0.001
chariot,0.001
images,0.001
plague,0.001
liars,0.001
encamped,0.001
ephod,0.001
build,0.001
lion,0.001
ignorant,0.001
ought,0.001
spoil,0.001
zadok,0.001
stranger,0.001
reveal,0.001
killed,0.001
ephah,0.001
harlotry,0.001
mizpah,0.001
shimei,0.001
obedience,0.001
chambers,0.001
captain,0.001
forsaken,0.001
accuse,0.001
admit,0.001
begged,0.001
clearly,0.001
decided,0.001
disregard,0.001
mystery,0.001
timothy,0.001
members,0.001
recall,0.001
purpose,0.001
kingdoms,0.001
reproach,0.001
voice,0.001
serve,0.001
doctrine,0.001
homes,0.001
caleb,0.001
hadad,0.001
merari,0.001
seir,0.001
wish,0.001
mountains,0.001
victory,0.001
brook,0.001
trespass,0.001
donkeys,0.001
altars,0.001
rested,0.001
buried,0.001
ben,0.001
chronicles,0.001
countries,0.001
jehoiakim,0.001
wooden,0.001
balaam,0.001
meet,0.001
denied,0.001
spiritual,0.001
ad,0.001
example,0.001
lusts,0.001
mosque,0.001
torah,0.001
rock,0.001
horn,0.001
wine,0.001
let,0.001
dew,0.001
fatherless,0.001
gath,0.001
gilgal,0.001
body,0.001
neighbor,0.001
pour,0.001
goat,0.001
died,0.001
breath,0.001
gates,0.001
mortal,0.001
single,0.001
amaziah,0.001
dismayed,0.001
hamath,0.001
ramah,0.001
circumcision,0.001
council,0.001
apostle,0.001
asia,0.001
centurion,0.001
later,0.001
questioned,0.001
subservient,0.001
various,0.001
asher,0.001
threshing,0.001
satisfied,0.001
shield,0.001
sick,0.001
fourth,0.001
elisha,0.001
thing,0.001
arm,0.001
falsehood,0.001
property,0.001
male,0.001
sockets,0.001
gentiles,0.001
bread,0.001
dispute,0.001
experience,0.001
asa,0.001
bulls,0.001
plant,0.001
anointed,0.001
prostrate,0.001
recite,0.001
spend,0.001
warning,0.001
argue,0.001
authoritative,0.001
distinction,0.001
humiliating,0.001
inevitable,0.001
macedonia,0.001
parables,0.001
resurrected,0.001
ai,0.001
beersheba,0.001
gibeon,0.001
herds,0.001
heshbon,0.001
shemaiah,0.001
shiloh,0.001
vanity,0.001
wrong,0.001
reign,0.001
balak,0.001
issachar,0.001
forth,0.001
pieces,0.001
pay,0.001
skin,0.001
magic,0.001
started,0.001
beasts,0.001
line,0.001
plundered,0.001
poles,0.001
shekel,0.001
forever,0.001
ahaz,0.001
nathan,0.001
valor,0.001
josiah,0.001
guides,0.001
defiled,0.001
swore,0.001
drowned,0.001
grants,0.001
invented,0.001
preference,0.001
realize,0.001
gather,0.001
horsemen,0.001
curse,0.001
taken,0.001
caesarea,0.001
islam,0.001
lesson,0.001
mecca,0.001
stern,0.001
supposed,0.001
verses,0.001
mountain,0.001
number,0.001
ahaziah,0.001
bars,0.001
gedaliah,0.001
inhabitant,0.001
molded,0.001
overlaid,0.001
sihon,0.001
tribute,0.001
cursed,0.001
floor,0.001
multiply,0.001
rehoboam,0.001
honey,0.001
job,0.001
mere,0.001
easy,0.001
gains,0.001
loss,0.001
cease,0.001
better,0.001
books,0.001
liar,0.001
warned,0.001
greet,0.001
heap,0.001
iniquities,0.001
acacia,0.001
gatekeepers,0.001
leah,0.001
philistine,0.001
wail,0.001
testimonies,0.001
iron,0.001
patient,0.001
lived,0.001
mount,0.001
hill,0.001
calamity,0.001
naphtali,0.001
lie,0.001
accusation,0.001
admitted,0.001
antioch,0.001
capernaum,0.001
collectors,0.001
doubts,0.001
expect,0.001
mim,0.001
possible,0.001
praiseworthy,0.001
proof,0.001
sexual,0.001
threatened,0.001
ungrateful,0.001
kingdom,0.001
deep,0.001
inner,0.001
ear,0.001
moved,0.001
pit,0.001
noise,0.001
samson,0.001
hananiah,0.001
jezreel,0.001
kirjath,0.001
lovingkindness,0.001
rebekah,0.001
thread,0.001
faithful,0.001
message,0.001
slain,0.001
creatures,0.001
greatest,0.001
given,0.001
continually,0.001
drink,0.001
disputes,0.001
sailed,0.001
trial,0.001
tribulation,0.001
aroused,0.001
prosper,0.001
shout,0.001
spear,0.001
bow,0.001
slaughter,0.001
carried,0.001
began,0.001
instruments,0.001
transgressions,0.001
chamber,0.001
elam,0.001
hilkiah,0.001
hittite,0.001
kadesh,0.001
kid,0.001
micah,0.001
sprinkle,0.001
statute,0.001
stronghold,0.001
valiant,0.001
fool,0.001
charge,0.001
donkey,0.001
create,0.001
achieve,0.001
angelic,0.001
ephesus,0.001
godliness,0.001
greek,0.001
pairs,0.001
puffed,0.001
warner,0.001
tribes,0.001
look,0.001
strong,0.001
affairs,0.001
guided,0.001
wronged,0.001
arise,0.001
heirs,0.001
orphans,0.001
streams,0.001
leaders,0.001
jericho,0.001
rivers,0.001
sheep,0.001
blue,0.001
touches,0.001
prayer,0.001
fulfilled,0.001
ahasuerus,0.001
array,0.001
precepts,0.001
provinces,0.001
ramoth,0.001
shallum,0.001
wife,0.001
flow,0.001
heads,0.001
removed,0.001
service,0.001
trumpets,0.001
marry,0.001
seeing,0.001
aroma,0.001
song,0.001
thousands,0.001
dry,0.001
covered,0.001
person,0.001
door,0.001
flee,0.001
possess,0.001
armed,0.001
awesome,0.001
gideon,0.001
woven,0.001
proper,0.001
spirits,0.001
justice,0.001
mixed,0.001
alif,0.001
baptist,0.001
barrier,0.001
bible,0.001
boasting,0.001
consequences,0.001
crucify,0.001
disbelieved,0.001
dislike,0.001
disobey,0.001
hostility,0.001
ignored,0.001
lam,0.001
manifested,0.001
mislead,0.001
muslim,0.001
nature,0.001
perdition,0.001
rabbi,0.001
rejects,0.001
sadducees,0.001
salih,0.001
spouses,0.001
temptation,0.001
justified,0.001
saints,0.001
doings,0.001
phinehas,0.001
siege,0.001
utensils,0.001
words,0.001
rest,0.001
poor,0.001
face,0.001
camels,0.001
lay,0.001
villages,0.001
youth,0.001
rewards,0.001
ordinance,0.001
arrows,0.001
ox,0.001
zebulun,0.001
soon,0.001
pleasant,0.001
boards,0.001
nun,0.001
pity,0.001
redeemed,0.001
adonijah,0.001
baasha,0.001
darius,0.001
gershon,0.001
heave,0.001
kohath,0.001
nebat,0.001
regular,0.001
shields,0.001
shoulder,0.001
singers,0.001
square,0.001
zeruiah,0.001
exist,0.001
expel,0.001
greeks,0.001
recited,0.001
star,0.001
commit,0.001
sacrifices,0.001
devour,0.001
wings,0.001
inquire,0.001
syria,0.001
tongues,0.001
destroy,0.001
blemish,0.001
just,0.001
mourning,0.001
finished,0.001
harm,0.001
taught,0.001
dug,0.001
thigh,0.001
deserves,0.001
destitute,0.001
ship,0.001
absolute,0.001
alms,0.001
ayb,0.001
betrayed,0.001
christians,0.001
dragon,0.001
examples,0.001
exhort,0.001
festus,0.001
forbearing,0.001
hardships,0.001
indecency,0.001
lazarus,0.001
magdalene,0.001
martha,0.001
partakers,0.001
properly,0.001
prostration,0.001
shu,0.001
submissive,0.001
truthfulness,0.001
ignorance,0.001
help,0.001
named,0.001
question,0.001
sail,0.001
abishai,0.001
amalekites,0.001
arnon,0.001
asaph,0.001
baruch,0.001
cedars,0.001
concubine,0.001
ezra,0.001
johanan,0.001
lachish,0.001
midianites,0.001
persia,0.001
profaned,0.001
require,0.001
shaphan,0.001
whirlwind,0.001
eat,0.001
hope,0.001
cloud,0.001
lions,0.001
guilt,0.001
zechariah,0.001
prayed,0.001
different,0.001
common,0.001
foot,0.001
noah,0.001
doors,0.000
levi,0.000
fifth,0.000
eli,0.000
palaces,0.000
praises,0.000
angry,0.000
amazed,0.000
fornication,0.000
guardians,0.000
openly,0.000
proved,0.000
replace,0.000
sackcloth,0.000
ministry,0.000
achish,0.000
ahijah,0.000
besieged,0.000
carmel,0.000
fortress,0.000
jehoram,0.000
micaiah,0.000
og,0.000
twilight,0.000
windows,0.000
linen,0.000
divide,0.000
maidservant,0.000
deserve,0.000
near,0.000
seeking,0.000
violence,0.000
servants,0.000
forgave,0.000
private,0.000
harlot,0.000
beloved,0.000
entered,0.000
returned,0.000
achaia,0.000
agrippa,0.000
andrew,0.000
evident,0.000
experienced,0.000
hades,0.000
iblis,0.000
magician,0.000
pearls,0.000
persecution,0.000
reform,0.000
rooster,0.000
supper,0.000
titus,0.000
tormented,0.000
trustworthy,0.000
weakness,0.000
deed,0.000
meat,0.000
scarlet,0.000
trouble,0.000
gift,0.000
ashamed,0.000
upright,0.000
crossed,0.000
bird,0.000
eighty,0.000
careful,0.000
consecrate,0.000
fruitful,0.000
royal,0.000
amalek,0.000
ammonites,0.000
counselors,0.000
curtains,0.000
highway,0.000
hooks,0.000
jabesh,0.000
jehoahaz,0.000
machir,0.000
nethaniah,0.000
plains,0.000
shemesh,0.000
sixteen,0.000
stringed,0.000
sinned,0.000
delivered,0.000
grave,0.000
second,0.000
likewise,0.000
marriage,0.000
submit,0.000
raised,0.000
shame,0.000
accused,0.000
disobedience,0.000
fellowship,0.000
leaving,0.000
necessary,0.000
opportunity,0.000
whichever,0.000
high,0.000
calling,0.000
abiathar,0.000
depths,0.000
kind,0.000
offered,0.000
amen,0.000
committing,0.000
weary,0.000
instruction,0.000
neck,0.000
haman,0.000
prince,0.000
tenth,0.000
sinners,0.000
relatives,0.000
ends,0.000
angel,0.000
claim,0.000
unaware,0.000
stand,0.000
telling,0.000
ahikam,0.000
baals,0.000
borders,0.000
carts,0.000
cherub,0.000
conspired,0.000
elkanah,0.000
en,0.000
hin,0.000
hittites,0.000
integrity,0.000
maaseiah,0.000
pronounce,0.000
redeemer,0.000
seer,0.000
sisera,0.000
terebinth,0.000
vestibule,0.000
watchman,0.000
wheels,0.000
wickedly,0.000
simeon,0.000
praise,0.000
activities,0.000
agree,0.000
apollos,0.000
arabic,0.000
asunder,0.000
bounty,0.000
chapter,0.000
chaste,0.000
cornelius,0.000
devils,0.000
devout,0.000
disputed,0.000
edification,0.000
epistle,0.000
exists,0.000
greeting,0.000
inevitably,0.000
iscariot,0.000
lake,0.000
legends,0.000
loses,0.000
malice,0.000
pharisee,0.000
reasoned,0.000
remind,0.000
rent,0.000
silas,0.000
successors,0.000
thomas,0.000
travelled,0.000
unbelief,0.000
worshippers,0.000
zakat,0.000
today,0.000
gateway,0.000
governors,0.000
incline,0.000
false,0.000
abundance,0.000
sister,0.000
heritage,0.000
wept,0.000
enjoy,0.000
glad,0.000
free,0.000
word,0.000
countenance,0.000
eaten,0.000
doing,0.000
helper,0.000
desolation,0.000
execute,0.000
forest,0.000
gladness,0.000
pillar,0.000
boldly,0.000
forgives,0.000
abigail,0.000
acted,0.000
cakes,0.000
cruel,0.000
cyrus,0.000
ekron,0.000
freewill,0.000
hanan,0.000
hazael,0.000
hiram,0.000
jebusites,0.000
jeshua,0.000
nadab,0.000
naomi,0.000
pan,0.000
shushan,0.000
timber,0.000
valuation,0.000
youngest,0.000
abides,0.000
decreed,0.000
travel,0.000
streets,0.000
devoured,0.000
stretch,0.000
fierce,0.000
queen,0.000
red,0.000
scribe,0.000
base,0.000
hundreds,0.000
jephthah,0.000
lad,0.000
uriah,0.000
weapons,0.000
murder,0.000
tried,0.000
asking,0.000
especially,0.000
enter,0.000
betray,0.000
disobedient,0.000
immorality,0.000
mind,0.000
acts,0.000
walked,0.000
hear,0.000
trees,0.000
harp,0.000
inhabited,0.000
coming,0.000
blood,0.000
jesse,0.000
despised,0.000
begotten,0.000
contrary,0.000
escaped,0.000
horns,0.000
oath,0.000
measured,0.000
asahel,0.000
ashdod,0.000
athaliah,0.000
doorposts,0.000
eastward,0.000
hazor,0.000
horeb,0.000
hur,0.000
ithamar,0.000
jackals,0.000
nabal,0.000
naboth,0.000
nebuzaradan,0.000
ner,0.000
obadiah,0.000
repairs,0.000
rimmon,0.000
sheol,0.000
signet,0.000
spears,0.000
succoth,0.000
soul,0.000
ananias,0.000
barabbas,0.000
blamed,0.000
brass,0.000
caiaphas,0.000
challenge,0.000
decides,0.000
desiring,0.000
explains,0.000
greetings,0.000
hypocrisy,0.000
island,0.000
lawless,0.000
legacy,0.000
munificent,0.000
ra,0.000
real,0.000
resist,0.000
seduce,0.000
unbelieving,0.000
victorious,0.000
zacharias,0.000
zebedee,0.000
eunuchs,0.000
account,0.000
hearing,0.000
portion,0.000
restore,0.000
vineyards,0.000
rejoice,0.000
absent,0.000
disobeyed,0.000
inspired,0.000
powers,0.000
privately,0.000
warnings,0.000
strive,0.000
commandments,0.000
gone,0.000
pray,0.000
rose,0.000
disgrace,0.000
elect,0.000
slave,0.000
enjoyment,0.000
falling,0.000
amnon,0.000
anathoth,0.000
aram,0.000
citadel,0.000
coastlands,0.000
concubines,0.000
customary,0.000
cymbals,0.000
cypress,0.000
district,0.000
elah,0.000
ham,0.000
jebusite,0.000
jehoash,0.000
keilah,0.000
leprous,0.000
libnah,0.000
lowland,0.000
maid,0.000
meshullam,0.000
moabites,0.000
perizzites,0.000
pot,0.000
pronounced,0.000
rebuilt,0.000
tarshish,0.000
tirzah,0.000
uncover,0.000
uzziel,0.000
woods,0.000
glorified,0.000
cords,0.000
joram,0.000
perpetual,0.000
beware,0.000
beauty,0.000
harvest,0.000
affliction,0.000
water,0.000
fought,0.000
heeded,0.000
supplication,0.000
tremble,0.000
hired,0.000
snare,0.000
purple,0.000
search,0.000
yoke,0.000
tore,0.000
west,0.000
support,0.000
maintain,0.000
mocked,0.000
possessed,0.000
open,0.000
forbid,0.000
noble,0.000
loud,0.000
abode,0.000
ages,0.000
appointment,0.000
bondservants,0.000
charity,0.000
conjecture,0.000
determines,0.000
disbelieving,0.000
dominant,0.000
elizabeth,0.000
excuses,0.000
ha,0.000
impossible,0.000
intention,0.000
lawlessness,0.000
mansions,0.000
neglected,0.000
obstacles,0.000
overcomes,0.000
rome,0.000
spending,0.000
tares,0.000
village,0.000
worry,0.000
zachariah,0.000
barley,0.000
dried,0.000
low,0.000
prey,0.000
sabbaths,0.000
evil,0.000
adam,0.000
receives,0.000
working,0.000
ahimelech,0.000
ahithophel,0.000
armorbearer,0.000
aroer,0.000
backward,0.000
bare,0.000
beams,0.000
bone,0.000
capitals,0.000
delights,0.000
dread,0.000
eliab,0.000
firmament,0.000
furnishings,0.000
hermon,0.000
jearim,0.000
jephunneh,0.000
kohathites,0.000
maachah,0.000
michal,0.000
nebo,0.000
nostrils,0.000
posterity,0.000
rabshakeh,0.000
section,0.000
seraiah,0.000
split,0.000
uncle,0.000
uprightness,0.000
standing,0.000
fro,0.000
fields,0.000
mercies,0.000
act,0.000
folly,0.000
rings,0.000
goodness,0.000
garments,0.000
ascribe,0.000
payment,0.000
protection,0.000
records,0.000
happened,0.000
unclean,0.000
allowed,0.000
despair,0.000
evenings,0.000
final,0.000
friendship,0.000
grateful,0.000
mornings,0.000
regret,0.000
sufferings,0.000
wedding,0.000
cause,0.000
bones,0.000
spent,0.000
avoid,0.000
benefits,0.000
couches,0.000
girls,0.000
insane,0.000
meaning,0.000
mentioned,0.000
orders,0.000
putting,0.000
teachers,0.000
mercy,0.000
conduct,0.000
corruption,0.000
girl,0.000
offense,0.000
way,0.000
dust,0.000
accept,0.000
idols,0.000
sat,0.000
healed,0.000
commands,0.000
israelites,0.000
endures,0.000
good,0.000
cover,0.000
promised,0.000
pursued,0.000
sacrificed,0.000
wide,0.000
clean,0.000
dedicated,0.000
gaza,0.000
jotham,0.000
music,0.000
roar,0.000
abed,0.000
ahimaaz,0.000
ahitub,0.000
amorite,0.000
artaxerxes,0.000
banner,0.000
bathe,0.000
bela,0.000
brooks,0.000
carcasses,0.000
deer,0.000
eglon,0.000
elishama,0.000
gadites,0.000
goshen,0.000
gray,0.000
hivites,0.000
hor,0.000
meshach,0.000
mortar,0.000
native,0.000
nego,0.000
nethanel,0.000
nethinim,0.000
omri,0.000
overlay,0.000
portions,0.000
reubenites,0.000
rode,0.000
row,0.000
satraps,0.000
shadrach,0.000
sidonians,0.000
stricken,0.000
stubble,0.000
terrors,0.000
threshold,0.000
unintentionally,0.000
wholly,0.000
ziba,0.000
cubit,0.000
faithfulness,0.000
province,0.000
provoked,0.000
wave,0.000
rebuke,0.000
stretched,0.000
ancient,0.000
stood,0.000
creator,0.000
crying,0.000
times,0.000
majesty,0.000
evening,0.000
redeem,0.000
expelled,0.000
obtain,0.000
persecuted,0.000
tempted,0.000
appeal,0.000
bethany,0.000
bewitched,0.000
bondservant,0.000
bottomless,0.000
charitable,0.000
cilicia,0.000
containing,0.000
corn,0.000
destructive,0.000
disputing,0.000
earthly,0.000
encompasses,0.000
entrusted,0.000
exempt,0.000
exhortation,0.000
expiate,0.000
fatigue,0.000
felix,0.000
females,0.000
foods,0.000
germ,0.000
gnashing,0.000
hud,0.000
incurred,0.000
independent,0.000
infirmities,0.000
mature,0.000
misled,0.000
motionless,0.000
mustard,0.000
persecuting,0.000
perseverance,0.000
pregnant,0.000
prohibited,0.000
quarrelsome,0.000
reasonable,0.000
remission,0.000
simply,0.000
soldier,0.000
steadfastness,0.000
stephen,0.000
surname,0.000
term,0.000
visible,0.000
watchful,0.000
attention,0.000
camel,0.000
reach,0.000
worse,0.000
testimony,0.000
defile,0.000
rebelled,0.000
scatter,0.000
friends,0.000
brethren,0.000
accepted,0.000
honorable,0.000
abandoned,0.000
baby,0.000
compassionate,0.000
gladly,0.000
marvel,0.000
natural,0.000
original,0.000
parties,0.000
translated,0.000
unjustly,0.000
vast,0.000
wombs,0.000
worst,0.000
settle,0.000
transgressors,0.000
exalt,0.000
looks,0.000
uzziah,0.000
amon,0.000
contend,0.000
kish,0.000
lamentation,0.000
officer,0.000
shoot,0.000
treacherously,0.000
twelfth,0.000
zerah,0.000
precious,0.000
early,0.000
captives,0.000
closer,0.000
divine,0.000
mocking,0.000
party,0.000
urge,0.000
wishes,0.000
delight,0.000
wild,0.000
abhorred,0.000
abinadab,0.000
alien,0.000
amasa,0.000
boundary,0.000
cake,0.000
canaanite,0.000
cart,0.000
companies,0.000
creeps,0.000
despises,0.000
edomites,0.000
eliashib,0.000
geba,0.000
hadadezer,0.000
hallow,0.000
hangings,0.000
hazar,0.000
hooves,0.000
horon,0.000
jehiel,0.000
jehoiachin,0.000
laver,0.000
mahanaim,0.000
manoah,0.000
mephibosheth,0.000
northward,0.000
oppressor,0.000
pastures,0.000
peor,0.000
petition,0.000
rabbah,0.000
rear,0.000
rechab,0.000
remaliah,0.000
sarai,0.000
sash,0.000
screen,0.000
shephatiah,0.000
snares,0.000
southern,0.000
tobiah,0.000
westward,0.000
withheld,0.000
goes,0.000
salvation,0.000
matters,0.000
feasts,0.000
forces,0.000
vow,0.000
milk,0.000
severe,0.000
fear,0.000
covering,0.000
disaster,0.000
choice,0.000
sarah,0.000
sheba,0.000
divorce,0.000
obtained,0.000
record,0.000
strange,0.000
pharaoh,0.000
stay,0.000
write,0.000
written,0.000
asleep,0.000
invite,0.000
plotted,0.000
powerful,0.000
prophecy,0.000
vengeance,0.000
defeated,0.000
draw,0.000
isaac,0.000
joseph,0.000
boaz,0.000
obed,0.000
ruins,0.000
scales,0.000
treasuries,0.000
entrails,0.000
jezebel,0.000
repaired,0.000
strongholds,0.000
weak,0.000
abraham,0.000
feel,0.000
jew,0.000
creature,0.000
triumph,0.000
poured,0.000
arose,0.000
haste,0.000
despite,0.000
prisoner,0.000
knees,0.000
oppress,0.000
oppression,0.000
acquired,0.000
ah,0.000
amoz,0.000
amram,0.000
ashkelon,0.000
astonishment,0.000
backsliding,0.000
bani,0.000
boughs,0.000
defect,0.000
dibon,0.000
ebed,0.000
eliphaz,0.000
ezer,0.000
flies,0.000
gateposts,0.000
gazelle,0.000
gezer,0.000
glean,0.000
haggai,0.000
hannah,0.000
hashabiah,0.000
heman,0.000
herb,0.000
heth,0.000
iddo,0.000
impurity,0.000
ishbosheth,0.000
japheth,0.000
jeduthun,0.000
jerubbaal,0.000
kareah,0.000
kedar,0.000
kedesh,0.000
mahli,0.000
manslayer,0.000
mattaniah,0.000
miriam,0.000
mirth,0.000
ointment,0.000
oracle,0.000
overthrown,0.000
pitched,0.000
prospered,0.000
regularly,0.000
remainder,0.000
riblah,0.000
sennacherib,0.000
tenths,0.000
weeks,0.000
zichri,0.000
continue,0.000
animal,0.000
corners,0.000
ability,0.000
persuaded,0.000
awake,0.000
breaks,0.000
consecrated,0.000
shepherds,0.000
spices,0.000
fallen,0.000
swear,0.000
served,0.000
steps,0.000
vine,0.000
wealth,0.000
boast,0.000
fragrant,0.000
neglect,0.000
produced,0.000
reckoning,0.000
absence,0.000
accounts,0.000
address,0.000
al,0.000
animosity,0.000
aquila,0.000
argument,0.000
authorities,0.000
baptize,0.000
baptizing,0.000
barracks,0.000
beelzebub,0.000
bellies,0.000
bethsaida,0.000
boats,0.000
caravan,0.000
cephas,0.000
chastity,0.000
collector,0.000
commend,0.000
denarii,0.000
denarius,0.000
deserved,0.000
destination,0.000
encompassed,0.000
endured,0.000
farms,0.000
glass,0.000
granting,0.000
hajj,0.000
humiliate,0.000
intimate,0.000
invents,0.000
nathanael,0.000
nearer,0.000
owe,0.000
paralytic,0.000
philippi,0.000
planned,0.000
praetorium,0.000
precinct,0.000
predestined,0.000
preferred,0.000
prevented,0.000
reality,0.000
recline,0.000
reconciled,0.000
refer,0.000
renounce,0.000
resurrect,0.000
romans,0.000
seats,0.000
sect,0.000
senses,0.000
sincerely,0.000
sober,0.000
statement,0.000
statements,0.000
steadfastly,0.000
supposing,0.000
suppressed,0.000
thessalonica,0.000
torments,0.000
unbeliever,0.000
uncircumcision,0.000
unfruitful,0.000
accepts,0.000
boldness,0.000
destined,0.000
existed,0.000
faithless,0.000
protected,0.000
sir,0.000
start,0.000
submission,0.000
sent,0.000
holy,0.000
passing,0.000
anymore,0.000
aloud,0.000
faint,0.000
hewn,0.000
levite,0.000
shut,0.000
wash,0.000
hate,0.000
paths,0.000
bands,0.000
correction,0.000
heaps,0.000
maker,0.000
nahor,0.000
outstretched,0.000
reaches,0.000
snow,0.000
standard,0.000
stolen,0.000
tamar,0.000
prepare,0.000
confident,0.000
doomed,0.000
learned,0.000
rightly,0.000
divisions,0.000
grapes,0.000
foreign,0.000
nakedness,0.000
vows,0.000
makes,0.000
death,0.000
borne,0.000
passes,0.000
causes,0.000
adar,0.000
arabah,0.000
attached,0.000
badger,0.000
banquet,0.000
barzillai,0.000
beriah,0.000
bilhah,0.000
byword,0.000
convocation,0.000
cord,0.000
cuts,0.000
debir,0.000
delicacies,0.000
dim,0.000
dungeon,0.000
earrings,0.000
eighteenth,0.000
entire,0.000
ephron,0.000
gehazi,0.000
hammered,0.000
hanun,0.000
heber,0.000
hinnom,0.000
hivite,0.000
hoshea,0.000
immer,0.000
included,0.000
jair,0.000
jazer,0.000
jeiel,0.000
jubilee,0.000
kenaz,0.000
kidneys,0.000
liver,0.000
locust,0.000
moons,0.000
neriah,0.000
network,0.000
ophir,0.000
padan,0.000
pashhur,0.000
pekah,0.000
perverted,0.000
presents,0.000
rephaim,0.000
rezin,0.000
robbed,0.000
ruled,0.000
space,0.000
tabor,0.000
teman,0.000
thirteenth,0.000
trimmers,0.000
turban,0.000
vashti,0.000
vowed,0.000
weaver,0.000
wisely,0.000
wondrous,0.000
yearly,0.000
ziklag,0.000
zimri,0.000
zobah,0.000
innocent,0.000
unleavened,0.000
sealed,0.000
willing,0.000
image,0.000
cast,0.000
country,0.000
males,0.000
olive,0.000
abijah,0.000
eagle,0.000
foreigner,0.000
fourteenth,0.000
praised,0.000
remaining,0.000
trembled,0.000
longsuffering,0.000
lust,0.000
sleeping,0.000
ishmael,0.000
virgin,0.000
deaf,0.000
praying,0.000
arrow,0.000
bows,0.000
ethiopia,0.000
fifteenth,0.000
habitation,0.000
ring,0.000
rows,0.000
shem,0.000
observe,0.000
courts,0.000
fountain,0.000
genealogy,0.000
salt,0.000
grass,0.000
remove,0.000
bed,0.000
attacked,0.000
vessels,0.000
right,0.000
age,0.000
ordained,0.000
works,0.000
blame,0.000
blasphemy,0.000
confirms,0.000
considering,0.000
fearing,0.000
intercession,0.000
minded,0.000
relieved,0.000
shortly,0.000
prophesy,0.000
spoken,0.000
drove,0.000
horse,0.000
approaches,0.000
arabs,0.000
cares,0.000
compelled,0.000
decked,0.000
demanded,0.000
fragments,0.000
gabriel,0.000
knowingly,0.000
silk,0.000
torn,0.000
abihu,0.000
aijalon,0.000
amariah,0.000
ammonite,0.000
anah,0.000
anakim,0.000
archers,0.000
barnea,0.000
bathsheba,0.000
benjamites,0.000
bezalel,0.000
bribes,0.000
brick,0.000
camps,0.000
consecration,0.000
corpses,0.000
dagon,0.000
deborah,0.000
dedan,0.000
derision,0.000
devouring,0.000
diminish,0.000
discretion,0.000
dispossess,0.000
dreamed,0.000
elihu,0.000
enan,0.000
engraved,0.000
eyelids,0.000
failed,0.000
fatty,0.000
flowers,0.000
gaal,0.000
gerar,0.000
grasping,0.000
hanani,0.000
hepher,0.000
honest,0.000
hurried,0.000
hushai,0.000
jeroham,0.000
jonadab,0.000
jozabad,0.000
kir,0.000
lobe,0.000
malchijah,0.000
mamre,0.000
mediums,0.000
melted,0.000
meshech,0.000
michmash,0.000
milcah,0.000
mourns,0.000
onyx,0.000
outsider,0.000
overflowing,0.000
overtook,0.000
panels,0.000
paran,0.000
philistia,0.000
plucked,0.000
rehob,0.000
riddle,0.000
sack,0.000
sanballat,0.000
scorn,0.000
shelemiah,0.000
shobal,0.000
soles,0.000
southward,0.000
tekoa,0.000
thirteen,0.000
tonight,0.000
troop,0.000
twentieth,0.000
uphold,0.000
zephaniah,0.000
zin,0.000
soldiers,0.000
abound,0.000
devoted,0.000
sounded,0.000
abhor,0.000
assemble,0.000
bloodshed,0.000
genealogies,0.000
heights,0.000
rises,0.000
shoulders,0.000
summer,0.000
tread,0.000
sanctify,0.000
tower,0.000
transgressed,0.000
deceived,0.000
guard,0.000
afar,0.000
refuse,0.000
adoption,0.000
alexander,0.000
alphaeus,0.000
amnesty,0.000
approaching,0.000
aristarchus,0.000
attributes,0.000
babies,0.000
based,0.000
begins,0.000
believer,0.000
blindly,0.000
blissful,0.000
cheer,0.000
conveyed,0.000
corinth,0.000
corruptible,0.000
cradle,0.000
criteria,0.000
crows,0.000
dates,0.000
deacons,0.000
debtors,0.000
deliberately,0.000
denies,0.000
desist,0.000
deviate,0.000
diana,0.000
disbeliever,0.000
disqualified,0.000
dissension,0.000
distant,0.000
doctrines,0.000
drag,0.000
earnest,0.000
election,0.000
excessive,0.000
fluid,0.000
forbids,0.000
gaius,0.000
galatia,0.000
hardness,0.000
helpful,0.000
herodias,0.000
hostile,0.000
hours,0.000
immediate,0.000
immortal,0.000
incorruptible,0.000
indecent,0.000
indulged,0.000
infirmity,0.000
insulted,0.000
intently,0.000
intercessors,0.000
joses,0.000
keys,0.000
laodicea,0.000
lawyers,0.000
livelihood,0.000
lystra,0.000
matthew,0.000
medina,0.000
messengerss,0.000
moderate,0.000
necessity,0.000
niggardly,0.000
oceans,0.000
orbit,0.000
pamphylia,0.000
paralyzed,0.000
persist,0.000
preaches,0.000
prevents,0.000
previous,0.000
principalities,0.000
priscilla,0.000
proofs,0.000
protector,0.000
recitation,0.000
reclining,0.000
reminders,0.000
replaced,0.000
roman,0.000
sanctification,0.000
satans,0.000
sects,0.000
shirt,0.000
showered,0.000
soloman,0.000
spat,0.000
suffers,0.000
supporters,0.000
tetrarch,0.000
tolerable,0.000
traditions,0.000
troas,0.000
tychicus,0.000
vehemently,0.000
willed,0.000
worlds,0.000
die,0.000
furnace,0.000
grown,0.000
perverse,0.000
tender,0.000
valleys,0.000
woe,0.000
righteousness,0.000
complete,0.000
purify,0.000
short,0.000
testified,0.000
tongue,0.000
beast,0.000
boil,0.000
broad,0.000
duties,0.000
eber,0.000
forevermore,0.000
joel,0.000
overthrow,0.000
rods,0.000
sore,0.000
unfaithful,0.000
upward,0.000
understand,0.000
change,0.000
heaven,0.000
devoid,0.000
recompensed,0.000
really,0.000
winds,0.000
greatness,0.000
weight,0.000
boiling,0.000
revenge,0.000
clothes,0.000
living,0.000
woman,0.000
accord,0.000
minds,0.000
corner,0.000
proverb,0.000
safety,0.000
troops,0.000
zerubbabel,0.000
branch,0.000
risen,0.000
hard,0.000
feed,0.000
executed,0.000
merchants,0.000
overtake,0.000
abdon,0.000
adullam,0.000
ammihud,0.000
aphek,0.000
area,0.000
artistic,0.000
asaiah,0.000
assyrians,0.000
astrologers,0.000
axes,0.000
baker,0.000
beget,0.000
belteshazzar,0.000
bethuel,0.000
blesses,0.000
butler,0.000
carmi,0.000
cherethites,0.000
cush,0.000
declares,0.000
devises,0.000
dictates,0.000
diminished,0.000
dinah,0.000
dor,0.000
ehud,0.000
eliel,0.000
emptied,0.000
equity,0.000
feasting,0.000
geber,0.000
gera,0.000
geshur,0.000
giants,0.000
gifted,0.000
gileadite,0.000
harim,0.000
hides,0.000
isolate,0.000
jabin,0.000
jachin,0.000
jedaiah,0.000
jerimoth,0.000
jethro,0.000
jeush,0.000
jobab,0.000
lifts,0.000
maacah,0.000
makkedah,0.000
melech,0.000
menahem,0.000
meribah,0.000
mishael,0.000
molding,0.000
mound,0.000
mule,0.000
mushi,0.000
mustered,0.000
nahash,0.000
noonday,0.000
northern,0.000
oversight,0.000
overthrew,0.000
overwhelmed,0.000
owl,0.000
peaceably,0.000
peg,0.000
pisgah,0.000
pours,0.000
preserves,0.000
proclamation,0.000
proverbs,0.000
quiver,0.000
raisins,0.000
raw,0.000
rebukes,0.000
recovered,0.000
reeds,0.000
relented,0.000
reuel,0.000
sacks,0.000
saddled,0.000
scoffer,0.000
seventeen,0.000
shaft,0.000
shamed,0.000
shammah,0.000
sheaves,0.000
shelomith,0.000
shunammite,0.000
sigh,0.000
slayer,0.000
soothsayers,0.000
speckled,0.000
steeds,0.000
stick,0.000
stubborn,0.000
timnah,0.000
tops,0.000
tubal,0.000
unfaithfulness,0.000
urijah,0.000
watchmen,0.000
wing,0.000
zalmunna,0.000
zebadiah,0.000
zebah,0.000
zelophehad,0.000
ziph,0.000
zorah,0.000
end,0.000
deceive,0.000
hold,0.000
confidence,0.000
fighting,0.000
thank,0.000
saying,0.000
yes,0.000
ashes,0.000
bethlehem,0.000
arms,0.000
nobles,0.000
preserve,0.000
finally,0.000
nearby,0.000
produces,0.000
testifies,0.000
thinks,0.000
rebellion,0.000
officers,0.000
ascent,0.000
bribe,0.000
curses,0.000
eliezer,0.000
naaman,0.000
pangs,0.000
recover,0.000
chains,0.000
godly,0.000
questions,0.000
stories,0.000
broke,0.000
mention,0.000
test,0.000
thrown,0.000
tomb,0.000
struck,0.000
husbands,0.000
brings,0.000
garment,0.000
womb,0.000
conceived,0.000
adversaries,0.000
anoint,0.000
uncovered,0.000
wind,0.000
approved,0.000
bearer,0.000
blazing,0.000
blinded,0.000
convinced,0.000
dear,0.000
deceased,0.000
divorces,0.000
effective,0.000
exercised,0.000
express,0.000
headlong,0.000
loan,0.000
member,0.000
partner,0.000
perfected,0.000
reconciliation,0.000
relieve,0.000
totally,0.000
tribulations,0.000
persons,0.000
planted,0.000
possessions,0.000
instead,0.000
fully,0.000
drive,0.000
live,0.000
bosom,0.000
building,0.000
outer,0.000
played,0.000
asks,0.000
masters,0.000
discharge,0.000
euphrates,0.000
furious,0.000
haran,0.000
pasture,0.000
perez,0.000
ruin,0.000
simple,0.000
songs,0.000
spy,0.000
surround,0.000
towers,0.000
weighed,0.000
window,0.000
wonderful,0.000
coals,0.000
kindled,0.000
memorial,0.000
singing,0.000
visions,0.000
remembered,0.000
dealt,0.000
shake,0.000
condemn,0.000
graves,0.000
savior,0.000
abyss,0.000
access,0.000
achieved,0.000
addressed,0.000
admonition,0.000
adopt,0.000
affirm,0.000
aground,0.000
alpha,0.000
alternation,0.000
anchors,0.000
annas,0.000
annoy,0.000
appearing,0.000
appreciating,0.000
arrested,0.000
arrogantly,0.000
ascertain,0.000
athens,0.000
atom,0.000
attitude,0.000
babe,0.000
badr,0.000
baggage,0.000
bargain,0.000
bartholomew,0.000
betrayer,0.000
brocade,0.000
brotherly,0.000
changers,0.000
choked,0.000
citizen,0.000
clubs,0.000
collect,0.000
composed,0.000
confederate,0.000
conformed,0.000
constant,0.000
constructed,0.000
consultation,0.000
contract,0.000
covenants,0.000
covetous,0.000
creating,0.000
crete,0.000
crowed,0.000
dealings,0.000
defraud,0.000
denying,0.000
description,0.000
dhu,0.000
difficulties,0.000
disorderly,0.000
distinct,0.000
distribution,0.000
divinely,0.000
doubtful,0.000
doubting,0.000
earned,0.000
elements,0.000
emergency,0.000
engulf,0.000
equality,0.000
expiation,0.000
explanation,0.000
extremely,0.000
fables,0.000
farewell,0.000
footed,0.000
forbidding,0.000
funds,0.000
furnished,0.000
galileans,0.000
gambling,0.000
glorifying,0.000
greed,0.000
guarantee,0.000
guest,0.000
harmed,0.000
hearers,0.000
hosanna,0.000
idolater,0.000
ignores,0.000
imitate,0.000
immortality,0.000
incorruption,0.000
increasing,0.000
induce,0.000
information,0.000
invention,0.000
invisible,0.000
kindred,0.000
laborer,0.000
lawfully,0.000
loosing,0.000
majority,0.000
marital,0.000
meekness,0.000
mistake,0.000
murdering,0.000
mysteries,0.000
neglectful,0.000
obligation,0.000
omega,0.000
originator,0.000
partners,0.000
pertain,0.000
planning,0.000
poet,0.000
pontius,0.000
pork,0.000
pre,0.000
predecessors,0.000
prefer,0.000
principles,0.000
proconsul,0.000
prophethood,0.000
propitiation,0.000
protects,0.000
punishing,0.000
qarnayn,0.000
quarrelling,0.000
rebelliousness,0.000
recipient,0.000
reforms,0.000
reminded,0.000
reminding,0.000
repenting,0.000
repents,0.000
resisted,0.000
sailing,0.000
samaritan,0.000
satanic,0.000
sexually,0.000
silvanus,0.000
sized,0.000
slightest,0.000
sperm,0.000
spitefully,0.000
sternly,0.000
stewardship,0.000
stingy,0.000
straying,0.000
strengthening,0.000
strove,0.000
superiority,0.000
suspicions,0.000
tarsus,0.000
temporary,0.000
therefrom,0.000
thyatira,0.000
trellises,0.000
types,0.000
uncertain,0.000
unite,0.000
unnecessary,0.000
untouched,0.000
unworthy,0.000
zaqqum,0.000
colt,0.000
difficult,0.000
difficulty,0.000
exposed,0.000
guests,0.000
idle,0.000
reading,0.000
regions,0.000
testing,0.000
drank,0.000
liberty,0.000
plainly,0.000
practice,0.000
shining,0.000
achbor,0.000
adah,0.000
adaiah,0.000
ahinoam,0.000
akkub,0.000
anak,0.000
apple,0.000
araunah,0.000
arba,0.000
archways,0.000
aven,0.000
azekah,0.000
baanah,0.000
baldness,0.000
beer,0.000
belshazzar,0.000
benjamite,0.000
bichri,0.000
bloodthirsty,0.000
boiled,0.000
booths,0.000
bozrah,0.000
ceases,0.000
chebar,0.000
chemosh,0.000
clefts,0.000
cloven,0.000
couch,0.000
cubs,0.000
cud,0.000
delaiah,0.000
desolations,0.000
diviners,0.000
doorkeepers,0.000
doorway,0.000
drives,0.000
drought,0.000
dyed,0.000
ebal,0.000
edrei,0.000
elioenai,0.000
elon,0.000
enclosed,0.000
eshtaol,0.000
examines,0.000
executes,0.000
folds,0.000
frames,0.000
gershonites,0.000
hastened,0.000
hastens,0.000
hiss,0.000
hissing,0.000
hormah,0.000
izhar,0.000
jahath,0.000
jarmuth,0.000
javan,0.000
jehozadak,0.000
jeshaiah,0.000
jether,0.000
jewels,0.000
jezreelite,0.000
joah,0.000
kenites,0.000
laish,0.000
mareshah,0.000
mattithiah,0.000
meditation,0.000
megiddo,0.000
melts,0.000
millo,0.000
molech,0.000
nazirite,0.000
ophrah,0.000
ornan,0.000
paneled,0.000
parched,0.000
pedaiah,0.000
plunderer,0.000
raiders,0.000
recorder,0.000
regards,0.000
rehum,0.000
revolted,0.000
sanctuaries,0.000
sank,0.000
scab,0.000
seductress,0.000
settings,0.000
shaphat,0.000
skies,0.000
spared,0.000
stationed,0.000
stew,0.000
storehouses,0.000
swarms,0.000
toes,0.000
traders,0.000
trespassed,0.000
tumors,0.000
unpunished,0.000
uri,0.000
uz,0.000
uzzi,0.000
wastes,0.000
workmen,0.000
zabad,0.000
zaccur,0.000
zippor,0.000
zoan,0.000
zoar,0.000
zur,0.000
bodies,0.000
bad,0.000
prison,0.000
throw,0.000
use,0.000
dwells,0.000
hot,0.000
lower,0.000
eighth,0.000
aliens,0.000
barak,0.000
basins,0.000
devise,0.000
divination,0.000
hamor,0.000
heifer,0.000
numerous,0.000
scepter,0.000
shave,0.000
shot,0.000
speedily,0.000
tail,0.000
wounds,0.000
midian,0.000
judges,0.000
envy,0.000
release,0.000
said,0.000
held,0.000
generations,0.000
belonged,0.000
drawn,0.000
host,0.000
kills,0.000
bitter,0.000
mourn,0.000
veil,0.000
return,0.000
household,0.000
rule,0.000
widow,0.000
blast,0.000
blow,0.000
plead,0.000
father,0.000
bestowed,0.000
filthy,0.000
mothers,0.000
oaths,0.000
permitted,0.000
belly,0.000
breastplate,0.000
calves,0.000
fame,0.000
hanged,0.000
harps,0.000
haughty,0.000
hezron,0.000
nose,0.000
offers,0.000
anointing,0.000
chiefs,0.000
delivers,0.000
egyptian,0.000
eighteen,0.000
joyful,0.000
ordinances,0.000
shadow,0.000
everlasting,0.000
seat,0.000
advantage,0.000
bold,0.000
creates,0.000
customs,0.000
dumb,0.000
eagerly,0.000
fate,0.000
finding,0.000
forefathers,0.000
highly,0.000
melchizedek,0.000
patiently,0.000
praising,0.000
sacrificial,0.000
sincerity,0.000
trespasses,0.000
week,0.000
witnessed,0.000
respect,0.000
grew,0.000
hurt,0.000
earnestly,0.000
firm,0.000
covers,0.000
palace,0.000
region,0.000
scattered,0.000
declare,0.000
afterward,0.000
secure,0.000
sworn,0.000
tyre,0.000
period,0.000
recognize,0.000
swine,0.000
walking,0.000
opened,0.000
prophet,0.000
fools,0.000
interpretation,0.000
lords,0.000
multiplied,0.000
presented,0.000
lives,0.000
armies,0.000
crown,0.000
destruction,0.000
beard,0.000
briers,0.000
chaff,0.000
contended,0.000
counselor,0.000
fails,0.000
ivory,0.000
measurements,0.000
medes,0.000
ruth,0.000
workmanship,0.000
creeping,0.000
waist,0.000
abandon,0.000
admonish,0.000
amid,0.000
ascribed,0.000
avail,0.000
cure,0.000
deceives,0.000
decide,0.000
destiny,0.000
enjoyed,0.000
enlightening,0.000
equally,0.000
exceeding,0.000
fervent,0.000
greets,0.000
idolaters,0.000
lepers,0.000
maimed,0.000
mortals,0.000
obeys,0.000
object,0.000
pilgrims,0.000
prostrating,0.000
reasons,0.000
samaritans,0.000
seeds,0.000
source,0.000
unable,0.000
veiled,0.000
wanting,0.000
welfare,0.000
branches,0.000
answered,0.000
rich,0.000
net,0.000
proclaimed,0.000
provoke,0.000
separated,0.000
wounded,0.000
abarim,0.000
abihail,0.000
agag,0.000
ahio,0.000
aholibamah,0.000
alarm,0.000
allotted,0.000
ammiel,0.000
arpad,0.000
ashtaroth,0.000
ashtoreths,0.000
ataroth,0.000
awaken,0.000
azmaveth,0.000
azrikam,0.000
bake,0.000
bald,0.000
balm,0.000
banks,0.000
baths,0.000
battles,0.000
beam,0.000
bedroom,0.000
bereave,0.000
binnui,0.000
bridle,0.000
bud,0.000
censers,0.000
clap,0.000
cluster,0.000
coat,0.000
conquered,0.000
corruptly,0.000
dances,0.000
dawning,0.000
deeper,0.000
defected,0.000
dishon,0.000
distressing,0.000
drained,0.000
drip,0.000
dross,0.000
edomite,0.000
elath,0.000
eliphelet,0.000
embroidered,0.000
entreated,0.000
ethiopian,0.000
ezion,0.000
feathers,0.000
flatters,0.000
fleece,0.000
flint,0.000
foes,0.000
gallows,0.000
gershom,0.000
gets,0.000
gihon,0.000
gilboa,0.000
gittite,0.000
gomer,0.000
granddaughter,0.000
grape,0.000
handbreadth,0.000
hanoch,0.000
havilah,0.000
heres,0.000
hoglah,0.000
huram,0.000
incurable,0.000
intricately,0.000
isles,0.000
jabbok,0.000
jael,0.000
jar,0.000
jared,0.000
jediael,0.000
jehohanan,0.000
jewelry,0.000
kadmiel,0.000
lavers,0.000
loathe,0.000
lute,0.000
luz,0.000
maids,0.000
masons,0.000
meraioth,0.000
migdol,0.000
mistress,0.000
musical,0.000
myrtle,0.000
necho,0.000
netophathite,0.000
noph,0.000
ostriches,0.000
othniel,0.000
outskirts,0.000
pans,0.000
pelethites,0.000
penuel,0.000
persians,0.000
pine,0.000
pitied,0.000
plagued,0.000
plowed,0.000
polished,0.000
polluted,0.000
pomegranate,0.000
pools,0.000
razor,0.000
repays,0.000
residue,0.000
restitution,0.000
revenue,0.000
rider,0.000
rides,0.000
scheme,0.000
separating,0.000
sepharvaim,0.000
sharon,0.000
shebna,0.000
shechaniah,0.000
sheepfolds,0.000
shema,0.000
sherebiah,0.000
shimea,0.000
shinar,0.000
shishak,0.000
shovels,0.000
shual,0.000
signed,0.000
skillfully,0.000
slip,0.000
slopes,0.000
sochoh,0.000
sojourner,0.000
spied,0.000
spotted,0.000
stroke,0.000
survey,0.000
tahpanhes,0.000
talebearer,0.000
tappuah,0.000
taskmasters,0.000
thresh,0.000
tophet,0.000
trembles,0.000
trousers,0.000
twins,0.000
upholds,0.000
urim,0.000
waved,0.000
weapon,0.000
wick,0.000
zabdi,0.000
zibeon,0.000
zilpah,0.000
pursue,0.000
sodom,0.000
deserving,0.000
overcome,0.000
labor,0.000
judge,0.000
diligently,0.000
robe,0.000
upper,0.000
turned,0.000
corpse,0.000
farthest,0.000
fastened,0.000
frankincense,0.000
loyal,0.000
nineveh,0.000
relent,0.000
restrain,0.000
trusts,0.000
confused,0.000
consolation,0.000
contain,0.000
crops,0.000
dowry,0.000
grieve,0.000
long,0.000
seen,0.000
basket,0.000
chooses,0.000
thrust,0.000
conceal,0.000
sinner,0.000
shed,0.000
walks,0.000
leave,0.000
hair,0.000
forget,0.000
family,0.000
prophesied,0.000
takes,0.000
plans,0.000
belong,0.000
seek,0.000
prevail,0.000
restored,0.000
dying,0.000
effect,0.000
generous,0.000
intercede,0.000
leading,0.000
unrighteousness,0.000
pleases,0.000
pledge,0.000
greatly,0.000
wait,0.000
adultery,0.000
punished,0.000
laws,0.000
looking,0.000
force,0.000
sends,0.000
needy,0.000
spare,0.000
decree,0.000
absolutely,0.000
accepting,0.000
affect,0.000
afflicts,0.000
alleluia,0.000
amusement,0.000
annoyed,0.000
apostleship,0.000
appealed,0.000
appointing,0.000
argued,0.000
arimathea,0.000
ascends,0.000
assist,0.000
attempt,0.000
aunts,0.000
avoided,0.000
await,0.000
awaits,0.000
barn,0.000
bedouins,0.000
befell,0.000
beggars,0.000
begging,0.000
behaving,0.000
beliefs,0.000
beneficial,0.000
benevolent,0.000
bequest,0.000
bernice,0.000
bestows,0.000
betraying,0.000
bishop,0.000
blasphemous,0.000
bodily,0.000
brink,0.000
buildings,0.000
cana,0.000
chained,0.000
changing,0.000
childish,0.000
christian,0.000
claudius,0.000
clot,0.000
code,0.000
communion,0.000
compulsion,0.000
conditions,0.000
consequence,0.000
consist,0.000
contents,0.000
convey,0.000
convict,0.000
convicted,0.000
convulsed,0.000
crumbs,0.000
cyrene,0.000
decapolis,0.000
deceitfulness,0.000
demas,0.000
denial,0.000
derbe,0.000
descends,0.000
described,0.000
devotedly,0.000
disobeys,0.000
disregarded,0.000
disregards,0.000
disrespect,0.000
dissipation,0.000
doer,0.000
dominated,0.000
drowning,0.000
duly,0.000
earthquakes,0.000
edify,0.000
elias,0.000
embark,0.000
emigrants,0.000
enabled,0.000
ending,0.000
engaged,0.000
entangled,0.000
epaphras,0.000
ephesians,0.000
equivalent,0.000
essence,0.000
eventually,0.000
exclude,0.000
existing,0.000
experiencing,0.000
expounded,0.000
famines,0.000
fastings,0.000
flavor,0.000
fluent,0.000
forbade,0.000
foretold,0.000
fornicators,0.000
fortune,0.000
freewoman,0.000
gadarenes,0.000
galilean,0.000
gallio,0.000
golgotha,0.000
gradual,0.000
grafted,0.000
guarding,0.000
guile,0.000
gulf,0.000
habits,0.000
healings,0.000
herodians,0.000
homeland,0.000
hospitable,0.000
hymns,0.000
iconium,0.000
illegal,0.000
illuminated,0.000
immovable,0.000
impart,0.000
impious,0.000
imploring,0.000
important,0.000
indulge,0.000
infidels,0.000
insist,0.000
intelligent,0.000
islamic,0.000
italy,0.000
jest,0.000
justification,0.000
justus,0.000
kinsmen,0.000
landed,0.000
lawyer,0.000
legion,0.000
losers,0.000
luke,0.000
lumps,0.000
lysias,0.000
macedonians,0.000
manage,0.000
mandatory,0.000
manners,0.000
maternal,0.000
maturity,0.000
merely,0.000
migrated,0.000
mischief,0.000
mistaken,0.000
mistakes,0.000
modest,0.000
mosques,0.000
moulded,0.000
needle,0.000
nicodemus,0.000
noises,0.000
non,0.000
obligations,0.000
obligatory,0.000
obliged,0.000
ocean,0.000
omnipresent,0.000
oneself,0.000
onlookers,0.000
oracles,0.000
overcame,0.000
overwhelming,0.000
paltry,0.000
paper,0.000
pardons,0.000
passion,0.000
passions,0.000
paternal,0.000
perga,0.000
persecutions,0.000
persistently,0.000
phoenicia,0.000
plank,0.000
pontus,0.000
precede,0.000
producing,0.000
progress,0.000
prohibit,0.000
proportionately,0.000
protectors,0.000
providing,0.000
pulling,0.000
purifies,0.000
qibla,0.000
rabbis,0.000
reflect,0.000
rejecting,0.000
religions,0.000
remarks,0.000
resists,0.000
responded,0.000
results,0.000
resume,0.000
reviling,0.000
revives,0.000
sailors,0.000
salty,0.000
salutation,0.000
seasoned,0.000
selfish,0.000
severity,0.000
shackles,0.000
sheer,0.000
siloam,0.000
simplicity,0.000
skiff,0.000
slanderous,0.000
sooner,0.000
sparrows,0.000
speck,0.000
sphere,0.000
spiritually,0.000
sponge,0.000
stage,0.000
subjected,0.000
summon,0.000
superior,0.000
suppressing,0.000
suspicious,0.000
sustainer,0.000
ta,0.000
tales,0.000
tanner,0.000
temperate,0.000
terms,0.000
testament,0.000
testaments,0.000
testifying,0.000
thefts,0.000
thessalonians,0.000
thirds,0.000
tiberias,0.000
tone,0.000
tortured,0.000
trance,0.000
travellers,0.000
triumphant,0.000
trunks,0.000
tur,0.000
twin,0.000
twinkling,0.000
tyrant,0.000
uninformed,0.000
unreasonable,0.000
unwashed,0.000
variety,0.000
views,0.000
warners,0.000
warns,0.000
welcome,0.000
worthier,0.000
wrongly,0.000
ya,0.000
zeus,0.000
rain,0.000
kill,0.000
oppressed,0.000
manner,0.000
binds,0.000
carcass,0.000
carries,0.000
conspiracy,0.000
dedication,0.000
happens,0.000
kidron,0.000
lamech,0.000
lays,0.000
leavened,0.000
meal,0.000
mire,0.000
overflow,0.000
pots,0.000
repair,0.000
shelah,0.000
sighing,0.000
syrian,0.000
terah,0.000
wheel,0.000
lies,0.000
add,0.000
indignation,0.000
profane,0.000
stone,0.000
adversity,0.000
kindle,0.000
pomegranates,0.000
relative,0.000
revive,0.000
earthquake,0.000
fault,0.000
obedient,0.000
sorrowful,0.000
useless,0.000
vinedressers,0.000
wished,0.000
fail,0.000
afflictions,0.000
certainty,0.000
confessed,0.000
crystal,0.000
diligence,0.000
foreheads,0.000
gentle,0.000
gentleness,0.000
humbly,0.000
invent,0.000
knelt,0.000
preparation,0.000
stripes,0.000
tomorrow,0.000
fruit,0.000
signs,0.000
armor,0.000
inquired,0.000
korah,0.000
prosperity,0.000
outside,0.000
flesh,0.000
hallowed,0.000
lazy,0.000
melt,0.000
judged,0.000
ate,0.000
abidan,0.000
abiezer,0.000
abiram,0.000
abishag,0.000
achsah,0.000
admah,0.000
adoni,0.000
advance,0.000
agagite,0.000
ahira,0.000
ahohite,0.000
ails,0.000
allied,0.000
amasai,0.000
annihilate,0.000
arad,0.000
archite,0.000
argob,0.000
arioch,0.000
artisans,0.000
ash,0.000
assyrian,0.000
baalah,0.000
bahurim,0.000
basemath,0.000
beards,0.000
bebai,0.000
bezer,0.000
bigvai,0.000
bough,0.000
braided,0.000
caldron,0.000
carmelite,0.000
carpenters,0.000
cavalry,0.000
chaldea,0.000
chedorlaomer,0.000
cheeks,0.000
chenaanah,0.000
chew,0.000
choicest,0.000
cistern,0.000
clasps,0.000
clods,0.000
consumes,0.000
counts,0.000
coupled,0.000
crafty,0.000
cushite,0.000
damages,0.000
defied,0.000
delilah,0.000
dishan,0.000
dispossessed,0.000
dodo,0.000
drachmas,0.000
eder,0.000
eliasaph,0.000
elimelech,0.000
elnathan,0.000
encamp,0.000
enlarge,0.000
enlarges,0.000
entice,0.000
envied,0.000
ephrathah,0.000
equipment,0.000
eshcol,0.000
eshtemoa,0.000
fades,0.000
fainted,0.000
famous,0.000
fir,0.000
fist,0.000
fodder,0.000
foreskins,0.000
frost,0.000
fugitives,0.000
gaze,0.000
gedi,0.000
gedor,0.000
geshurites,0.000
gibbethon,0.000
gibeonites,0.000
gideoni,0.000
gleaning,0.000
gozan,0.000
grove,0.000
haggith,0.000
hairy,0.000
hammedatha,0.000
hammer,0.000
hashum,0.000
haughtiness,0.000
hearth,0.000
heel,0.000
herdsmen,0.000
holders,0.000
hook,0.000
hophni,0.000
horites,0.000
hosah,0.000
implements,0.000
instrument,0.000
intimately,0.000
ira,0.000
ittai,0.000
jahaz,0.000
jahaziel,0.000
javelin,0.000
jeremoth,0.000
jezreelitess,0.000
jozadak,0.000
kirjathaim,0.000
kishon,0.000
landmark,0.000
larger,0.000
leans,0.000
leviathan,0.000
libni,0.000
lick,0.000
lighten,0.000
lily,0.000
listed,0.000
locks,0.000
log,0.000
machpelah,0.000
mahalalel,0.000
medeba,0.000
media,0.000
medium,0.000
methuselah,0.000
michaiah,0.000
midwives,0.000
milcom,0.000
mizraim,0.000
moabitess,0.000
mourners,0.000
nahath,0.000
naioth,0.000
nehemiah,0.000
nimshi,0.000
nob,0.000
oak,0.000
oaks,0.000
ocran,0.000
offal,0.000
onan,0.000
ono,0.000
ophel,0.000
oppresses,0.000
outcasts,0.000
pagiel,0.000
parosh,0.000
pathros,0.000
pedahzur,0.000
pelatiah,0.000
perizzite,0.000
persecutors,0.000
perversity,0.000
pileser,0.000
pits,0.000
plastered,0.000
prepares,0.000
presenting,0.000
provocation,0.000
purchase,0.000
purim,0.000
quarter,0.000
quota,0.000
refresh,0.000
rekem,0.000
rely,0.000
rephidim,0.000
riders,0.000
rot,0.000
roughly,0.000
salah,0.000
savory,0.000
scorns,0.000
seahs,0.000
semen,0.000
serah,0.000
sevenfold,0.000
seventeenth,0.000
shakes,0.000
shammai,0.000
sharpen,0.000
sheaf,0.000
shilonite,0.000
shimron,0.000
shur,0.000
skirts,0.000
slays,0.000
sling,0.000
spiritists,0.000
stiffened,0.000
stork,0.000
streaked,0.000
stump,0.000
surprise,0.000
sustained,0.000
sweetness,0.000
swifter,0.000
tahath,0.000
talmai,0.000
tambourines,0.000
temanite,0.000
thrive,0.000
thumb,0.000
tiglath,0.000
timbrel,0.000
tishbite,0.000
toe,0.000
tool,0.000
trodden,0.000
ugly,0.000
unloved,0.000
untempered,0.000
ur,0.000
utters,0.000
uzzah,0.000
valiantly,0.000
valued,0.000
vinegar,0.000
vulture,0.000
wafers,0.000
warp,0.000
warrior,0.000
weave,0.000
woof,0.000
wore,0.000
wrists,0.000
zanoah,0.000
zarhites,0.000
zeboiim,0.000
zebul,0.000
zohar,0.000
zuar,0.000
owner,0.000
mother,0.000
peace,0.000
enemy,0.000
beginning,0.000
slay,0.000
secrets,0.000
aside,0.000
witnesses,0.000
perished,0.000
troubles,0.000
carry,0.000
heavy,0.000
thought,0.000
blessings,0.000
plants,0.000
touched,0.000
bowl,0.000
talents,0.000
sitting,0.000
deal,0.000
confess,0.000
plain,0.000
loaves,0.000
doom,0.000
taking,0.000
contains,0.000
demand,0.000
fixed,0.000
helpless,0.000
holding,0.000
informed,0.000
shape,0.000
tempt,0.000
transgressing,0.000
yielded,0.000
seal,0.000
perish,0.000
agony,0.000
arguing,0.000
assurance,0.000
balance,0.000
cloths,0.000
commanding,0.000
commemorate,0.000
compete,0.000
confirmation,0.000
crime,0.000
dared,0.000
deities,0.000
depth,0.000
dish,0.000
easier,0.000
enraged,0.000
exactly,0.000
exhorting,0.000
failure,0.000
farther,0.000
happening,0.000
hundredfold,0.000
idolatry,0.000
illiterate,0.000
justly,0.000
lodging,0.000
marketplaces,0.000
meant,0.000
mediator,0.000
partake,0.000
physical,0.000
physician,0.000
pleading,0.000
positions,0.000
pretense,0.000
realized,0.000
reasoning,0.000
reputation,0.000
respond,0.000
robber,0.000
thinking,0.000
wiped,0.000
foreigners,0.000
hebrews,0.000
lovers,0.000
roof,0.000
sprinkled,0.000
supplications,0.000
wool,0.000
humbled,0.000
jealousy,0.000
kissed,0.000
appearance,0.000
arphaxad,0.000
beor,0.000
deceitfully,0.000
delighted,0.000
earthen,0.000
flees,0.000
leaf,0.000
madness,0.000
maidservants,0.000
pursuing,0.000
stiff,0.000
stirs,0.000
wares,0.000
worth,0.000
prophets,0.000
sun,0.000
increased,0.000
avenger,0.000
burns,0.000
consulted,0.000
deliverance,0.000
frogs,0.000
noon,0.000
prolong,0.000
purposed,0.000
roll,0.000
skins,0.000
splendor,0.000
provide,0.000
foundations,0.000
lampstand,0.000
pain,0.000
flames,0.000
joppa,0.000
supported,0.000
dream,0.000
wisdom,0.000
flame,0.000
ambush,0.000
feeble,0.000
officials,0.000
prudent,0.000
rage,0.000
truly,0.000
agreed,0.000
arrived,0.000
casting,0.000
dawn,0.000
jewish,0.000
prove,0.000
female,0.000
names,0.000
bind,0.000
rising,0.000
money,0.000
glorious,0.000
pleasure,0.000
temple,0.000
wrath,0.000
happy,0.000
towns,0.000
cave,0.000
surrounded,0.000
answer,0.000
remember,0.000
ago,0.000
defeat,0.000
sayings,0.000
task,0.000
abhors,0.000
abinoam,0.000
abishua,0.000
achan,0.000
achzib,0.000
addar,0.000
adin,0.000
administrators,0.000
ahiezer,0.000
ahilud,0.000
aholiab,0.000
aiah,0.000
almond,0.000
amend,0.000
applied,0.000
apply,0.000
ararat,0.000
armory,0.000
artistically,0.000
asherah,0.000
asshur,0.000
assir,0.000
ater,0.000
avenges,0.000
azarel,0.000
baalath,0.000
banners,0.000
beautify,0.000
becher,0.000
bemoan,0.000
bene,0.000
bethlehemite,0.000
bezek,0.000
bildad,0.000
bloody,0.000
boznai,0.000
breach,0.000
broom,0.000
brown,0.000
buckler,0.000
burnished,0.000
burying,0.000
buttress,0.000
canopy,0.000
celebrate,0.000
channels,0.000
charms,0.000
chastised,0.000
childbirth,0.000
chimham,0.000
chop,0.000
cleanness,0.000
cobra,0.000
comforters,0.000
contrite,0.000
countryside,0.000
courageous,0.000
couriers,0.000
crimson,0.000
crushing,0.000
curds,0.000
dathan,0.000
debar,0.000
dedicates,0.000
descendant,0.000
diamond,0.000
digs,0.000
dirt,0.000
discovered,0.000
disguised,0.000
dismounted,0.000
displease,0.000
displeasure,0.000
doeg,0.000
dough,0.000
downward,0.000
dreamer,0.000
dripping,0.000
drunken,0.000
dumah,0.000
edges,0.000
el,0.000
elealeh,0.000
elim,0.000
elizaphan,0.000
elizur,0.000
enchantments,0.000
enlighten,0.000
epher,0.000
ephrath,0.000
etham,0.000
ethan,0.000
exacted,0.000
excelled,0.000
extol,0.000
fainthearted,0.000
faints,0.000
fallow,0.000
familiar,0.000
finest,0.000
fists,0.000
flanks,0.000
flash,0.000
folding,0.000
fords,0.000
foreskin,0.000
forests,0.000
forks,0.000
formation,0.000
forsakes,0.000
fortify,0.000
fowl,0.000
frame,0.000
fret,0.000
furrows,0.000
gaash,0.000
gaunt,0.000
gazelles,0.000
gemariah,0.000
gerahs,0.000
geshem,0.000
giddel,0.000
girgashites,0.000
gleaned,0.000
glittering,0.000
golan,0.000
grandson,0.000
grasshoppers,0.000
greece,0.000
hadoram,0.000
hahiroth,0.000
hamstrung,0.000
hanamel,0.000
hananel,0.000
hararite,0.000
harassed,0.000
harsha,0.000
hats,0.000
hattaavah,0.000
hattush,0.000
hazeroth,0.000
heaviness,0.000
hebronites,0.000
helon,0.000
henadad,0.000
hip,0.000
hodaviah,0.000
holiday,0.000
homer,0.000
hushathite,0.000
hushim,0.000
idolatrous,0.000
imported,0.000
innocence,0.000
ishi,0.000
ishmaelites,0.000
items,0.000
jaakan,0.000
jaazaniah,0.000
jamin,0.000
jattir,0.000
jaws,0.000
jebus,0.000
jehonathan,0.000
jerahmeel,0.000
jeshurun,0.000
joktan,0.000
jug,0.000
kenite,0.000
kerioth,0.000
keturah,0.000
kibroth,0.000
kids,0.000
kneading,0.000
knife,0.000
knives,0.000
korahites,0.000
laadan,0.000
languishes,0.000
lattice,0.000
laughs,0.000
ledge,0.000
loaf,0.000
loathed,0.000
lod,0.000
longs,0.000
loops,0.000
lotan,0.000
lowlands,0.000
lurk,0.000
lurking,0.000
maachathite,0.000
maachathites,0.000
mahlah,0.000
malchishua,0.000
mandrakes,0.000
maon,0.000
massah,0.000
meon,0.000
meremoth,0.000
merodach,0.000
mesha,0.000
meshelemiah,0.000
mikloth,0.000
mildew,0.000
millstones,0.000
mishma,0.000
moladah,0.000
mounds,0.000
multiplies,0.000
nebajoth,0.000
nekoda,0.000
nettles,0.000
networks,0.000
nimrod,0.000
nineteenth,0.000
oboth,0.000
official,0.000
oholah,0.000
oholibah,0.000
onam,0.000
onward,0.000
oreb,0.000
overpower,0.000
oversee,0.000
overwhelm,0.000
pahath,0.000
pallu,0.000
pavilion,0.000
pelet,0.000
perfumer,0.000
perpetually,0.000
pethahiah,0.000
pi,0.000
pirathonite,0.000
planting,0.000
plaster,0.000
pole,0.000
post,0.000
preparations,0.000
presumptuously,0.000
priestly,0.000
process,0.000
proclaims,0.000
promoted,0.000
pursuers,0.000
quaked,0.000
rags,0.000
rameses,0.000
rash,0.000
ravine,0.000
reaiah,0.000
rechabites,0.000
reddish,0.000
rehoboth,0.000
relating,0.000
rephaiah,0.000
repulsive,0.000
revolt,0.000
rigor,0.000
rim,0.000
ritual,0.000
rizpah,0.000
rogel,0.000
rosh,0.000
rumor,0.000
rushes,0.000
salcah,0.000
samlah,0.000
sashes,0.000
saws,0.000
scornful,0.000
script,0.000
seba,0.000
seers,0.000
separates,0.000
shammua,0.000
sharezer,0.000
shattered,0.000
shaul,0.000
shebaniah,0.000
shedeur,0.000
shelumiel,0.000
sheshbazzar,0.000
shethar,0.000
shimri,0.000
shimshai,0.000
shobab,0.000
shua,0.000
shuhite,0.000
shuthelah,0.000
sinews,0.000
situated,0.000
smiths,0.000
softly,0.000
soothsaying,0.000
spoons,0.000
stops,0.000
straps,0.000
strings,0.000
subsided,0.000
sunk,0.000
survivor,0.000
sustain,0.000
sycamores,0.000
taanach,0.000
talmon,0.000
tambourine,0.000
target,0.000
tattenai,0.000
taunting,0.000
tema,0.000
tenons,0.000
tens,0.000
terrace,0.000
territories,0.000
thickets,0.000
thighs,0.000
thummim,0.000
timbrels,0.000
tob,0.000
togarmah,0.000
tola,0.000
totter,0.000
traveler,0.000
treading,0.000
treason,0.000
treasurers,0.000
turbans,0.000
turquoise,0.000
turtledove,0.000
ulam,0.000
upheld,0.000
uriel,0.000
vigor,0.000
vindicate,0.000
wasteland,0.000
wax,0.000
willows,0.000
workman,0.000
worshiping,0.000
wreaths,0.000
yokes,0.000
zephon,0.000
zurishaddai,0.000
calls,0.000
table,0.000
distress,0.000
opposite,0.000
bowls,0.000
hail,0.000
lamps,0.000
play,0.000
roots,0.000
allow,0.000
commits,0.000
clothing,0.000
arrogant,0.000
freely,0.000
olives,0.000
ordered,0.000
damascus,0.000
forgotten,0.000
almighty,0.000
eleventh,0.000
evildoers,0.000
hung,0.000
storm,0.000
magicians,0.000
entering,0.000
sabbath,0.000
hide,0.000
till,0.000
abstain,0.000
attained,0.000
befalls,0.000
bountiful,0.000
cloak,0.000
dare,0.000
impose,0.000
lump,0.000
marketplace,0.000
remembering,0.000
repented,0.000
shore,0.000
sower,0.000
transgressor,0.000
trying,0.000
unprofitable,0.000
win,0.000
yellow,0.000
care,0.000
safe,0.000
elders,0.000
bears,0.000
leads,0.000
likeness,0.000
prevailed,0.000
seas,0.000
strife,0.000
looked,0.000
riches,0.000
sand,0.000
threw,0.000
craftsmen,0.000
fierceness,0.000
flourish,0.000
nest,0.000
plenty,0.000
reproaches,0.000
riding,0.000
spies,0.000
withhold,0.000
aged,0.000
bend,0.000
besiege,0.000
birthright,0.000
blot,0.000
blows,0.000
chased,0.000
clings,0.000
complaints,0.000
craftsman,0.000
desirable,0.000
eliakim,0.000
ethiopians,0.000
futility,0.000
gall,0.000
handful,0.000
merchant,0.000
oldest,0.000
pick,0.000
pigeons,0.000
plundering,0.000
prescribed,0.000
reproached,0.000
sapphire,0.000
schemes,0.000
subdue,0.000
surety,0.000
turtledoves,0.000
weaned,0.000
wormwood,0.000
birds,0.000
cleanse,0.000
stopped,0.000
apparel,0.000
attend,0.000
captured,0.000
leprosy,0.000
lovely,0.000
ninety,0.000
tablets,0.000
walk,0.000
speaking,0.000
proclaim,0.000
abandons,0.000
abba,0.000
abilities,0.000
abstained,0.000
accords,0.000
accumulate,0.000
accurate,0.000
accurately,0.000
accusing,0.000
achieving,0.000
acknowledgment,0.000
aeneas,0.000
affirmed,0.000
agabus,0.000
aim,0.000
alarmed,0.000
alexandrian,0.000
alternate,0.000
amazement,0.000
ambition,0.000
anchor,0.000
antichrist,0.000
appreciate,0.000
appreciated,0.000
appreciative,0.000
archangel,0.000
archippus,0.000
areopagus,0.000
arrives,0.000
ascribes,0.000
aspire,0.000
assistance,0.000
association,0.000
assos,0.000
attract,0.000
attracts,0.000
augustus,0.000
austere,0.000
author,0.000
avoiding,0.000
babblings,0.000
bakka,0.000
barred,0.000
barsabas,0.000
bashful,0.000
basic,0.000
bedouin,0.000
belts,0.000
benefitted,0.000
bequeath,0.000
bequeathed,0.000
berea,0.000
betrays,0.000
biggest,0.000
bithynia,0.000
blasphemes,0.000
blasts,0.000
blemishes,0.000
blessedness,0.000
bliss,0.000
boasters,0.000
bother,0.000
breakfast,0.000
breastplates,0.000
brightening,0.000
brute,0.000
builder,0.000
calamitous,0.000
capacity,0.000
cappadocia,0.000
capture,0.000
carelessly,0.000
carousing,0.000
cautious,0.000
ceilings,0.000
centurions,0.000
chaos,0.000
character,0.000
cherisher,0.000
cherishes,0.000
choke,0.000
chorazin,0.000
christs,0.000
circled,0.000
citizens,0.000
citizenship,0.000
claimed,0.000
clarify,0.000
cleanses,0.000
coin,0.000
columns,0.000
comparing,0.000
competes,0.000
competing,0.000
complaining,0.000
compose,0.000
comprehensively,0.000
concluding,0.000
conducted,0.000
confirming,0.000
consciousness,0.000
consecutive,0.000
consenting,0.000
consists,0.000
constantly,0.000
construct,0.000
contemporaries,0.000
contest,0.000
continuous,0.000
contracts,0.000
contradict,0.000
contradictions,0.000
controlled,0.000
controls,0.000
conversed,0.000
converted,0.000
corinthians,0.000
councils,0.000
cowardly,0.000
crash,0.000
credit,0.000
criminal,0.000
crispus,0.000
crow,0.000
crowds,0.000
crumble,0.000
cultivated,0.000
cushions,0.000
cyrenian,0.000
decease,0.000
deceivers,0.000
decisions,0.000
decisively,0.000
defecated,0.000
delaying,0.000
delegation,0.000
delicious,0.000
demanding,0.000
demetrius,0.000
demonstrate,0.000
depends,0.000
depository,0.000
designed,0.000
despairing,0.000
despairs,0.000
despisers,0.000
destitution,0.000
detailed,0.000
detested,0.000
develop,0.000
deviated,0.000
devotion,0.000
differ,0.000
dignitaries,0.000
disagreed,0.000
disappoint,0.000
disappointment,0.000
discerned,0.000
dishonored,0.000
dispersion,0.000
display,0.000
distinguishable,0.000
distressful,0.000
distributing,0.000
diversities,0.000
dome,0.000
dominance,0.000
dominate,0.000
domination,0.000
doubted,0.000
dowries,0.000
dragging,0.000
duration,0.000
dweller,0.000
edified,0.000
edifies,0.000
edifying,0.000
effort,0.000
efforts,0.000
eliminated,0.000
embarked,0.000
eminent,0.000
endurance,0.000
enlightenment,0.000
entertained,0.000
entrust,0.000
epaphroditus,0.000
epistles,0.000
erastus,0.000
erring,0.000
evangelist,0.000
exceeds,0.000
excused,0.000
exercises,0.000
expecting,0.000
expedient,0.000
explanations,0.000
explosion,0.000
extortioners,0.000
eyeservice,0.000
facilitate,0.000
falsehoods,0.000
farm,0.000
faultless,0.000
feeling,0.000
figurative,0.000
filling,0.000
financial,0.000
financially,0.000
fishers,0.000
fixing,0.000
foaming,0.000
foams,0.000
follower,0.000
foreknew,0.000
foreknowledge,0.000
forelocks,0.000
foreseeing,0.000
forgetting,0.000
fornicator,0.000
frequent,0.000
frightens,0.000
frowned,0.000
fruitless,0.000
fulfil,0.000
fulfills,0.000
fun,0.000
gale,0.000
games,0.000
generously,0.000
gethsemane,0.000
ghost,0.000
gloomy,0.000
gnat,0.000
goblets,0.000
godhead,0.000
governs,0.000
grainfields,0.000
grievous,0.000
grounded,0.000
grudgingly,0.000
gush,0.000
handkerchief,0.000
hardly,0.000
harmless,0.000
harpists,0.000
hastening,0.000
hateful,0.000
heading,0.000
heartily,0.000
heedless,0.000
heedlessly,0.000
hellenists,0.000
heresies,0.000
hermes,0.000
holiest,0.000
honesty,0.000
honorably,0.000
hopes,0.000
hoping,0.000
hordes,0.000
hurled,0.000
hymenaeus,0.000
hymn,0.000
ideas,0.000
idolators,0.000
idris,0.000
ignorantly,0.000
ihram,0.000
illiyin,0.000
immature,0.000
impediment,0.000
imprison,0.000
imprisoned,0.000
imran,0.000
ina,0.000
incredible,0.000
incumbent,0.000
indulgence,0.000
inexpressible,0.000
informing,0.000
injuries,0.000
inn,0.000
insignificant,0.000
insisting,0.000
inspiration,0.000
inspire,0.000
insubordinate,0.000
intentionally,0.000
interests,0.000
inventing,0.000
involvement,0.000
inwardly,0.000
ismael,0.000
jairus,0.000
jason,0.000
jeopardy,0.000
joanna,0.000
jolted,0.000
junction,0.000
kabah,0.000
laggardly,0.000
lama,0.000
landing,0.000
landowner,0.000
laodiceans,0.000
latin,0.000
leadership,0.000
leavens,0.000
legal,0.000
levelled,0.000
liberality,0.000
lightened,0.000
lightening,0.000
lined,0.000
longings,0.000
lowliness,0.000
luqman,0.000
luxuries,0.000
luxuriously,0.000
lydda,0.000
madly,0.000
magical,0.000
maintaining,0.000
maintains,0.000
maintenance,0.000
mammon,0.000
manhood,0.000
martyr,0.000
martyrs,0.000
mattathiah,0.000
matthat,0.000
matthias,0.000
meaningless,0.000
melchi,0.000
mending,0.000
mental,0.000
mercifully,0.000
merits,0.000
miles,0.000
miletus,0.000
mischievous,0.000
misleads,0.000
mobilize,0.000
molted,0.000
molten,0.000
monks,0.000
monuments,0.000
motioned,0.000
motioning,0.000
multiples,0.000
mysia,0.000
natives,0.000
necessities,0.000
neglecting,0.000
newness,0.000
niche,0.000
nicolaitans,0.000
nobly,0.000
nocturnal,0.000
observation,0.000
observing,0.000
obstacle,0.000
obstruct,0.000
obtaining,0.000
olivet,0.000
onesimus,0.000
onesiphorus,0.000
opportune,0.000
opposes,0.000
opposition,0.000
orphan,0.000
outcome,0.000
overboard,0.000
paphos,0.000
patriarch,0.000
patriarchs,0.000
patronize,0.000
peacefully,0.000
penetrate,0.000
pentecost,0.000
pergamos,0.000
permits,0.000
personal,0.000
persuading,0.000
persuasive,0.000
perverting,0.000
pestilences,0.000
pharaohs,0.000
phases,0.000
philadelphia,0.000
phrygia,0.000
piercing,0.000
pinnacle,0.000
pisidia,0.000
playful,0.000
pleasers,0.000
pledging,0.000
plotting,0.000
poets,0.000
poisoned,0.000
preeminence,0.000
preoccupied,0.000
preserving,0.000
principality,0.000
prisons,0.000
professing,0.000
prompted,0.000
prophetic,0.000
proposal,0.000
proselyte,0.000
proselytes,0.000
prostrations,0.000
provider,0.000
proving,0.000
prow,0.000
publicly,0.000
publius,0.000
pus,0.000
qaf,0.000
questioning,0.000
quranic,0.000
rainfall,0.000
readiness,0.000
realizing,0.000
reasonably,0.000
reciting,0.000
reconciling,0.000
reduces,0.000
reformer,0.000
regardless,0.000
regeneration,0.000
regretfully,0.000
regulates,0.000
regulations,0.000
reluctant,0.000
reluctantly,0.000
remark,0.000
remorseful,0.000
removal,0.000
renewing,0.000
repeating,0.000
repentant,0.000
replacing,0.000
representative,0.000
requirements,0.000
resolve,0.000
resources,0.000
respectable,0.000
revealing,0.000
revelries,0.000
revengeful,0.000
revert,0.000
reviewing,0.000
richly,0.000
rudder,0.000
rufus,0.000
sabachthani,0.000
sabaeans,0.000
sabaoth,0.000
salome,0.000
samiri,0.000
sandstorm,0.000
sardis,0.000
scorpion,0.000
selves,0.000
seminal,0.000
sensual,0.000
settles,0.000
shapeless,0.000
sharply,0.000
sheet,0.000
sighed,0.000
signifying,0.000
sijin,0.000
sleeplessness,0.000
smiled,0.000
smyrna,0.000
sneaking,0.000
soberly,0.000
sodomites,0.000
sosthenes,0.000
spain,0.000
sparing,0.000
specially,0.000
spends,0.000
spewed,0.000
spin,0.000
statues,0.000
steadily,0.000
stealthily,0.000
stephanas,0.000
stepped,0.000
sting,0.000
stooping,0.000
storing,0.000
strangled,0.000
strays,0.000
strives,0.000
submissively,0.000
submitting,0.000
substitute,0.000
subtle,0.000
subverted,0.000
supporter,0.000
surnamed,0.000
surviving,0.000
tame,0.000
tariq,0.000
tayammum,0.000
temptations,0.000
tempter,0.000
tenderhearted,0.000
terminated,0.000
terribly,0.000
tertullus,0.000
testator,0.000
thaddaeus,0.000
theater,0.000
theophilus,0.000
thickly,0.000
threaten,0.000
threatening,0.000
title,0.000
tittle,0.000
toppled,0.000
towel,0.000
traces,0.000
traitor,0.000
transfigured,0.000
transform,0.000
transformed,0.000
travelling,0.000
treatment,0.000
tries,0.000
trophimus,0.000
trunk,0.000
trustee,0.000
tubba,0.000
tumbling,0.000
tutor,0.000
tuwa,0.000
type,0.000
unarmed,0.000
uncertainty,0.000
unchangeable,0.000
unchaste,0.000
uncles,0.000
unforgiving,0.000
ungratefulness,0.000
unloving,0.000
unpleasant,0.000
unshrunk,0.000
unthankful,0.000
unveiled,0.000
verbally,0.000
vigilant,0.000
visitation,0.000
voyage,0.000
wagging,0.000
welcomed,0.000
whispers,0.000
whitewashed,0.000
whosoever,0.000
widely,0.000
willfully,0.000
windstorm,0.000
winebibber,0.000
winner,0.000
witnessing,0.000
woeful,0.000
worshipper,0.000
zacchaeus,0.000
zealot,0.000
zealously,0.000
regard,0.000
wheat,0.000
strangers,0.000
dominion,0.000
compared,0.000
concern,0.000
cornerstone,0.000
descending,0.000
humiliation,0.000
laborers,0.000
marked,0.000
marries,0.000
moving,0.000
relief,0.000
sowed,0.000
left,0.000
barren,0.000
anguish,0.000
fiery,0.000
swords,0.000
loves,0.000
kinds,0.000
food,0.000
sending,0.000
fed,0.000
speak,0.000
accompanied,0.000
baskets,0.000
keepers,0.000
pleasing,0.000
pleasures,0.000
psalms,0.000
treated,0.000
winter,0.000
bank,0.000
cling,0.000
den,0.000
extended,0.000
fourteen,0.000
lodged,0.000
meditate,0.000
grow,0.000
heat,0.000
trusted,0.000
vessel,0.000
affected,0.000
affection,0.000
answering,0.000
anxious,0.000
arranged,0.000
beheaded,0.000
bits,0.000
blaspheme,0.000
compel,0.000
continuing,0.000
craftiness,0.000
determination,0.000
disobeying,0.000
dragged,0.000
fleshly,0.000
forbearance,0.000
imputed,0.000
incur,0.000
ink,0.000
intending,0.000
intense,0.000
intercessor,0.000
invites,0.000
knock,0.000
lasting,0.000
lifetime,0.000
mina,0.000
partaker,0.000
paying,0.000
perplexed,0.000
pertaining,0.000
punishes,0.000
rejection,0.000
rendered,0.000
reviled,0.000
slowly,0.000
sprinkling,0.000
staffs,0.000
starts,0.000
stony,0.000
successful,0.000
thankful,0.000
tired,0.000
tossed,0.000
undefiled,0.000
unmarried,0.000
weaker,0.000
perform,0.000
settled,0.000
covetousness,0.000
descend,0.000
explained,0.000
fitting,0.000
point,0.000
talking,0.000
thieves,0.000
value,0.000
afflict,0.000
bury,0.000
explain,0.000
sake,0.000
tear,0.000
changed,0.000
loosed,0.000
permit,0.000
previously,0.000
state,0.000
trade,0.000
drunk,0.000
thoughts,0.000
violent,0.000
got,0.000
plan,0.000
desire,0.000
idol,0.000
murdered,0.000
plagues,0.000
released,0.000
direction,0.000
join,0.000
rescue,0.000
sisters,0.000
recorded,0.000
dove,0.000
hang,0.000
keeper,0.000
straw,0.000
sea,0.000
measure,0.000
offspring,0.000
spread,0.000
awoke,0.000
census,0.000
deliverer,0.000
devours,0.000
ease,0.000
holds,0.000
households,0.000
nurse,0.000
regarded,0.000
reveals,0.000
sang,0.000
shouting,0.000
withstand,0.000
sorrow,0.000
abdi,0.000
abib,0.000
abiel,0.000
abijam,0.000
accidentally,0.000
achor,0.000
achshaph,0.000
acquit,0.000
adiel,0.000
admonished,0.000
adonikam,0.000
adrammelech,0.000
adullamite,0.000
adulterer,0.000
adversities,0.000
ahava,0.000
ahiman,0.000
akrabbim,0.000
alemeth,0.000
almon,0.000
alongside,0.000
amber,0.000
ammishaddai,0.000
ammonitess,0.000
anathothite,0.000
anxiety,0.000
aqueduct,0.000
arabians,0.000
arah,0.000
aramaic,0.000
ariel,0.000
aright,0.000
arrange,0.000
artisan,0.000
asenath,0.000
ashan,0.000
ashbel,0.000
ashkenaz,0.000
asphalt,0.000
asriel,0.000
assault,0.000
assemblies,0.000
attai,0.000
attire,0.000
avenging,0.000
azel,0.000
azgad,0.000
azmon,0.000
azubah,0.000
backslidings,0.000
bamoth,0.000
barefoot,0.000
bases,0.000
battering,0.000
beerothite,0.000
bel,0.000
bells,0.000
berith,0.000
besor,0.000
beveled,0.000
bewail,0.000
bezai,0.000
bilhan,0.000
bin,0.000
bitten,0.000
blacksmith,0.000
blight,0.000
blighted,0.000
bottle,0.000
bowstrings,0.000
brier,0.000
brim,0.000
bruise,0.000
bucklers,0.000
bukki,0.000
butter,0.000
buttocks,0.000
buyer,0.000
buz,0.000
cane,0.000
caphtor,0.000
caphtorim,0.000
carchemish,0.000
cassia,0.000
catastrophe,0.000
chainwork,0.000
champion,0.000
chenaniah,0.000
chewing,0.000
chews,0.000
chinnereth,0.000
chinneroth,0.000
coastland,0.000
comforter,0.000
comparison,0.000
conception,0.000
confront,0.000
contends,0.000
convocations,0.000
cooked,0.000
corrects,0.000
craving,0.000
crossing,0.000
cushan,0.000
cuttings,0.000
dagger,0.000
danites,0.000
defy,0.000
deployed,0.000
desperate,0.000
detests,0.000
deuel,0.000
diblathaim,0.000
disguise,0.000
dismay,0.000
disquieted,0.000
document,0.000
doorpost,0.000
dregs,0.000
driver,0.000
eater,0.000
ebenezer,0.000
ebiasaph,0.000
eleasah,0.000
elhanan,0.000
eliada,0.000
elishah,0.000
elpaal,0.000
embalmed,0.000
emim,0.000
emission,0.000
encampment,0.000
endowed,0.000
engrave,0.000
engraver,0.000
engraving,0.000
engravings,0.000
ensnared,0.000
entices,0.000
entrances,0.000
entryway,0.000
envision,0.000
envisioned,0.000
ephahs,0.000
ephraimite,0.000
erect,0.000
errors,0.000
esarhaddon,0.000
escort,0.000
escorts,0.000
etam,0.000
excellency,0.000
exits,0.000
extending,0.000
ezem,0.000
fairest,0.000
falcon,0.000
fashions,0.000
fatlings,0.000
fearfulness,0.000
firepans,0.000
flashing,0.000
flat,0.000
fleet,0.000
flooding,0.000
floodplain,0.000
flutes,0.000
forcing,0.000
frontlets,0.000
fugitive,0.000
fuller,0.000
galal,0.000
galleries,0.000
gannim,0.000
gareb,0.000
garrisons,0.000
gerizim,0.000
gileadites,0.000
gloriously,0.000
goldsmith,0.000
grasped,0.000
grate,0.000
grating,0.000
guni,0.000
habor,0.000
hadid,0.000
hagoyim,0.000
hagrites,0.000
halah,0.000
halt,0.000
hamul,0.000
hamutal,0.000
handles,0.000
handsome,0.000
harlotries,0.000
harosheth,0.000
hasshub,0.000
hathach,0.000
havoth,0.000
hawk,0.000
heeds,0.000
helez,0.000
hena,0.000
hips,0.000
hodijah,0.000
holon,0.000
homage,0.000
hoof,0.000
horonaim,0.000
horonite,0.000
horseback,0.000
horseman,0.000
hoshaiah,0.000
hunted,0.000
hunter,0.000
hunts,0.000
huppim,0.000
husham,0.000
ice,0.000
identify,0.000
igal,0.000
ijon,0.000
impoverished,0.000
impudent,0.000
inexperienced,0.000
inhabits,0.000
inkhorn,0.000
inmost,0.000
inscribed,0.000
insert,0.000
intact,0.000
interpreted,0.000
ir,0.000
ivah,0.000
izharites,0.000
jaalam,0.000
japhia,0.000
jawbone,0.000
jehozabad,0.000
jeshimon,0.000
jetur,0.000
jezer,0.000
jokneam,0.000
jokshan,0.000
jotbathah,0.000
kabzeel,0.000
kanah,0.000
kedemoth,0.000
kelita,0.000
kemuel,0.000
kenizzite,0.000
kin,0.000
knob,0.000
knobs,0.000
kore,0.000
kors,0.000
koz,0.000
lahai,0.000
languish,0.000
leanness,0.000
ledges,0.000
lehi,0.000
lengthen,0.000
lets,0.000
lewd,0.000
limb,0.000
lime,0.000
lintel,0.000
lioness,0.000
liquid,0.000
loathes,0.000
logs,0.000
loom,0.000
lubim,0.000
lud,0.000
lyre,0.000
madman,0.000
mahath,0.000
malchiah,0.000
malchiel,0.000
malluch,0.000
marah,0.000
marks,0.000
marred,0.000
marriages,0.000
mattan,0.000
mattenai,0.000
meddle,0.000
mehetabel,0.000
mephaath,0.000
metalsmith,0.000
mibsam,0.000
midianite,0.000
midwife,0.000
military,0.000
mizzah,0.000
moabite,0.000
mold,0.000
molds,0.000
monster,0.000
moresheth,0.000
mounted,0.000
moza,0.000
naamah,0.000
naamathite,0.000
naarah,0.000
naphish,0.000
nativity,0.000
nazirites,0.000
neariah,0.000
nepheg,0.000
nergal,0.000
netophathites,0.000
notwithstanding,0.000
obtains,0.000
oded,0.000
ointments,0.000
omer,0.000
oppressions,0.000
orion,0.000
ornamental,0.000
ostrich,0.000
overnight,0.000
overthrows,0.000
paseah,0.000
pastry,0.000
pekahiah,0.000
pelaiah,0.000
pelican,0.000
perazim,0.000
pertains,0.000
perversion,0.000
perverts,0.000
pherah,0.000
phichol,0.000
picks,0.000
pillage,0.000
pipes,0.000
planks,0.000
plates,0.000
pleiades,0.000
plowshares,0.000
plumb,0.000
plunderers,0.000
plunders,0.000
pompous,0.000
possessor,0.000
poti,0.000
pretend,0.000
principal,0.000
prostitute,0.000
provocations,0.000
provokes,0.000
pruning,0.000
puah,0.000
published,0.000
pul,0.000
pur,0.000
quail,0.000
quarry,0.000
rabsaris,0.000
rages,0.000
raided,0.000
raiding,0.000
range,0.000
rate,0.000
ravished,0.000
rebuilding,0.000
refusing,0.000
rehabiah,0.000
remedy,0.000
representatives,0.000
restless,0.000
restraint,0.000
ridicule,0.000
rinsed,0.000
roared,0.000
roi,0.000
rotten,0.000
rottenness,0.000
routed,0.000
royalty,0.000
ruddy,0.000
sabeans,0.000
saddle,0.000
sale,0.000
salma,0.000
sapphires,0.000
scapegoat,0.000
scorned,0.000
seah,0.000
segub,0.000
sela,0.000
senir,0.000
sepher,0.000
shabbethai,0.000
shamir,0.000
shan,0.000
sharpened,0.000
shean,0.000
shear,0.000
shearers,0.000
shebuel,0.000
sheepshearers,0.000
shemariah,0.000
shemiramoth,0.000
sheshan,0.000
shunem,0.000
shuppim,0.000
sibbechai,0.000
sibmah,0.000
siddim,0.000
signal,0.000
simeonites,0.000
sixteenth,0.000
slippery,0.000
slips,0.000
smile,0.000
soap,0.000
socket,0.000
sparrow,0.000
spelt,0.000
spiteful,0.000
stag,0.000
stagger,0.000
stalls,0.000
standards,0.000
stank,0.000
stillborn,0.000
stink,0.000
structure,0.000
struggled,0.000
stupid,0.000
subdues,0.000
succeed,0.000
surprisingly,0.000
swarming,0.000
sweeter,0.000
symphony,0.000
taller,0.000
tapestry,0.000
tel,0.000
tended,0.000
thumbs,0.000
tightly,0.000
timnath,0.000
tin,0.000
tingle,0.000
tobijah,0.000
trapped,0.000
trays,0.000
trench,0.000
trod,0.000
troubling,0.000
trusting,0.000
turmoil,0.000
uncovers,0.000
unfaithfully,0.000
vapors,0.000
vats,0.000
vegetation,0.000
viewed,0.000
wafer,0.000
wardrobe,0.000
watchtower,0.000
weakened,0.000
weeds,0.000
whips,0.000
whistle,0.000
whiter,0.000
widowhood,0.000
winnow,0.000
worn,0.000
wove,0.000
wrestled,0.000
writer,0.000
yah,0.000
yea,0.000
yearned,0.000
zattu,0.000
zebub,0.000
zeeb,0.000
zerahiah,0.000
zered,0.000
zeresh,0.000
ziha,0.000
zipporah,0.000
zophar,0.000
zuph,0.000
gifts,0.000
loved,0.000
bitterly,0.000
blew,0.000
gomorrah,0.000
learn,0.000
aha,0.000
amos,0.000
blossom,0.000
blotted,0.000
contention,0.000
damage,0.000
dip,0.000
enosh,0.000
er,0.000
escapes,0.000
extend,0.000
flows,0.000
guiltless,0.000
hailstones,0.000
honeycomb,0.000
inhabit,0.000
lamented,0.000
languages,0.000
leap,0.000
lend,0.000
mantle,0.000
missing,0.000
morsel,0.000
mules,0.000
pegs,0.000
prolonged,0.000
pursues,0.000
renew,0.000
sells,0.000
seth,0.000
sheath,0.000
smell,0.000
snared,0.000
sticks,0.000
strip,0.000
tip,0.000
tithe,0.000
uprightly,0.000
uzza,0.000
feared,0.000
past,0.000
read,0.000
watch,0.000
husband,0.000
refuge,0.000
led,0.000
understanding,0.000
shepherd,0.000
middle,0.000
thorns,0.000
repay,0.000
spring,0.000
strengthen,0.000
forgiven,0.000
seized,0.000
teeth,0.000
belt,0.000
destroying,0.000
kindly,0.000
lodge,0.000
michael,0.000
myrrh,0.000
pull,0.000
rejoices,0.000
sets,0.000
surface,0.000
blessing,0.000
sleep,0.000
approve,0.000
arrayed,0.000
blasphemies,0.000
bush,0.000
closely,0.000
copper,0.000
debts,0.000
deprive,0.000
discord,0.000
exchanged,0.000
expose,0.000
foremost,0.000
hindered,0.000
huge,0.000
interpret,0.000
laden,0.000
miserable,0.000
misfortune,0.000
murderers,0.000
opinion,0.000
oppose,0.000
perfectly,0.000
race,0.000
rank,0.000
revile,0.000
solemnly,0.000
step,0.000
strengthens,0.000
uproar,0.000
worker,0.000
wise,0.000
lot,0.000
falsely,0.000
hands,0.000
depart,0.000
seize,0.000
pleased,0.000
rebuked,0.000
widows,0.000
closed,0.000
displeased,0.000
dog,0.000
forced,0.000
potter,0.000
earth,0.000
keeping,0.000
accusers,0.000
chance,0.000
diseases,0.000
drawing,0.000
exalts,0.000
forbidden,0.000
hanging,0.000
inscription,0.000
laying,0.000
nearest,0.000
purposes,0.000
seals,0.000
seasons,0.000
security,0.000
thrones,0.000
united,0.000
wipe,0.000
youths,0.000
twice,0.000
abominable,0.000
brightness,0.000
crushed,0.000
figs,0.000
subdued,0.000
hated,0.000
gives,0.000
fast,0.000
serpent,0.000
afraid,0.000
amminadab,0.000
attended,0.000
ax,0.000
bent,0.000
builds,0.000
complaint,0.000
confined,0.000
confounded,0.000
contempt,0.000
copy,0.000
counsels,0.000
cursing,0.000
curtain,0.000
deeply,0.000
disperse,0.000
faithfully,0.000
hurry,0.000
lacks,0.000
pitch,0.000
pitcher,0.000
reigns,0.000
skill,0.000
smooth,0.000
sole,0.000
treads,0.000
vile,0.000
waits,0.000
wells,0.000
forward,0.000
courage,0.000
finger,0.000
journeyed,0.000
mourned,0.000
request,0.000
thunder,0.000
trampled,0.000
waited,0.000
babes,0.000
confession,0.000
drop,0.000
exchange,0.000
fade,0.000
greeted,0.000
profitable,0.000
response,0.000
responsibility,0.000
taxes,0.000
treaty,0.000
ransom,0.000
sad,0.000
withered,0.000
longer,0.000
appoint,0.000
hid,0.000
refused,0.000
heir,0.000
mock,0.000
position,0.000
advised,0.000
fever,0.000
success,0.000
reed,0.000
stop,0.000
bridegroom,0.000
cold,0.000
deserted,0.000
issue,0.000
march,0.000
turning,0.000
new,0.000
elijah,0.000
animals,0.000
child,0.000
sin,0.000
comes,0.000
continued,0.000
passed,0.000
ambassadors,0.000
ar,0.000
attentive,0.000
beryl,0.000
boils,0.000
bolts,0.000
bountifully,0.000
coasts,0.000
couple,0.000
designated,0.000
destroyer,0.000
dreadful,0.000
entreat,0.000
erred,0.000
fashioned,0.000
fatness,0.000
flax,0.000
fleeing,0.000
hairs,0.000
horror,0.000
laughed,0.000
lawgiver,0.000
nails,0.000
necked,0.000
outcry,0.000
peleg,0.000
plowing,0.000
prophetess,0.000
quietness,0.000
raven,0.000
renown,0.000
rubies,0.000
runs,0.000
select,0.000
shrines,0.000
size,0.000
stocks,0.000
surrender,0.000
viper,0.000
wearied,0.000
wet,0.000
worms,0.000
bonds,0.000
considers,0.000
fasted,0.000
garrison,0.000
gathers,0.000
persuade,0.000
platter,0.000
visited,0.000
wither,0.000
small,0.000
showed,0.000
clay,0.000
obey,0.000
slaves,0.000
terror,0.000
command,0.000
inherit,0.000
brothers,0.000
sow,0.000
uncircumcised,0.000
abel,0.000
alas,0.000
baked,0.000
band,0.000
beneath,0.000
bitterness,0.000
pardon,0.000
tumult,0.000
drew,0.000
duty,0.000
formed,0.000
talked,0.000
white,0.000
despise,0.000
ended,0.000
secretly,0.000
aaronites,0.000
abda,0.000
abiezrites,0.000
abimael,0.000
abishalom,0.000
abishur,0.000
abital,0.000
abronah,0.000
abused,0.000
accounting,0.000
acquainted,0.000
active,0.000
adbeel,0.000
administer,0.000
adna,0.000
adnah,0.000
adoniram,0.000
adoram,0.000
adorns,0.000
adriel,0.000
adummim,0.000
agents,0.000
ahi,0.000
ahiam,0.000
ahisamach,0.000
ahlai,0.000
aided,0.000
ajah,0.000
algum,0.000
allon,0.000
almonds,0.000
almug,0.000
alush,0.000
amalekite,0.000
ambushes,0.000
amittai,0.000
ammi,0.000
amraphel,0.000
amzi,0.000
anab,0.000
anaiah,0.000
anamim,0.000
ananiah,0.000
anath,0.000
ancients,0.000
aner,0.000
antelope,0.000
antiquity,0.000
anxieties,0.000
appaim,0.000
appealing,0.000
appetite,0.000
apples,0.000
apportion,0.000
aran,0.000
archer,0.000
archway,0.000
ard,0.000
areli,0.000
arkite,0.000
armrests,0.000
arraign,0.000
arvad,0.000
arvadite,0.000
ashdodites,0.000
ashhur,0.000
ashtoreth,0.000
ashurites,0.000
assessment,0.000
atad,0.000
atroth,0.000
attacking,0.000
avim,0.000
avites,0.000
avith,0.000
awakened,0.000
awakes,0.000
awl,0.000
axles,0.000
azaliah,0.000
azriel,0.000
badgers,0.000
baladan,0.000
bandage,0.000
barkos,0.000
baz,0.000
bdellium,0.000
beans,0.000
bearers,0.000
bedad,0.000
bedan,0.000
beeroth,0.000
bell,0.000
beno,0.000
berachah,0.000
bereaved,0.000
bered,0.000
besai,0.000
besieging,0.000
betroth,0.000
bilgah,0.000
billows,0.000
bites,0.000
blended,0.000
blinds,0.000
blocked,0.000
blush,0.000
bocheru,0.000
bochim,0.000
bohan,0.000
booth,0.000
borrowed,0.000
borrower,0.000
bottles,0.000
bozkath,0.000
breakthrough,0.000
breathe,0.000
breathes,0.000
bred,0.000
brightened,0.000
broth,0.000
bruises,0.000
buckets,0.000
budded,0.000
bukkiah,0.000
bulge,0.000
bulrush,0.000
bulwarks,0.000
bunni,0.000
buries,0.000
burnings,0.000
buzzard,0.000
cabul,0.000
calah,0.000
calneh,0.000
cared,0.000
careless,0.000
caring,0.000
carmelitess,0.000
casluhim,0.000
ceramic,0.000
ceremonies,0.000
chaldean,0.000
channel,0.000
charioteers,0.000
charmed,0.000
charmers,0.000
chastisement,0.000
cheese,0.000
chelub,0.000
chephirah,0.000
cheran,0.000
cherith,0.000
chilion,0.000
chislev,0.000
circumference,0.000
cisterns,0.000
clan,0.000
clans,0.000
clapped,0.000
cleared,0.000
cleft,0.000
cloudy,0.000
coal,0.000
coastline,0.000
cobras,0.000
collapse,0.000
comforting,0.000
complacency,0.000
complacent,0.000
conceals,0.000
congregations,0.000
coniah,0.000
cononiah,0.000
consecrates,0.000
consented,0.000
console,0.000
constituency,0.000
cook,0.000
coriander,0.000
corresponding,0.000
corrupters,0.000
costs,0.000
countless,0.000
courtyards,0.000
covets,0.000
craftily,0.000
crags,0.000
crawling,0.000
cream,0.000
creditors,0.000
cupbearers,0.000
currency,0.000
current,0.000
cursings,0.000
cushi,0.000
custodian,0.000
daberath,0.000
dappled,0.000
darkon,0.000
decks,0.000
decreased,0.000
defecting,0.000
defectors,0.000
defending,0.000
defiantly,0.000
defiling,0.000
degenerate,0.000
delusions,0.000
deploy,0.000
deposed,0.000
desperately,0.000
destroyers,0.000
destructions,0.000
detained,0.000
detest,0.000
devastation,0.000
diadem,0.000
diklah,0.000
dinhabah,0.000
dire,0.000
directly,0.000
disclose,0.000
discourage,0.000
disfigurement,0.000
disguises,0.000
dophkah,0.000
dothan,0.000
downfall,0.000
drain,0.000
drench,0.000
dries,0.000
droves,0.000
eared,0.000
eczema,0.000
eglaim,0.000
eked,0.000
ekronites,0.000
elaborate,0.000
elasah,0.000
eldaah,0.000
eldad,0.000
eliah,0.000
eliam,0.000
eliathah,0.000
eliehoenai,0.000
ellasar,0.000
eltekeh,0.000
eltolad,0.000
elzabad,0.000
elzaphan,0.000
embarrassed,0.000
embroidery,0.000
emek,0.000
employed,0.000
encamps,0.000
encircling,0.000
endanger,0.000
enigmas,0.000
enraptured,0.000
enrich,0.000
enslave,0.000
enthroned,0.000
ephraimites,0.000
erech,0.000
eri,0.000
esh,0.000
eshban,0.000
ether,0.000
evermore,0.000
evi,0.000
exacting,0.000
excited,0.000
exported,0.000
extends,0.000
extinguished,0.000
extolled,0.000
ezbon,0.000
ezel,0.000
fading,0.000
famished,0.000
fangs,0.000
fare,0.000
fashion,0.000
fawns,0.000
fearfully,0.000
fiftieth,0.000
figures,0.000
fins,0.000
fisher,0.000
fix,0.000
flanges,0.000
flatter,0.000
flattery,0.000
flea,0.000
fleshhook,0.000
flew,0.000
flinty,0.000
floodwaters,0.000
floors,0.000
forefront,0.000
foresees,0.000
fortieth,0.000
fours,0.000
foursquare,0.000
fowler,0.000
friendly,0.000
frivolity,0.000
frozen,0.000
frustrates,0.000
furiously,0.000
gadi,0.000
gahar,0.000
galeed,0.000
gallim,0.000
gamul,0.000
gap,0.000
gape,0.000
gatam,0.000
gatepost,0.000
gatherers,0.000
gazites,0.000
gazzam,0.000
gebal,0.000
gebalites,0.000
gederah,0.000
gederoth,0.000
gether,0.000
giddalti,0.000
giloh,0.000
gilonite,0.000
girding,0.000
girds,0.000
girgashite,0.000
gittaim,0.000
gleanings,0.000
gloominess,0.000
goldsmiths,0.000
gore,0.000
government,0.000
grasps,0.000
grasshopper,0.000
gravel,0.000
grayheaded,0.000
greenish,0.000
groanings,0.000
growl,0.000
guardroom,0.000
gull,0.000
gur,0.000
habaiah,0.000
haccerem,0.000
hachilah,0.000
hadar,0.000
haggi,0.000
hagidgad,0.000
haired,0.000
halak,0.000
hallohesh,0.000
hamathite,0.000
hammath,0.000
hammers,0.000
hammon,0.000
hamon,0.000
handfuls,0.000
hare,0.000
harnessed,0.000
harshly,0.000
harvester,0.000
hash,0.000
hashabniah,0.000
hashmonah,0.000
hasupha,0.000
hatch,0.000
hatipha,0.000
hatita,0.000
hattil,0.000
haven,0.000
hedged,0.000
hegai,0.000
helah,0.000
helam,0.000
heldai,0.000
helek,0.000
helem,0.000
heleph,0.000
henna,0.000
hephzibah,0.000
heroes,0.000
hesed,0.000
hethlon,0.000
hezronites,0.000
hideouts,0.000
hillel,0.000
hillside,0.000
hinges,0.000
hirah,0.000
homers,0.000
hori,0.000
hornet,0.000
hostages,0.000
hotham,0.000
hothir,0.000
hozeh,0.000
hul,0.000
huldah,0.000
hundredth,0.000
hurls,0.000
hurting,0.000
hut,0.000
hyrax,0.000
ibleam,0.000
ibzan,0.000
ichabod,0.000
idleness,0.000
idly,0.000
ije,0.000
ijim,0.000
ikkesh,0.000
imla,0.000
imlah,0.000
imnah,0.000
imposes,0.000
imprisons,0.000
imri,0.000
inaugurated,0.000
incensed,0.000
india,0.000
inflammation,0.000
inhabiting,0.000
inlaid,0.000
innocents,0.000
instructs,0.000
intrigue,0.000
invade,0.000
iram,0.000
irijah,0.000
irons,0.000
ish,0.000
ishbak,0.000
ishmaelite,0.000
ishmaiah,0.000
islands,0.000
isolated,0.000
isshiah,0.000
ithiel,0.000
ithran,0.000
ithrite,0.000
jaala,0.000
jaaziah,0.000
jabez,0.000
jabneel,0.000
jackdaw,0.000
jada,0.000
jahleel,0.000
jahzah,0.000
jakim,0.000
janohah,0.000
japhlet,0.000
jarha,0.000
jarib,0.000
jasher,0.000
jashub,0.000
javelins,0.000
jecholiah,0.000
jehallelel,0.000
jehdeiah,0.000
jehoiarib,0.000
jehonadab,0.000
jehudi,0.000
jekameam,0.000
jemuel,0.000
jerahmeelites,0.000
jeriah,0.000
jeshimoth,0.000
jewel,0.000
jezaniah,0.000
jingling,0.000
jiphthah,0.000
jochebed,0.000
joha,0.000
joiada,0.000
joiarib,0.000
joking,0.000
joshaphat,0.000
joshbekashah,0.000
jubilant,0.000
juice,0.000
juttah,0.000
kain,0.000
karnaim,0.000
kedemah,0.000
kehelathah,0.000
kenath,0.000
keros,0.000
keveh,0.000
kicked,0.000
kishion,0.000
kisses,0.000
kite,0.000
kittim,0.000
knead,0.000
kneaded,0.000
kolaiah,0.000
ladles,0.000
lairs,0.000
lamenting,0.000
landmarks,0.000
lapped,0.000
lehabim,0.000
lender,0.000
lengthening,0.000
lent,0.000
libyans,0.000
limp,0.000
listing,0.000
literate,0.000
lock,0.000
loftiness,0.000
lovesick,0.000
lovingkindnesses,0.000
lowing,0.000
loyalty,0.000
ludim,0.000
luhith,0.000
maaziah,0.000
madai,0.000
madmannah,0.000
madmen,0.000
magdiel,0.000
mahalath,0.000
mahaneh,0.000
maharai,0.000
mahazioth,0.000
maher,0.000
mahlites,0.000
mahlon,0.000
mahseiah,0.000
maiden,0.000
mallothi,0.000
manahath,0.000
manassites,0.000
marcaboth,0.000
marches,0.000
mariners,0.000
market,0.000
marshes,0.000
marvelously,0.000
masrekah,0.000
massa,0.000
mast,0.000
mate,0.000
matred,0.000
mattanah,0.000
medad,0.000
medan,0.000
mede,0.000
medicines,0.000
meditates,0.000
mehida,0.000
meholah,0.000
meholathite,0.000
melah,0.000
memucan,0.000
mene,0.000
merab,0.000
mered,0.000
merom,0.000
meunites,0.000
mezahab,0.000
mibzar,0.000
micha,0.000
michah,0.000
michmas,0.000
migron,0.000
mijamin,0.000
millet,0.000
minnith,0.000
mirrors,0.000
miscarriage,0.000
miser,0.000
misrephoth,0.000
mission,0.000
mistreat,0.000
mistreats,0.000
mithkah,0.000
mithredath,0.000
mockery,0.000
moreh,0.000
moseroth,0.000
mountaintop,0.000
mountaintops,0.000
mouse,0.000
muddy,0.000
multicolored,0.000
mushites,0.000
musician,0.000
mustache,0.000
muster,0.000
mutter,0.000
naharai,0.000
naphtuhim,0.000
navel,0.000
necklace,0.000
necklaces,0.000
nehelamite,0.000
neighboring,0.000
nemuel,0.000
nephtoah,0.000
neziah,0.000
nimrah,0.000
nisan,0.000
nisroch,0.000
noadiah,0.000
nogah,0.000
nonsense,0.000
nuts,0.000
oars,0.000
oarsmen,0.000
obscene,0.000
occurrence,0.000
odor,0.000
offenders,0.000
ohad,0.000
omar,0.000
openings,0.000
operation,0.000
ore,0.000
orpah,0.000
outbreak,0.000
outcast,0.000
outermost,0.000
outlived,0.000
ovens,0.000
overall,0.000
overflowed,0.000
overlooks,0.000
overly,0.000
overturns,0.000
pace,0.000
paced,0.000
pacifies,0.000
padon,0.000
pained,0.000
paltiel,0.000
pant,0.000
pants,0.000
papyrus,0.000
partial,0.000
partridge,0.000
pathrusim,0.000
pathway,0.000
paved,0.000
peaks,0.000
pedestal,0.000
pekod,0.000
pelonite,0.000
pendants,0.000
peninnah,0.000
perfume,0.000
perfumed,0.000
perfumes,0.000
permanently,0.000
persian,0.000
pethor,0.000
pierces,0.000
pilots,0.000
pin,0.000
pinions,0.000
pinon,0.000
pithon,0.000
platform,0.000
platters,0.000
plight,0.000
plowman,0.000
plowmen,0.000
pochereth,0.000
ponds,0.000
poorest,0.000
porcupine,0.000
portrayed,0.000
pose,0.000
potiphar,0.000
potsherd,0.000
pounded,0.000
preparing,0.000
presses,0.000
princely,0.000
profanes,0.000
profaning,0.000
projecting,0.000
prolongs,0.000
prospect,0.000
prowler,0.000
prudently,0.000
prune,0.000
psaltery,0.000
purah,0.000
pyre,0.000
quality,0.000
quarried,0.000
queens,0.000
raamah,0.000
rabmag,0.000
rafts,0.000
rainy,0.000
rampart,0.000
random,0.000
rare,0.000
rashly,0.000
ration,0.000
rations,0.000
rats,0.000
rattling,0.000
ravaged,0.000
ravines,0.000
reaper,0.000
reba,0.000
recaptured,0.000
recesses,0.000
reckoned,0.000
recounted,0.000
redeems,0.000
reel,0.000
refers,0.000
refine,0.000
regem,0.000
renowned,0.000
repairing,0.000
repeats,0.000
reserves,0.000
restorer,0.000
retinue,0.000
reverse,0.000
revoke,0.000
rezeph,0.000
ribai,0.000
rid,0.000
ridden,0.000
rims,0.000
ripened,0.000
ripped,0.000
rishathaim,0.000
rissah,0.000
rithmah,0.000
rival,0.000
rogelim,0.000
romamti,0.000
rubbed,0.000
ruhamah,0.000
ruinous,0.000
rumbling,0.000
runners,0.000
sacar,0.000
sallu,0.000
sap,0.000
satiated,0.000
satisfies,0.000
scar,0.000
scattering,0.000
scented,0.000
schedule,0.000
schemer,0.000
scoundrels,0.000
scrape,0.000
screech,0.000
scum,0.000
seating,0.000
sedition,0.000
senaah,0.000
sered,0.000
settlements,0.000
sew,0.000
shaalbim,0.000
shaaph,0.000
shaaraim,0.000
shalal,0.000
shalisha,0.000
shalmaneser,0.000
shashak,0.000
shaveh,0.000
shaven,0.000
sheariah,0.000
shearing,0.000
shecaniah,0.000
sheds,0.000
sheepbreeder,0.000
shelters,0.000
shemer,0.000
shemida,0.000
shemuel,0.000
shepher,0.000
sheshach,0.000
sheshai,0.000
sheva,0.000
shihor,0.000
shillem,0.000
shimeah,0.000
shobach,0.000
shobai,0.000
shoe,0.000
shophach,0.000
shrine,0.000
shriveled,0.000
shrugged,0.000
shuah,0.000
shubael,0.000
shuni,0.000
shuns,0.000
siegeworks,0.000
sieve,0.000
sighs,0.000
signets,0.000
silly,0.000
sings,0.000
sinister,0.000
sinite,0.000
sirion,0.000
site,0.000
skilled,0.000
skinned,0.000
skirted,0.000
slandered,0.000
slightly,0.000
slingstones,0.000
slipped,0.000
slope,0.000
sluggard,0.000
smelled,0.000
smoother,0.000
snowy,0.000
sophereth,0.000
sorceress,0.000
sotai,0.000
southeast,0.000
sowing,0.000
spacious,0.000
specified,0.000
speeches,0.000
spite,0.000
spoiler,0.000
spokesman,0.000
spun,0.000
spurned,0.000
stabbed,0.000
stakes,0.000
stammering,0.000
startled,0.000
stonecutters,0.000
stouthearted,0.000
straits,0.000
strand,0.000
string,0.000
struggling,0.000
stubbornness,0.000
successive,0.000
suck,0.000
sullen,0.000
sundial,0.000
surpassed,0.000
surrendered,0.000
surrounds,0.000
surveyor,0.000
syene,0.000
tabbaoth,0.000
tabel,0.000
taberah,0.000
tadmor,0.000
tahan,0.000
tahpenes,0.000
tamah,0.000
tanhumeth,0.000
tarries,0.000
tartan,0.000
tassels,0.000
tasty,0.000
tearing,0.000
tekel,0.000
tekoite,0.000
tekoites,0.000
telassar,0.000
telem,0.000
teresh,0.000
terrifies,0.000
thebez,0.000
thicker,0.000
thicket,0.000
thickness,0.000
thistle,0.000
threshed,0.000
tidal,0.000
tikvah,0.000
tills,0.000
timna,0.000
tiphsah,0.000
tiras,0.000
tirhakah,0.000
toils,0.000
tongs,0.000
topmost,0.000
torrent,0.000
tou,0.000
tragedy,0.000
traps,0.000
treasured,0.000
trifles,0.000
troubler,0.000
troublesome,0.000
trough,0.000
troughs,0.000
tumultuous,0.000
ulai,0.000
unfamiliar,0.000
unni,0.000
untended,0.000
unwalled,0.000
uphaz,0.000
upstream,0.000
uthai,0.000
uzal,0.000
vagabond,0.000
valuables,0.000
vanities,0.000
vanquished,0.000
vassal,0.000
vegetable,0.000
venom,0.000
verdant,0.000
vermilion,0.000
vexed,0.000
vindicated,0.000
violated,0.000
vomited,0.000
vultures,0.000
wagons,0.000
waists,0.000
waiters,0.000
wakened,0.000
washpot,0.000
watchers,0.000
watersprings,0.000
wearies,0.000
wearisome,0.000
wellspring,0.000
whelp,0.000
whirling,0.000
whirlwinds,0.000
winepresses,0.000
winged,0.000
winks,0.000
wipes,0.000
worthlessness,0.000
wrap,0.000
wrathful,0.000
wrecked,0.000
wrested,0.000
zaavan,0.000
zabbai,0.000
zabdiel,0.000
zalmon,0.000
zaretan,0.000
zebaim,0.000
zeboim,0.000
zebulunite,0.000
zedad,0.000
zedek,0.000
zelah,0.000
zelek,0.000
zemaraim,0.000
zemarite,0.000
zepho,0.000
zereth,0.000
zibiah,0.000
zillah,0.000
zillethai,0.000
zimmah,0.000
zimran,0.000
ziphites,0.000
ziv,0.000
ziza,0.000
zoba,0.000
zophah,0.000
zophim,0.000
zorathites,0.000
furthermore,0.000
moment,0.000
searched,0.000
silence,0.000
wander,0.000
ears,0.000
lamp,0.000
season,0.000
grieved,0.000
invited,0.000
feast,0.000
double,0.000
gain,0.000
wives,0.000
desired,0.000
skillful,0.000
talk,0.000
ride,0.000
abounds,0.000
acceptance,0.000
actions,0.000
aid,0.000
apes,0.000
bewildered,0.000
burdened,0.000
cheat,0.000
conferred,0.000
confesses,0.000
danger,0.000
deception,0.000
deposit,0.000
details,0.000
dinner,0.000
disappear,0.000
dress,0.000
drown,0.000
easily,0.000
embracing,0.000
engulfed,0.000
exact,0.000
expenses,0.000
glories,0.000
grains,0.000
growing,0.000
healthy,0.000
implore,0.000
indignant,0.000
instructions,0.000
involved,0.000
knapsack,0.000
kneeling,0.000
laboring,0.000
lady,0.000
level,0.000
marrying,0.000
material,0.000
midday,0.000
mirror,0.000
mob,0.000
monstrous,0.000
mud,0.000
multiplying,0.000
murders,0.000
occupied,0.000
opponent,0.000
overtaken,0.000
owed,0.000
pardoning,0.000
peaceable,0.000
perpetuated,0.000
persistent,0.000
pledged,0.000
possesses,0.000
press,0.000
proceeding,0.000
reconcile,0.000
retreat,0.000
salmon,0.000
scorched,0.000
scourged,0.000
skull,0.000
solitary,0.000
spectacle,0.000
speechless,0.000
spilled,0.000
stewards,0.000
strongest,0.000
study,0.000
submits,0.000
sufficiently,0.000
sunset,0.000
supplied,0.000
surprised,0.000
trickery,0.000
twisted,0.000
useful,0.000
warfare,0.000
widespread,0.000
commander,0.000
master,0.000
prepared,0.000
fish,0.000
gained,0.000
leaves,0.000
redemption,0.000
stoned,0.000
sinai,0.000
comforts,0.000
direct,0.000
forehead,0.000
founded,0.000
hagar,0.000
hall,0.000
helmet,0.000
hire,0.000
including,0.000
lilies,0.000
lo,0.000
memory,0.000
pierce,0.000
quench,0.000
refined,0.000
round,0.000
seashore,0.000
securely,0.000
shealtiel,0.000
shortened,0.000
showers,0.000
spreading,0.000
store,0.000
stretches,0.000
stripped,0.000
tall,0.000
torches,0.000
vomit,0.000
tree,0.000
matter,0.000
blessed,0.000
reported,0.000
unto,0.000
appointed,0.000
666,0.000
8th,0.000
9th,0.000
abaddon,0.000
abase,0.000
abated,0.000
abates,0.000
abiding,0.000
abilene,0.000
aboard,0.000
abrogate,0.000
abrogation,0.000
absolve,0.000
abstinence,0.000
abu,0.000
accent,0.000
acceptably,0.000
accompany,0.000
accomplishment,0.000
accusations,0.000
accuses,0.000
achieves,0.000
achim,0.000
acknowledges,0.000
addi,0.000
additional,0.000
adjourned,0.000
administration,0.000
administrations,0.000
admired,0.000
admits,0.000
admitting,0.000
admonishing,0.000
adopted,0.000
adoration,0.000
adornment,0.000
adramyttium,0.000
adriatic,0.000
ads,0.000
advancing,0.000
advent,0.000
adverse,0.000
advises,0.000
advisor,0.000
advocate,0.000
aenon,0.000
affair,0.000
affectionate,0.000
affectionately,0.000
affections,0.000
aggression,0.000
agonies,0.000
ahmad,0.000
ahqaf,0.000
aide,0.000
ailment,0.000
aimless,0.000
aimlessly,0.000
aisha,0.000
akel,0.000
alexandria,0.000
alexandrians,0.000
alighting,0.000
allah,0.000
allege,0.000
allows,0.000
aloft,0.000
alteration,0.000
alternates,0.000
amass,0.000
amazedly,0.000
ambitions,0.000
amidst,0.000
amorous,0.000
amphipolis,0.000
ample,0.000
amplias,0.000
andronicus,0.000
anise,0.000
ankle,0.000
announcement,0.000
annoyance,0.000
annoying,0.000
annulling,0.000
annuls,0.000
anothcr,0.000
anticipate,0.000
anticipated,0.000
antipas,0.000
antipatris,0.000
antitype,0.000
anxiously,0.000
apelles,0.000
apollonia,0.000
apollyon,0.000
appareled,0.000
apparent,0.000
apphia,0.000
applies,0.000
appraoched,0.000
appreciation,0.000
apprehend,0.000
apprehended,0.000
approves,0.000
aqaba,0.000
aqsa,0.000
arbiters,0.000
arbitrator,0.000
archelaus,0.000
areopagite,0.000
aretas,0.000
arising,0.000
aristobulus,0.000
armageddon,0.000
aromatic,0.000
arranging,0.000
artemas,0.000
arteries,0.000
artery,0.000
artificial,0.000
assail,0.000
assembling,0.000
assented,0.000
assisted,0.000
assure,0.000
asylum,0.000
asyncritus,0.000
athenians,0.000
athletics,0.000
attach,0.000
attaining,0.000
attalia,0.000
attempted,0.000
attempting,0.000
attendant,0.000
attorney,0.000
attracting,0.000
attraction,0.000
attribute,0.000
attributed,0.000
audible,0.000
auditorium,0.000
authorized,0.000
available,0.000
avarice,0.000
avaricious,0.000
aversion,0.000
awaking,0.000
ayn,0.000
azar,0.000
azor,0.000
azotus,0.000
ba,0.000
backbiter,0.000
backbiters,0.000
bahirah,0.000
banana,0.000
bankrupt,0.000
baptisms,0.000
baptizer,0.000
baptizes,0.000
barbarian,0.000
barbarians,0.000
barely,0.000
bartimaeus,0.000
bashfully,0.000
basin,0.000
basis,0.000
battered,0.000
beach,0.000
beautifully,0.000
beckoned,0.000
bedeck,0.000
bedridden,0.000
befitting,0.000
beggarly,0.000
beholding,0.000
belial,0.000
benefactors,0.000
beneficiary,0.000
benefited,0.000
bethabara,0.000
bethesda,0.000
bethphage,0.000
betrayers,0.000
bewitch,0.000
bishops,0.000
biting,0.000
blacken,0.000
blackened,0.000
blackens,0.000
blameworthy,0.000
blasphemer,0.000
blasphemers,0.000
blaspheming,0.000
blasphemously,0.000
blastus,0.000
blindfold,0.000
blink,0.000
boanerges,0.000
boarded,0.000
boastfulness,0.000
boisterous,0.000
bondsman,0.000
bosoms,0.000
brave,0.000
braying,0.000
breaker,0.000
breathing,0.000
breeze,0.000
brewing,0.000
bridge,0.000
bridles,0.000
briefly,0.000
brightens,0.000
brilliantly,0.000
broiled,0.000
bruising,0.000
buffet,0.000
bursts,0.000
busybodies,0.000
busybody,0.000
bygone,0.000
cables,0.000
calculate,0.000
calculation,0.000
caller,0.000
calvary,0.000
campaign,0.000
camphor,0.000
cananite,0.000
cancer,0.000
candace,0.000
carded,0.000
carouse,0.000
carpenter,0.000
carpets,0.000
carpus,0.000
carrier,0.000
castles,0.000
catching,0.000
ceaselessly,0.000
celestial,0.000
cenchrea,0.000
certified,0.000
chalcedony,0.000
challenged,0.000
challenges,0.000
chapters,0.000
characters,0.000
charities,0.000
cheating,0.000
cheerfully,0.000
cheerfulness,0.000
cherish,0.000
cherished,0.000
chicks,0.000
chins,0.000
chios,0.000
chloe,0.000
chokes,0.000
choosing,0.000
chrysolite,0.000
chrysoprase,0.000
chuza,0.000
circling,0.000
circumspectly,0.000
circumstances,0.000
citron,0.000
claiming,0.000
clamor,0.000
clanging,0.000
clapping,0.000
clarified,0.000
clarifies,0.000
clarifying,0.000
clauda,0.000
claudia,0.000
claw,0.000
clayy,0.000
cleave,0.000
clement,0.000
cleopas,0.000
clerk,0.000
climate,0.000
climbing,0.000
cloaked,0.000
clopas,0.000
closest,0.000
cnidus,0.000
collected,0.000
collections,0.000
collects,0.000
colony,0.000
colosse,0.000
columned,0.000
comfortable,0.000
commemorating,0.000
commencing,0.000
commendable,0.000
commendation,0.000
commends,0.000
commission,0.000
commonly,0.000
commonwealth,0.000
commotions,0.000
communication,0.000
community,0.000
compares,0.000
compensation,0.000
compense,0.000
complainers,0.000
complains,0.000
completing,0.000
completion,0.000
comprehends,0.000
conceit,0.000
conceited,0.000
concession,0.000
conclude,0.000
concrete,0.000
confidently,0.000
confine,0.000
conflicts,0.000
conforming,0.000
confound,0.000
confrontation,0.000
confusing,0.000
conjectures,0.000
conquering,0.000
conquerors,0.000
conquest,0.000
consciences,0.000
consequently,0.000
considerable,0.000
considerate,0.000
consistent,0.000
consisting,0.000
constrained,0.000
containers,0.000
contending,0.000
contentment,0.000
context,0.000
contradicting,0.000
contradiction,0.000
conveniently,0.000
conventionally,0.000
conversion,0.000
convicts,0.000
convince,0.000
convincing,0.000
convulses,0.000
cooperate,0.000
copies,0.000
coppersmith,0.000
corban,0.000
correcting,0.000
corresponds,0.000
corroded,0.000
corrosion,0.000
corrupts,0.000
cos,0.000
cosam,0.000
countryman,0.000
courteous,0.000
courteously,0.000
courtesy,0.000
cousin,0.000
coveted,0.000
cracks,0.000
craft,0.000
creations,0.000
crept,0.000
crescens,0.000
cretans,0.000
cripple,0.000
criticize,0.000
criticized,0.000
crowded,0.000
crowing,0.000
crumbled,0.000
crumbling,0.000
cumi,0.000
cures,0.000
customarily,0.000
cycles,0.000
cymbal,0.000
cyrenians,0.000
dalmanutha,0.000
dalmatia,0.000
dam,0.000
dama,0.000
damaris,0.000
damascenes,0.000
dangerous,0.000
dangers,0.000
darkening,0.000
darkest,0.000
date,0.000
dawns,0.000
deadline,0.000
deadness,0.000
deafen,0.000
debased,0.000
decently,0.000
deceptions,0.000
declines,0.000
declining,0.000
decreeing,0.000
deemed,0.000
deepest,0.000
defame,0.000
defamed,0.000
defendant,0.000
defends,0.000
defenseless,0.000
defensible,0.000
defensive,0.000
deferred,0.000
deficiency,0.000
deliberate,0.000
demonic,0.000
demonstrates,0.000
demonstrating,0.000
demonstration,0.000
denounces,0.000
dependable,0.000
depressed,0.000
deputation,0.000
derided,0.000
derived,0.000
describes,0.000
describing,0.000
desertion,0.000
designates,0.000
despicable,0.000
despising,0.000
despondent,0.000
destinies,0.000
destructor,0.000
detached,0.000
detachment,0.000
detention,0.000
determining,0.000
developed,0.000
developing,0.000
deviation,0.000
deviations,0.000
deviators,0.000
devilish,0.000
devoutly,0.000
dhil,0.000
dhul,0.000
dhulkifl,0.000
diadems,0.000
diameters,0.000
dictate,0.000
dictated,0.000
differed,0.000
differs,0.000
diffuses,0.000
dignified,0.000
dimly,0.000
dimwit,0.000
dimwits,0.000
dining,0.000
dionysius,0.000
diotrephes,0.000
dips,0.000
disable,0.000
disapproved,0.000
disarmed,0.000
disastrous,0.000
disavow,0.000
disbelieves,0.000
discerner,0.000
discreet,0.000
discussed,0.000
discussing,0.000
discussion,0.000
disgusting,0.000
disintegrate,0.000
disintegrated,0.000
disliked,0.000
disliking,0.000
dislocated,0.000
disloyalty,0.000
disowned,0.000
dispensation,0.000
disposal,0.000
dispose,0.000
disputer,0.000
disregarding,0.000
disrepute,0.000
dissensions,0.000
dissimulation,0.000
distances,0.000
distort,0.000
distracted,0.000
distraction,0.000
ditches,0.000
dive,0.000
dived,0.000
divert,0.000
divinity,0.000
divisive,0.000
divulged,0.000
domain,0.000
dominates,0.000
dominating,0.000
donate,0.000
donations,0.000
dorcas,0.000
dower,0.000
downcast,0.000
downtrodden,0.000
dreamers,0.000
dreamt,0.000
drift,0.000
drizzle,0.000
dropsy,0.000
drusilla,0.000
dues,0.000
dunghill,0.000
durable,0.000
dysentery,0.000
earlier,0.000
earn,0.000
earths,0.000
eclipsed,0.000
educated,0.000
effaces,0.000
efficient,0.000
ejected,0.000
elbows,0.000
eldership,0.000
elementary,0.000
elephant,0.000
eliminate,0.000
eliud,0.000
elmodam,0.000
eloi,0.000
elymas,0.000
embankment,0.000
emboldened,0.000
embryos,0.000
employer,0.000
enchained,0.000
encounter,0.000
endeared,0.000
endeavored,0.000
endeavoring,0.000
endless,0.000
endued,0.000
engrossed,0.000
engulfs,0.000
enjoin,0.000
enjoined,0.000
enjoins,0.000
enlightens,0.000
enlisted,0.000
enrage,0.000
ensnares,0.000
ensue,0.000
ensure,0.000
entangle,0.000
entanglements,0.000
entangles,0.000
entertain,0.000
enthusiastically,0.000
entitled,0.000
enumerated,0.000
envying,0.000
epaenetus,0.000
ephesian,0.000
ephphatha,0.000
epileptic,0.000
epileptics,0.000
equipping,0.000
eram,0.000
esli,0.000
establishment,0.000
establishments,0.000
estate,0.000
esteeming,0.000
esteems,0.000
eubulus,0.000
eunice,0.000
euroclydon,0.000
eutychus,0.000
evaluated,0.000
evangelists,0.000
evert,0.000
evidently,0.000
ex,0.000
examination,0.000
examining,0.000
excepted,0.000
exceptional,0.000
exceptions,0.000
exclaim,0.000
exclaimed,0.000
exclusion,0.000
exclusively,0.000
excusing,0.000
executioner,0.000
exhortations,0.000
exhorts,0.000
exit,0.000
exorcise,0.000
exorcists,0.000
expands,0.000
expelling,0.000
expiated,0.000
expiration,0.000
explodes,0.000
expressed,0.000
extinct,0.000
extinguishes,0.000
extra,0.000
extract,0.000
extravagant,0.000
fabricated,0.000
fairly,0.000
fairness,0.000
fared,0.000
fatal,0.000
fated,0.000
fathoms,0.000
fatten,0.000
favoritism,0.000
felicity,0.000
fertilize,0.000
fervently,0.000
fibre,0.000
fidelity,0.000
figuratively,0.000
figurehead,0.000
finalize,0.000
finisher,0.000
firewood,0.000
firmness,0.000
firstfruit,0.000
fixedly,0.000
flaw,0.000
flawless,0.000
flaws,0.000
floated,0.000
floats,0.000
flogged,0.000
flourished,0.000
flowery,0.000
flutists,0.000
foam,0.000
folded,0.000
forelock,0.000
foreordained,0.000
forerunner,0.000
foresaw,0.000
foresight,0.000
foretell,0.000
forewarned,0.000
forgetful,0.000
forgivenes,0.000
forgiver,0.000
formations,0.000
fornications,0.000
forsaking,0.000
fortunate,0.000
frailest,0.000
framed,0.000
frankly,0.000
fraudulent,0.000
freedman,0.000
freedmen,0.000
freezing,0.000
friday,0.000
fright,0.000
frustration,0.000
fueled,0.000
fulfilling,0.000
fullest,0.000
function,0.000
fundamental,0.000
furlongs,0.000
furtherance,0.000
gabbatha,0.000
gallons,0.000
gardener,0.000
garland,0.000
garlands,0.000
gatherings,0.000
gazed,0.000
generate,0.000
gennesaret,0.000
genuineness,0.000
gergesenes,0.000
giver,0.000
glancing,0.000
glorifies,0.000
glorying,0.000
gnawed,0.000
goal,0.000
goals,0.000
goatskins,0.000
gospels,0.000
gossip,0.000
gossiping,0.000
gourd,0.000
grabbed,0.000
gradually,0.000
graft,0.000
grandfathers,0.000
gratefully,0.000
graveclothes,0.000
grazing,0.000
greediest,0.000
greediness,0.000
grey,0.000
grieving,0.000
groans,0.000
grounding,0.000
grudges,0.000
grudging,0.000
grumble,0.000
grumblers,0.000
grumbling,0.000
guarantor,0.000
guesswork,0.000
guilts,0.000
gullible,0.000
gushing,0.000
hailstone,0.000
hami,0.000
handcuffed,0.000
handwriting,0.000
happier,0.000
happily,0.000
hardworking,0.000
harming,0.000
harut,0.000
harvestable,0.000
havens,0.000
havoc,0.000
hawiya,0.000
hawiyah,0.000
headstrong,0.000
hearer,0.000
heathen,0.000
heinous,0.000
heli,0.000
helmsman,0.000
helplessness,0.000
henceforth,0.000
hermas,0.000
hermogenes,0.000
herodion,0.000
hesitant,0.000
hierapolis,0.000
hijr,0.000
hireling,0.000
hiring,0.000
hives,0.000
hoarded,0.000
hoisted,0.000
homeless,0.000
homely,0.000
homemakers,0.000
homosexuals,0.000
hoofs,0.000
hospitality,0.000
householder,0.000
humanity,0.000
humbling,0.000
hunayn,0.000
hurl,0.000
hurricane,0.000
hurrying,0.000
husk,0.000
hutamah,0.000
hyacinth,0.000
hypocrisies,0.000
ibah,0.000
identical,0.000
idolatries,0.000
idumea,0.000
ignominy,0.000
ignoring,0.000
illusion,0.000
illustration,0.000
illyricum,0.000
imbalance,0.000
imitators,0.000
immigrant,0.000
immigrants,0.000
immutability,0.000
immutable,0.000
impenitent,0.000
imperishable,0.000
implanted,0.000
impregnating,0.000
impression,0.000
imprisonments,0.000
improperly,0.000
improve,0.000
improves,0.000
imputes,0.000
imputing,0.000
inattentive,0.000
incantations,0.000
incite,0.000
inciting,0.000
includes,0.000
indestructible,0.000
indicated,0.000
indicates,0.000
indicating,0.000
indirect,0.000
indiscriminately,0.000
indulging,0.000
inexcusable,0.000
infallible,0.000
infidel,0.000
influence,0.000
ingratitude,0.000
initially,0.000
initiative,0.000
innkeeper,0.000
inquiries,0.000
inquiring,0.000
insanity,0.000
insight,0.000
insistent,0.000
inspected,0.000
instigator,0.000
instituted,0.000
instructing,0.000
instructive,0.000
instructors,0.000
insubordination,0.000
intends,0.000
intensified,0.000
intensifies,0.000
intercedes,0.000
intercessions,0.000
intercourse,0.000
intimidate,0.000
intolerable,0.000
intoxication,0.000
introduced,0.000
intruders,0.000
intruding,0.000
invalidate,0.000
inventions,0.000
inventors,0.000
invested,0.000
investigations,0.000
investment,0.000
invincible,0.000
inviolable,0.000
invoked,0.000
involves,0.000
irrevocable,0.000
irrigated,0.000
issuing,0.000
italian,0.000
itching,0.000
itinerant,0.000
iturea,0.000
jailer,0.000
jambres,0.000
janna,0.000
jannes,0.000
jealousies,0.000
jealously,0.000
jesting,0.000
jewelled,0.000
jihad,0.000
joannas,0.000
joining,0.000
jonan,0.000
jorim,0.000
jose,0.000
jot,0.000
journeying,0.000
judaism,0.000
judi,0.000
jugular,0.000
julia,0.000
julius,0.000
jump,0.000
junia,0.000
jurisdiction,0.000
justifier,0.000
kaf,0.000
keen,0.000
kidnappers,0.000
kifl,0.000
killer,0.000
kinder,0.000
kinsfolk,0.000
kinship,0.000
knocking,0.000
knower,0.000
lace,0.000
ladders,0.000
lag,0.000
lagged,0.000
lagging,0.000
lahab,0.000
lanes,0.000
lasea,0.000
lashes,0.000
lastly,0.000
lat,0.000
latest,0.000
launch,0.000
launched,0.000
launderer,0.000
lazily,0.000
learns,0.000
learnt,0.000
lease,0.000
lebbaeus,0.000
leftover,0.000
legend,0.000
legions,0.000
lengthy,0.000
lenient,0.000
lessons,0.000
levitical,0.000
liable,0.000
liberal,0.000
ligaments,0.000
liked,0.000
linguistic,0.000
linus,0.000
loans,0.000
lois,0.000
longest,0.000
lordship,0.000
losing,0.000
loveable,0.000
lover,0.000
lowered,0.000
lucius,0.000
lukewarm,0.000
lure,0.000
lycaonia,0.000
lycaonian,0.000
lycia,0.000
lysanias,0.000
maath,0.000
macedonian,0.000
magdala,0.000
magnificence,0.000
mainsail,0.000
major,0.000
malchus,0.000
maliciousness,0.000
manaen,0.000
manat,0.000
manifestation,0.000
mankindîwhich,0.000
mannered,0.000
manslayers,0.000
manufacture,0.000
manufactured,0.000
marut,0.000
marveling,0.000
marwah,0.000
masts,0.000
match,0.000
mattathah,0.000
meanings,0.000
mediate,0.000
melea,0.000
memories,0.000
menan,0.000
menopause,0.000
menses,0.000
menstrual,0.000
menstruation,0.000
merchandising,0.000
merge,0.000
merged,0.000
merit,0.000
merriment,0.000
metaphor,0.000
metaphors,0.000
method,0.000
mile,0.000
mindedness,0.000
ministries,0.000
minor,0.000
mint,0.000
minus,0.000
miraculous,0.000
miraculously,0.000
mirage,0.000
mirages,0.000
misdeeds,0.000
miserably,0.000
miseries,0.000
miserly,0.000
misfortunes,0.000
misguidance,0.000
misguide,0.000
misinterpret,0.000
mispronounce,0.000
misusing,0.000
mite,0.000
mites,0.000
mitylene,0.000
mnason,0.000
mockings,0.000
modeler,0.000
moderation,0.000
modesty,0.000
moloch,0.000
moments,0.000
monasteries,0.000
monastic,0.000
moraly,0.000
mortality,0.000
moths,0.000
motion,0.000
motivate,0.000
motivates,0.000
mountainous,0.000
movements,0.000
mowed,0.000
murmur,0.000
murmuring,0.000
musk,0.000
myra,0.000
myriads,0.000
naggai,0.000
nailed,0.000
nain,0.000
narcissus,0.000
narrative,0.000
nasr,0.000
nazarene,0.000
nazarenes,0.000
neapolis,0.000
neatly,0.000
necessarily,0.000
needful,0.000
needlessly,0.000
nereus,0.000
neri,0.000
nervous,0.000
nested,0.000
newborn,0.000
nicanor,0.000
nicolas,0.000
nicopolis,0.000
nieces,0.000
niger,0.000
nightly,0.000
ninevites,0.000
nobleman,0.000
nodded,0.000
normal,0.000
normally,0.000
northwest,0.000
noticed,0.000
novice,0.000
nymphas,0.000
objection,0.000
objections,0.000
objects,0.000
oblige,0.000
oblivion,0.000
obscured,0.000
obsessed,0.000
obsolete,0.000
obstinately,0.000
obstructed,0.000
obstructing,0.000
obvious,0.000
occupies,0.000
odd,0.000
officiated,0.000
offsprings,0.000
oils,0.000
oldness,0.000
olympas,0.000
omen,0.000
omission,0.000
omnipotent,0.000
omniscient,0.000
onions,0.000
operate,0.000
opponents,0.000
orator,0.000
orbiting,0.000
ordain,0.000
ordering,0.000
organize,0.000
originally,0.000
originate,0.000
orphaned,0.000
outbursts,0.000
outwardly,0.000
overextending,0.000
overlooked,0.000
overs,0.000
overshadow,0.000
overshadowing,0.000
owes,0.000
ownership,0.000
packed,0.000
pact,0.000
palatable,0.000
paralytics,0.000
parchment,0.000
parchments,0.000
parmenas,0.000
partaken,0.000
partakes,0.000
parthians,0.000
participating,0.000
particles,0.000
pastors,0.000
patara,0.000
patch,0.000
patmos,0.000
patrobas,0.000
patrons,0.000
paulus,0.000
pave,0.000
payable,0.000
peacemakers,0.000
pearl,0.000
pears,0.000
pebbles,0.000
peddling,0.000
peninsula,0.000
penny,0.000
pens,0.000
perceiving,0.000
perfects,0.000
performance,0.000
performances,0.000
perilous,0.000
perils,0.000
perishable,0.000
permitting,0.000
perpetrator,0.000
persecutor,0.000
persevere,0.000
persevered,0.000
persis,0.000
persisting,0.000
persuades,0.000
persuasion,0.000
philemon,0.000
philetus,0.000
philippians,0.000
philologus,0.000
philosophy,0.000
phlegon,0.000
phoenician,0.000
phoenix,0.000
phygellus,0.000
physically,0.000
picture,0.000
piled,0.000
pilfering,0.000
pillow,0.000
pilot,0.000
piped,0.000
pitiable,0.000
placing,0.000
planner,0.000
plaything,0.000
pleadingly,0.000
plentifully,0.000
plotters,0.000
ploughing,0.000
plunged,0.000
pods,0.000
poetry,0.000
polite,0.000
pollutions,0.000
poorly,0.000
porcius,0.000
posses,0.000
possessors,0.000
possibilities,0.000
possibility,0.000
postpone,0.000
potentate,0.000
pottery,0.000
pounds,0.000
preachers,0.000
preappointed,0.000
precaution,0.000
preceded,0.000
preceding,0.000
precise,0.000
precisely,0.000
predict,0.000
predictions,0.000
prejudice,0.000
premeditate,0.000
presentable,0.000
prestige,0.000
pretender,0.000
priced,0.000
principle,0.000
print,0.000
printed,0.000
prints,0.000
prior,0.000
priority,0.000
prisca,0.000
privacy,0.000
proceedings,0.000
prochorus,0.000
proconsuls,0.000
prodigal,0.000
productive,0.000
profess,0.000
profession,0.000
profited,0.000
prohibiting,0.000
prohibition,0.000
prohibitions,0.000
prohibits,0.000
promoter,0.000
prompt,0.000
propagation,0.000
properties,0.000
proportionate,0.000
prospects,0.000
prostitution,0.000
protested,0.000
protesting,0.000
provident,0.000
prunes,0.000
ptolemais,0.000
pudens,0.000
puffs,0.000
punishemnt,0.000
pursuits,0.000
puteoli,0.000
quadrans,0.000
qualify,0.000
quarreling,0.000
quart,0.000
quarts,0.000
quartus,0.000
quirinius,0.000
quraish,0.000
rabboni,0.000
raca,0.000
raced,0.000
racing,0.000
raining,0.000
rainstorm,0.000
ramadan,0.000
rarely,0.000
ravaging,0.000
reaching,0.000
reader,0.000
reaffirm,0.000
realities,0.000
rebecca,0.000
rebuking,0.000
recalled,0.000
recede,0.000
recipients,0.000
recites,0.000
referred,0.000
reformation,0.000
reformers,0.000
refusal,0.000
regaining,0.000
regiment,0.000
regretful,0.000
regrettable,0.000
regulate,0.000
regulation,0.000
rejectors,0.000
rejoicingly,0.000
relationship,0.000
relationships,0.000
releases,0.000
relish,0.000
relying,0.000
remembring,0.000
remphan,0.000
renders,0.000
rented,0.000
repeatedly,0.000
repelled,0.000
repelling,0.000
replaces,0.000
replenishing,0.000
reporter,0.000
reprobates,0.000
reproof,0.000
requests,0.000
requirement,0.000
resemble,0.000
resembles,0.000
reservoirs,0.000
responsibilities,0.000
restoration,0.000
restraining,0.000
restrictions,0.000
resulted,0.000
resulting,0.000
resumed,0.000
retaliates,0.000
retreating,0.000
reunited,0.000
revelry,0.000
revered,0.000
reversed,0.000
reviler,0.000
revilers,0.000
rewarder,0.000
rhegium,0.000
rhesa,0.000
rhodes,0.000
rigid,0.000
ringleader,0.000
rotate,0.000
rotating,0.000
rowing,0.000
rub,0.000
rudely,0.000
rust,0.000
sa,0.000
sadness,0.000
safa,0.000
safeguard,0.000
safest,0.000
saint,0.000
salamis,0.000
salim,0.000
salmone,0.000
salute,0.000
salve,0.000
samos,0.000
samothrace,0.000
sanctioned,0.000
sands,0.000
sapphira,0.000
sardonyx,0.000
satisfaction,0.000
savage,0.000
sawn,0.000
scald,0.000
scalding,0.000
sceva,0.000
schism,0.000
school,0.000
scorches,0.000
scourgings,0.000
scowled,0.000
scruples,0.000
scrupulous,0.000
sculpture,0.000
scythian,0.000
seafood,0.000
sealing,0.000
seasonal,0.000
secundus,0.000
secured,0.000
seizure,0.000
seleucia,0.000
semei,0.000
senile,0.000
senility,0.000
sensed,0.000
sentences,0.000
separately,0.000
serenely,0.000
sergius,0.000
seriously,0.000
settlement,0.000
settlers,0.000
sewing,0.000
sews,0.000
shades,0.000
shapes,0.000
sharpness,0.000
shearer,0.000
sheathed,0.000
sheepskins,0.000
shells,0.000
shipmaster,0.000
shipwreck,0.000
shipwrecked,0.000
shiver,0.000
shod,0.000
shoes,0.000
shortages,0.000
shortcomings,0.000
shorten,0.000
shortsighted,0.000
shower,0.000
shrink,0.000
shun,0.000
sided,0.000
sideways,0.000
siesta,0.000
sighted,0.000
sights,0.000
significance,0.000
signified,0.000
signpost,0.000
similarly,0.000
similitude,0.000
sinfully,0.000
sinking,0.000
sip,0.000
sirius,0.000
sirs,0.000
sites,0.000
sizes,0.000
skeptical,0.000
slackness,0.000
slanderously,0.000
slaps,0.000
slaughtering,0.000
sluggish,0.000
slumbered,0.000
smiting,0.000
smokeless,0.000
smother,0.000
snatched,0.000
softened,0.000
solicitation,0.000
somebody,0.000
somewhat,0.000
sopater,0.000
sorrowed,0.000
sorrowing,0.000
soundings,0.000
southwest,0.000
sparingly,0.000
sparkling,0.000
speaker,0.000
spearmen,0.000
specialists,0.000
species,0.000
specify,0.000
spender,0.000
spinning,0.000
splendid,0.000
spontaneously,0.000
spurred,0.000
squads,0.000
squanderers,0.000
stachys,0.000
stages,0.000
stake,0.000
stationary,0.000
stealth,0.000
steams,0.000
stopping,0.000
storms,0.000
straightforward,0.000
strain,0.000
straining,0.000
strangulation,0.000
strict,0.000
stricter,0.000
strictest,0.000
structures,0.000
studying,0.000
stumps,0.000
stunned,0.000
stupor,0.000
substances,0.000
sue,0.000
suffice,0.000
sugar,0.000
suggesting,0.000
suggestion,0.000
sulfur,0.000
summed,0.000
summoner,0.000
summoning,0.000
sumptuously,0.000
superficial,0.000
superstitious,0.000
supervision,0.000
suppress,0.000
supremacy,0.000
surpasses,0.000
surrenders,0.000
surroundings,0.000
susanna,0.000
susceptible,0.000
suspense,0.000
suspicion,0.000
suspiciously,0.000
suwa,0.000
swells,0.000
sychar,0.000
symbol,0.000
symbolic,0.000
symbols,0.000
sympathize,0.000
syracuse,0.000
syro,0.000
syrtis,0.000
tabitha,0.000
tabuk,0.000
tackle,0.000
tahajjud,0.000
talitha,0.000
talks,0.000
tamed,0.000
taqiyah,0.000
tarried,0.000
tasnim,0.000
teachings,0.000
technique,0.000
tedious,0.000
tempts,0.000
tenfold,0.000
tentmakers,0.000
terrestrial,0.000
terrifying,0.000
terrorized,0.000
tertius,0.000
text,0.000
thamuds,0.000
thankfulness,0.000
theygive,0.000
thongs,0.000
thornbushes,0.000
thornless,0.000
thoughtful,0.000
thoughtless,0.000
threatens,0.000
threshes,0.000
throats,0.000
thronging,0.000
tiberius,0.000
tighten,0.000
tiling,0.000
timaeus,0.000
timing,0.000
timon,0.000
tires,0.000
togdher,0.000
tongued,0.000
torrential,0.000
torturers,0.000
totaled,0.000
trachonitis,0.000
traitors,0.000
transferred,0.000
transforming,0.000
transforms,0.000
transient,0.000
transparent,0.000
treasuring,0.000
treaties,0.000
treating,0.000
tremendously,0.000
trinity,0.000
triumphing,0.000
triumphs,0.000
trogyllium,0.000
tryphena,0.000
tryphosa,0.000
tumble,0.000
twisting,0.000
typical,0.000
tyrannus,0.000
tyrants,0.000
ultimate,0.000
unafraid,0.000
unapproachable,0.000
unbreakable,0.000
uncleanliness,0.000
unclear,0.000
unclothed,0.000
uncondemned,0.000
unconditionally,0.000
uncontrolled,0.000
undamaged,0.000
undeniable,0.000
undergird,0.000
undergo,0.000
understandably,0.000
undertakes,0.000
undiminished,0.000
undiscerning,0.000
uneducated,0.000
unequally,0.000
unexpected,0.000
unfair,0.000
unfortunate,0.000
ungratefully,0.000
unheard,0.000
union,0.000
universal,0.000
unknowingly,0.000
unlettered,0.000
unlifted,0.000
unlike,0.000
unload,0.000
unmarked,0.000
unmerciful,0.000
unnoticed,0.000
unparalleled,0.000
unpolluted,0.000
unprecedented,0.000
unprepared,0.000
unpresentable,0.000
unprofitableness,0.000
unquenchable,0.000
unreasonably,0.000
unruly,0.000
unsettling,0.000
unsinful,0.000
unskilled,0.000
unspoken,0.000
unspotted,0.000
unsuccessful,0.000
untaught,0.000
untold,0.000
untrustworthy,0.000
untruthfull,0.000
unwittingly,0.000
unzurna,0.000
upholding,0.000
uplifted,0.000
uprising,0.000
upsets,0.000
uq,0.000
urbanus,0.000
urgency,0.000
urgently,0.000
variation,0.000
varieties,0.000
vein,0.000
veins,0.000
verdict,0.000
versed,0.000
vice,0.000
vicinity,0.000
vicious,0.000
victimized,0.000
victoriously,0.000
vinedresser,0.000
violating,0.000
virtuously,0.000
visibility,0.000
visibly,0.000
visitor,0.000
visitors,0.000
visits,0.000
vote,0.000
vulnerable,0.000
wadd,0.000
waiving,0.000
wakes,0.000
wallowing,0.000
ward,0.000
warming,0.000
warmyourselves,0.000
washings,0.000
wasilah,0.000
wasteful,0.000
wastefully,0.000
waterpot,0.000
wavering,0.000
weaken,0.000
weaknesses,0.000
weaning,0.000
weightier,0.000
whilst,0.000
whisperers,0.000
whistling,0.000
whiten,0.000
wiles,0.000
willingness,0.000
winners,0.000
wintered,0.000
wishers,0.000
woes,0.000
womanly,0.000
worshiper,0.000
wranglings,0.000
wrestle,0.000
wretched,0.000
wrinkle,0.000
writings,0.000
wrongful,0.000
wwhoever,0.000
yaghuth,0.000
yathrib,0.000
yearn,0.000
yell,0.000
yells,0.000
yemen,0.000
yemenite,0.000
zayd,0.000
zenas,0.000
zihar,0.000
little,0.000
piece,0.000
smoke,0.000
eating,0.000
shaken,0.000
tested,0.000
called,0.000
shows,0.000
pure,0.000
transgression,0.000
strengthened,0.000
time,0.000
agreement,0.000
delay,0.000
steal,0.000
wages,0.000
changes,0.000
destroys,0.000
fetters,0.000
jealous,0.000
lofty,0.000
restrained,0.000
usury,0.000
accustomed,0.000
actually,0.000
awe,0.000
bestow,0.000
bondwoman,0.000
ceasing,0.000
commended,0.000
confessing,0.000
degree,0.000
disdain,0.000
faults,0.000
heavier,0.000
humbles,0.000
inferior,0.000
jasper,0.000
key,0.000
messiah,0.000
offenses,0.000
opposed,0.000
practices,0.000
provides,0.000
purifying,0.000
purity,0.000
reverent,0.000
ridiculed,0.000
sprang,0.000
strictly,0.000
strongly,0.000
subjection,0.000
thunderings,0.000
torch,0.000
transgresses,0.000
trivial,0.000
ungodliness,0.000
upside,0.000
warmed,0.000
weighing,0.000
safely,0.000
rise,0.000
purified,0.000
suppose,0.000
charged,0.000
completely,0.000
swallow,0.000
adversary,0.000
color,0.000
flower,0.000
fly,0.000
opens,0.000
roaring,0.000
ropes,0.000
satisfy,0.000
showbread,0.000
sorrows,0.000
winepress,0.000
beg,0.000
decision,0.000
ranks,0.000
rewarded,0.000
slew,0.000
sows,0.000
firstfruits,0.000
shine,0.000
perfect,0.000
fears,0.000
herd,0.000
adds,0.000
bit,0.000
concerned,0.000
confronted,0.000
contained,0.000
crowns,0.000
deprived,0.000
extent,0.000
gently,0.000
harder,0.000
housetop,0.000
knee,0.000
rescued,0.000
returning,0.000
sink,0.000
solid,0.000
tests,0.000
using,0.000
vanish,0.000
withdrew,0.000
hardened,0.000
pool,0.000
lamb,0.000
inside,0.000
rebellious,0.000
behave,0.000
humility,0.000
ill,0.000
accounted,0.000
climb,0.000
condition,0.000
content,0.000
cups,0.000
enmity,0.000
hollow,0.000
inherited,0.000
intend,0.000
palms,0.000
perishing,0.000
scourge,0.000
showing,0.000
sour,0.000
tasted,0.000
sit,0.000
facing,0.000
provided,0.000
appear,0.000
astonished,0.000
arrive,0.000
attacks,0.000
befallen,0.000
boundaries,0.000
cainan,0.000
carnally,0.000
circle,0.000
dashed,0.000
dawned,0.000
degrees,0.000
descent,0.000
distresses,0.000
enlarged,0.000
entry,0.000
evils,0.000
ewe,0.000
farmers,0.000
fifties,0.000
gamaliel,0.000
harass,0.000
hole,0.000
invaded,0.000
leopard,0.000
lusted,0.000
overseer,0.000
pavement,0.000
plentiful,0.000
prudence,0.000
purge,0.000
push,0.000
rained,0.000
rebuild,0.000
reu,0.000
robbery,0.000
stole,0.000
stored,0.000
storehouse,0.000
terrify,0.000
thorn,0.000
trap,0.000
traveling,0.000
virginity,0.000
warriors,0.000
weights,0.000
wiser,0.000
green,0.000
born,0.000
listen,0.000
present,0.000
form,0.000
fulfill,0.000
straight,0.000
guilty,0.000
wonders,0.000
journey,0.000
abide,0.000
loose,0.000
vision,0.000
trust,0.000
breasts,0.000
perceive,0.000
swift,0.000
treasure,0.000
company,0.000
cleansing,0.000
correct,0.000
crush,0.000
dance,0.000
daytime,0.000
detestable,0.000
driving,0.000
eagles,0.000
err,0.000
fortresses,0.000
groves,0.000
hyssop,0.000
intoxicating,0.000
leather,0.000
marched,0.000
pervert,0.000
pitchers,0.000
reapers,0.000
roasted,0.000
stumbled,0.000
swell,0.000
uttered,0.000
withdraw,0.000
withdrawn,0.000
wrongfully,0.000
helped,0.000
deceitful,0.000
dies,0.000
examine,0.000
holiness,0.000
blasphemed,0.000
bearing,0.000
known,0.000
hears,0.000
clothe,0.000
worthless,0.000
writing,0.000
saw,0.000
advice,0.000
language,0.000
acknowledge,0.000
conceive,0.000
draws,0.000
excellence,0.000
health,0.000
notice,0.000
oppressors,0.000
pulled,0.000
rahab,0.000
refrain,0.000
slow,0.000
spreads,0.000
tunic,0.000
close,0.000
lack,0.000
advanced,0.000
altogether,0.000
eastern,0.000
fair,0.000
lament,0.000
lightning,0.000
merry,0.000
pressed,0.000
stir,0.000
wailing,0.000
oven,0.000
quenched,0.000
tempest,0.000
wound,0.000
birth,0.000
completed,0.000
voices,0.000
lame,0.000
separate,0.000
chief,0.000
hates,0.000
workers,0.000
eye,0.000
troubled,0.000
appeared,0.000
garden,0.000
tells,0.000
letter,0.000
quiet,0.000
begin,0.000
mark,0.000
buy,0.000
punish,0.000
minister,0.000
secret,0.000
did,0.000
footstool,0.000
lowly,0.000
mute,0.000
zealous,0.000
laid,0.000
performed,0.000
scroll,0.000
1you,0.000
1your,0.000
abagtha,0.000
abanah,0.000
abashed,0.000
abdiel,0.000
abez,0.000
abhorrence,0.000
abhorrent,0.000
abi,0.000
abiasaph,0.000
abida,0.000
abidah,0.000
abiezrite,0.000
abihud,0.000
abitub,0.000
abolish,0.000
abominably,0.000
acacias,0.000
accad,0.000
acco,0.000
achar,0.000
achmetha,0.000
acquaint,0.000
acquaintance,0.000
acquires,0.000
acre,0.000
acres,0.000
activity,0.000
adadah,0.000
adalia,0.000
adamah,0.000
adamant,0.000
adami,0.000
addan,0.000
addon,0.000
adhere,0.000
adheres,0.000
adithaim,0.000
adjoin,0.000
adjoined,0.000
adlai,0.000
administers,0.000
administrator,0.000
adoraim,0.000
adrift,0.000
affects,0.000
afresh,0.000
agate,0.000
agee,0.000
agitated,0.000
agreeable,0.000
agur,0.000
aharah,0.000
ahasbai,0.000
ahban,0.000
aher,0.000
ahian,0.000
ahihud,0.000
ahimoth,0.000
ahinadab,0.000
ahiram,0.000
ahiramites,0.000
ahishahar,0.000
ahishar,0.000
ahlab,0.000
ahoah,0.000
ahumai,0.000
ahuzzam,0.000
ahuzzath,0.000
ahzai,0.000
aiath,0.000
aides,0.000
aija,0.000
akan,0.000
aliah,0.000
alian,0.000
alienate,0.000
alight,0.000
alighted,0.000
allays,0.000
allotments,0.000
allowance,0.000
alloy,0.000
almodad,0.000
aloth,0.000
alternating,0.000
alters,0.000
alvan,0.000
amal,0.000
amam,0.000
amashai,0.000
amasiah,0.000
ami,0.000
ammah,0.000
ammizabad,0.000
amok,0.000
amramites,0.000
anaharath,0.000
anammelech,0.000
anan,0.000
anani,0.000
ancestors,0.000
ancestry,0.000
anem,0.000
angered,0.000
aniam,0.000
anim,0.000
anklets,0.000
annals,0.000
annihilated,0.000
annulled,0.000
anoth,0.000
antothijah,0.000
anvil,0.000
apharsathchites,0.000
aphekah,0.000
aphiah,0.000
aphik,0.000
aphrah,0.000
appeased,0.000
apportioned,0.000
ara,0.000
arbathite,0.000
arbel,0.000
arbite,0.000
arbitrate,0.000
archites,0.000
archives,0.000
ardites,0.000
ardon,0.000
arelites,0.000
aridai,0.000
aridatha,0.000
arieh,0.000
arisai,0.000
armlets,0.000
armoni,0.000
armpits,0.000
arnan,0.000
arod,0.000
arodi,0.000
arodites,0.000
aroerite,0.000
aromas,0.000
arouse,0.000
arrivals,0.000
arubboth,0.000
arumah,0.000
arza,0.000
asarel,0.000
asharelah,0.000
ashbea,0.000
ashbelites,0.000
asherahs,0.000
asherites,0.000
ashima,0.000
ashkelonites,0.000
ashnah,0.000
ashpenaz,0.000
ashterathite,0.000
ashteroth,0.000
ashvath,0.000
asiel,0.000
aspatha,0.000
asrielites,0.000
assayer,0.000
assembles,0.000
assessed,0.000
asshurim,0.000
assignment,0.000
assistants,0.000
astonishing,0.000
astounded,0.000
atarah,0.000
atharim,0.000
athlai,0.000
atoned,0.000
atoning,0.000
attentively,0.000
attired,0.000
ava,0.000
awakens,0.000
awhile,0.000
awry,0.000
axle,0.000
ayyah,0.000
azal,0.000
azaniah,0.000
azaryahu,0.000
azaz,0.000
azaziah,0.000
azbuk,0.000
aziza,0.000
aznoth,0.000
azur,0.000
azzan,0.000
azzur,0.000
baalis,0.000
baara,0.000
baaseiah,0.000
babble,0.000
babbler,0.000
babblers,0.000
babel,0.000
babylonians,0.000
baca,0.000
bachrites,0.000
bachuth,0.000
backbite,0.000
backbiting,0.000
backbone,0.000
backslider,0.000
bakbakkar,0.000
bakbuk,0.000
bakbukiah,0.000
bakes,0.000
balah,0.000
balanced,0.000
balances,0.000
bamah,0.000
ban,0.000
banded,0.000
banqueting,0.000
barachel,0.000
barah,0.000
barber,0.000
bariah,0.000
bark,0.000
barrenness,0.000
bartered,0.000
bat,0.000
bathing,0.000
bathshua,0.000
batten,0.000
bavai,0.000
bazlith,0.000
bazluth,0.000
bealiah,0.000
bealoth,0.000
beatings,0.000
beauties,0.000
bechorath,0.000
bedeiah,0.000
bedstead,0.000
bee,0.000
beera,0.000
beerah,0.000
beeri,0.000
beerothites,0.000
begetting,0.000
behemoth,0.000
beholds,0.000
bekah,0.000
belah,0.000
belaites,0.000
belch,0.000
bellow,0.000
bellows,0.000
bemoaning,0.000
bends,0.000
beninu,0.000
benob,0.000
benoth,0.000
beon,0.000
bequeaths,0.000
bera,0.000
berachiah,0.000
beraiah,0.000
berak,0.000
bereaves,0.000
beri,0.000
beriites,0.000
berodach,0.000
berothah,0.000
berothai,0.000
berothite,0.000
beseth,0.000
besieges,0.000
besodeiah,0.000
betah,0.000
beten,0.000
bether,0.000
bethul,0.000
betrothal,0.000
beulah,0.000
beverage,0.000
bewailed,0.000
bidding,0.000
bidkar,0.000
bigtha,0.000
bigthan,0.000
bigthana,0.000
bile,0.000
bilgai,0.000
bilshan,0.000
bimhal,0.000
binea,0.000
biri,0.000
birsha,0.000
birthstools,0.000
birzaith,0.000
bishlam,0.000
bithiah,0.000
bithron,0.000
bittern,0.000
bizjothjah,0.000
biztha,0.000
blacker,0.000
blanket,0.000
blazed,0.000
bleat,0.000
bleating,0.000
blemished,0.000
bloodline,0.000
bloomed,0.000
blooms,0.000
blossomed,0.000
blots,0.000
blunt,0.000
boar,0.000
bolt,0.000
bolted,0.000
bordering,0.000
bored,0.000
borrows,0.000
boundless,0.000
bowlful,0.000
bowmen,0.000
bowshot,0.000
bowstring,0.000
boxes,0.000
bozez,0.000
braced,0.000
bracelet,0.000
brambles,0.000
branding,0.000
brandished,0.000
brandishing,0.000
brawler,0.000
bray,0.000
brayed,0.000
brazen,0.000
breached,0.000
breaches,0.000
breakers,0.000
breeds,0.000
brides,0.000
bristling,0.000
broader,0.000
broods,0.000
brunt,0.000
brutally,0.000
buds,0.000
bul,0.000
bulrushes,0.000
buriers,0.000
bursting,0.000
bushes,0.000
bustling,0.000
butlership,0.000
butted,0.000
buying,0.000
buzi,0.000
buzite,0.000
buzzing,0.000
bypassing,0.000
byways,0.000
cabbon,0.000
caked,0.000
calamus,0.000
calculated,0.000
caldrons,0.000
calms,0.000
calno,0.000
camon,0.000
camping,0.000
canaanitess,0.000
canneh,0.000
canopies,0.000
caper,0.000
capstone,0.000
car,0.000
carcas,0.000
careah,0.000
carefree,0.000
carmites,0.000
carriages,0.000
carriers,0.000
cartwheel,0.000
carves,0.000
casiphia,0.000
castle,0.000
casual,0.000
caterpillar,0.000
caulk,0.000
caulkers,0.000
cautiously,0.000
cells,0.000
ceremonially,0.000
ceremony,0.000
chalcol,0.000
chalk,0.000
chalkstones,0.000
chameleon,0.000
chant,0.000
charcoal,0.000
charm,0.000
charming,0.000
chases,0.000
chasing,0.000
chatter,0.000
chattered,0.000
cheekbone,0.000
cheers,0.000
cheeses,0.000
chelal,0.000
cheluh,0.000
chenani,0.000
chephar,0.000
chesalon,0.000
chesed,0.000
chesil,0.000
chestnut,0.000
chesulloth,0.000
chezib,0.000
chileab,0.000
chilmad,0.000
chimney,0.000
chisel,0.000
chislon,0.000
chiun,0.000
choir,0.000
choirs,0.000
chops,0.000
chub,0.000
chun,0.000
churning,0.000
churns,0.000
circular,0.000
circulated,0.000
circumspect,0.000
citadels,0.000
clad,0.000
clamorous,0.000
claps,0.000
clarity,0.000
clash,0.000
clashing,0.000
clatter,0.000
clattering,0.000
claws,0.000
clears,0.000
cliffs,0.000
club,0.000
clumps,0.000
coast,0.000
collapsed,0.000
collar,0.000
colorful,0.000
colts,0.000
column,0.000
comeliness,0.000
communed,0.000
communicate,0.000
compact,0.000
compass,0.000
compassions,0.000
compensate,0.000
competent,0.000
compound,0.000
compounded,0.000
compounds,0.000
comprehended,0.000
comprised,0.000
compulsory,0.000
conaniah,0.000
concede,0.000
conceiving,0.000
conciliation,0.000
conclusion,0.000
concourses,0.000
condemning,0.000
confederacy,0.000
confiscated,0.000
confiscation,0.000
confronting,0.000
congealed,0.000
conjures,0.000
consecrations,0.000
consolations,0.000
consoled,0.000
conspirators,0.000
conspire,0.000
constructing,0.000
consults,0.000
consumption,0.000
container,0.000
contemplate,0.000
contingents,0.000
contribute,0.000
contributions,0.000
controversies,0.000
converting,0.000
convex,0.000
copied,0.000
coral,0.000
corals,0.000
counseled,0.000
counteract,0.000
counting,0.000
courageously,0.000
courses,0.000
covenanted,0.000
coverings,0.000
cozbi,0.000
cracked,0.000
crackling,0.000
crag,0.000
crane,0.000
crashing,0.000
crashings,0.000
craves,0.000
crawl,0.000
crawls,0.000
crescent,0.000
crescents,0.000
crest,0.000
cricket,0.000
cropped,0.000
crosses,0.000
crossroads,0.000
crouch,0.000
crouches,0.000
crouching,0.000
crowning,0.000
crumbles,0.000
crushes,0.000
crust,0.000
cub,0.000
cuddled,0.000
cupbearer,0.000
curdle,0.000
curves,0.000
cuth,0.000
cuthah,0.000
dabbasheth,0.000
dainties,0.000
dalphon,0.000
dammim,0.000
dams,0.000
dandled,0.000
dannah,0.000
darda,0.000
darics,0.000
darkens,0.000
darker,0.000
darlings,0.000
dart,0.000
darted,0.000
darts,0.000
dashes,0.000
daubed,0.000
dealer,0.000
dealers,0.000
debases,0.000
debate,0.000
debris,0.000
decays,0.000
deceits,0.000
deceptively,0.000
declaration,0.000
dedanites,0.000
deducted,0.000
deeded,0.000
defeats,0.000
defenses,0.000
defer,0.000
dehavites,0.000
deker,0.000
delegate,0.000
delicateness,0.000
deliverers,0.000
deluded,0.000
demented,0.000
demolish,0.000
deplete,0.000
deprives,0.000
deranged,0.000
deride,0.000
desolated,0.000
despaired,0.000
desperation,0.000
despoiled,0.000
devastate,0.000
devastated,0.000
develops,0.000
device,0.000
devious,0.000
devourer,0.000
dial,0.000
diameter,0.000
diblaim,0.000
dibri,0.000
diffused,0.000
dilapidation,0.000
dilean,0.000
dimnah,0.000
dimon,0.000
dimonah,0.000
dinaites,0.000
diphath,0.000
director,0.000
directs,0.000
disarms,0.000
disasters,0.000
disc,0.000
discerns,0.000
disciplines,0.000
disfigured,0.000
disgusted,0.000
disheartened,0.000
dishonesty,0.000
disinherit,0.000
dispatches,0.000
dispersions,0.000
displeases,0.000
disposed,0.000
dispossessing,0.000
disquiet,0.000
disquieting,0.000
disreputable,0.000
dissolve,0.000
distill,0.000
distorts,0.000
distraught,0.000
disturbs,0.000
diverse,0.000
diverting,0.000
divider,0.000
diviner,0.000
divining,0.000
dizahab,0.000
docile,0.000
dodai,0.000
dodanim,0.000
dodavah,0.000
doe,0.000
doorways,0.000
doubling,0.000
drains,0.000
dreaded,0.000
dressing,0.000
drinkers,0.000
dripped,0.000
dromedaries,0.000
dromedary,0.000
droppings,0.000
dryshod,0.000
dump,0.000
dung,0.000
dura,0.000
dwarf,0.000
eaance,0.000
earners,0.000
earns,0.000
earring,0.000
earthenware,0.000
eaters,0.000
eaves,0.000
ebony,0.000
ebron,0.000
edible,0.000
edict,0.000
eglah,0.000
ehi,0.000
eightieth,0.000
eladah,0.000
elead,0.000
eleph,0.000
elevated,0.000
eliadah,0.000
eliahba,0.000
elidad,0.000
elienai,0.000
elihoreph,0.000
elika,0.000
eliphal,0.000
elipheleh,0.000
elishaphat,0.000
elisheba,0.000
elishua,0.000
elkoshite,0.000
elohe,0.000
elonites,0.000
elpelet,0.000
eltekon,0.000
elul,0.000
eluzai,0.000
emasculated,0.000
embalm,0.000
ember,0.000
emblems,0.000
embossed,0.000
embraces,0.000
emeralds,0.000
emits,0.000
emitted,0.000
empire,0.000
emptiers,0.000
enable,0.000
enam,0.000
encampments,0.000
enchanter,0.000
encircle,0.000
enclose,0.000
enclosing,0.000
enclosures,0.000
endangered,0.000
endearment,0.000
endeavors,0.000
endlessly,0.000
endow,0.000
endowment,0.000
engulfing,0.000
enslaved,0.000
enticing,0.000
entrap,0.000
entreaties,0.000
ephai,0.000
ephes,0.000
ephlal,0.000
ephrain,0.000
ephrathite,0.000
eran,0.000
eranites,0.000
erites,0.000
errand,0.000
escorted,0.000
esek,0.000
eshean,0.000
eshek,0.000
eshtaolites,0.000
eshtemoh,0.000
eshterah,0.000
eshton,0.000
establishing,0.000
eth,0.000
ethanim,0.000
ethbaal,0.000
ethnan,0.000
ethni,0.000
evenly,0.000
everybody,0.000
evicting,0.000
evidences,0.000
exacts,0.000
exalting,0.000
excess,0.000
excitement,0.000
executing,0.000
executioners,0.000
exempted,0.000
exhaustion,0.000
expectantly,0.000
expectations,0.000
expedition,0.000
expended,0.000
exploits,0.000
explore,0.000
expression,0.000
exquisite,0.000
extensive,0.000
exterior,0.000
exterminate,0.000
extorted,0.000
extraordinary,0.000
extremity,0.000
exult,0.000
eyebrows,0.000
ezbai,0.000
ezrah,0.000
ezrahite,0.000
ezri,0.000
fabric,0.000
faintness,0.000
fairer,0.000
falsifying,0.000
falter,0.000
falters,0.000
famish,0.000
fancies,0.000
fancy,0.000
fathered,0.000
fatling,0.000
feathered,0.000
features,0.000
fee,0.000
feebler,0.000
feelings,0.000
fellows,0.000
fence,0.000
fenced,0.000
ferryboat,0.000
fervor,0.000
festal,0.000
festering,0.000
festivals,0.000
fetch,0.000
fiercer,0.000
fifths,0.000
filly,0.000
finery,0.000
finishes,0.000
firebrand,0.000
firebrands,0.000
fishhooks,0.000
fitly,0.000
flashed,0.000
flavorless,0.000
flay,0.000
fleeting,0.000
flitting,0.000
floodwater,0.000
flourishes,0.000
flowed,0.000
flushed,0.000
fluttering,0.000
foals,0.000
foe,0.000
foliage,0.000
folk,0.000
footmen,0.000
footstep,0.000
forage,0.000
forceful,0.000
ford,0.000
forego,0.000
foremen,0.000
forewarn,0.000
forgers,0.000
fork,0.000
fort,0.000
fortifying,0.000
forts,0.000
fostered,0.000
fouled,0.000
fouling,0.000
founding,0.000
fowlers,0.000
fracture,0.000
fragile,0.000
frailty,0.000
freshly,0.000
frontier,0.000
fume,0.000
furnish,0.000
furniture,0.000
gaba,0.000
gabbai,0.000
gaddah,0.000
gaddi,0.000
gaddiel,0.000
gader,0.000
gadite,0.000
galbanum,0.000
galley,0.000
gallops,0.000
gammad,0.000
garmite,0.000
gasp,0.000
gatekeeper,0.000
gateways,0.000
gatherer,0.000
gazez,0.000
ge,0.000
gebim,0.000
gecko,0.000
geder,0.000
gederathite,0.000
gederite,0.000
gederothaim,0.000
geliloth,0.000
gemalli,0.000
gems,0.000
genitals,0.000
genubath,0.000
gershonite,0.000
geshan,0.000
giah,0.000
gibea,0.000
gibeath,0.000
gibeathite,0.000
gibeonite,0.000
gilalai,0.000
gimzo,0.000
ginath,0.000
ginnethoi,0.000
ginnethon,0.000
gishpa,0.000
gittites,0.000
gizonite,0.000
glazed,0.000
gluttonous,0.000
gluttons,0.000
gnash,0.000
gnawing,0.000
goath,0.000
goatherds,0.000
gob,0.000
goblet,0.000
goings,0.000
gopherwood,0.000
gores,0.000
gourds,0.000
govern,0.000
governed,0.000
grandfather,0.000
gravestone,0.000
greyhound,0.000
griefs,0.000
grinder,0.000
grinders,0.000
grip,0.000
gropes,0.000
gross,0.000
growled,0.000
grudge,0.000
gruesome,0.000
gudgodah,0.000
gushes,0.000
gutters,0.000
haahashtari,0.000
haammoni,0.000
habakkuk,0.000
habazziniah,0.000
hacaliah,0.000
hachaliah,0.000
hachmoni,0.000
hacked,0.000
hadashah,0.000
hadassah,0.000
hadattah,0.000
haddah,0.000
hadrach,0.000
hagab,0.000
hagaba,0.000
hagabah,0.000
haggan,0.000
haggiah,0.000
haggites,0.000
hagri,0.000
hakkatan,0.000
hakupha,0.000
hali,0.000
hamites,0.000
hammoleketh,0.000
hammoth,0.000
hamonah,0.000
hamran,0.000
hamstring,0.000
hamuel,0.000
hamulites,0.000
handbreadths,0.000
handiwork,0.000
handling,0.000
handmill,0.000
hanes,0.000
haniel,0.000
hannathon,0.000
hanniel,0.000
hanochites,0.000
haphraim,0.000
happizzez,0.000
happuch,0.000
hara,0.000
haradah,0.000
haraseth,0.000
harashim,0.000
harbona,0.000
harbonah,0.000
hareph,0.000
hareseth,0.000
harhaiah,0.000
harhas,0.000
harhur,0.000
hariph,0.000
harmon,0.000
harms,0.000
harnepher,0.000
harod,0.000
harodite,0.000
haroeh,0.000
harpoons,0.000
harumaph,0.000
haruphite,0.000
haruz,0.000
harvesting,0.000
hasadiah,0.000
hashabnah,0.000
hashbadana,0.000
hashem,0.000
hashubah,0.000
hasrah,0.000
hassenaah,0.000
hassenuah,0.000
hatefully,0.000
hathath,0.000
hatticon,0.000
haunts,0.000
hauran,0.000
hazaiah,0.000
hazarmaveth,0.000
hazazon,0.000
hazelelponi,0.000
haziel,0.000
hazo,0.000
headbands,0.000
headdresses,0.000
hearths,0.000
hearty,0.000
heaves,0.000
heberites,0.000
heeding,0.000
helbah,0.000
helbon,0.000
heleb,0.000
helekites,0.000
helkai,0.000
helkath,0.000
helmets,0.000
hemam,0.000
hemdan,0.000
herald,0.000
heresh,0.000
hereth,0.000
heritages,0.000
heron,0.000
heshmon,0.000
hew,0.000
hewed,0.000
hews,0.000
hezir,0.000
hezrai,0.000
hezro,0.000
hiddai,0.000
hiddekel,0.000
hideout,0.000
hiel,0.000
hilen,0.000
hilly,0.000
hilt,0.000
hit,0.000
hitch,0.000
hitched,0.000
hizki,0.000
ho,0.000
hobab,0.000
hobah,0.000
hod,0.000
hodesh,0.000
hodevah,0.000
hodiah,0.000
hodshi,0.000
hoe,0.000
hoham,0.000
holier,0.000
hoofed,0.000
hopeless,0.000
hophra,0.000
horam,0.000
horite,0.000
hornets,0.000
horribly,0.000
horrified,0.000
hoshama,0.000
hotly,0.000
hottest,0.000
hound,0.000
hovering,0.000
hovers,0.000
howling,0.000
hubs,0.000
huddle,0.000
hukkok,0.000
humtah,0.000
hunchback,0.000
hunters,0.000
hupham,0.000
huphamites,0.000
huppah,0.000
hurai,0.000
huri,0.000
hurling,0.000
hurts,0.000
hushah,0.000
hushed,0.000
huz,0.000
huzoth,0.000
hyenas,0.000
ibhar,0.000
ibneiah,0.000
ibnijah,0.000
ibri,0.000
idalah,0.000
idbash,0.000
igdaliah,0.000
ilai,0.000
illegitimate,0.000
ills,0.000
immeasurable,0.000
imna,0.000
impatient,0.000
implement,0.000
impressive,0.000
improper,0.000
imrah,0.000
inaugurate,0.000
inclination,0.000
income,0.000
indisposed,0.000
industrious,0.000
infamous,0.000
infidelity,0.000
inflamed,0.000
inflames,0.000
inflaming,0.000
inflict,0.000
informer,0.000
informs,0.000
ingathering,0.000
ingrained,0.000
ingredients,0.000
inheritances,0.000
inlets,0.000
innocently,0.000
insatiable,0.000
insect,0.000
insects,0.000
insolence,0.000
installed,0.000
institution,0.000
insults,0.000
interior,0.000
intermarry,0.000
interrogated,0.000
interruption,0.000
intervene,0.000
intervened,0.000
intervening,0.000
interviewed,0.000
intricate,0.000
invasion,0.000
inventory,0.000
iphdeiah,0.000
irad,0.000
iri,0.000
irpeel,0.000
irritants,0.000
iru,0.000
iscah,0.000
ishbah,0.000
ishbi,0.000
ishhod,0.000
ishijah,0.000
ishma,0.000
ishmerai,0.000
ishpan,0.000
ishuah,0.000
ishvah,0.000
ishvi,0.000
ismachiah,0.000
isolates,0.000
ispah,0.000
isui,0.000
itch,0.000
item,0.000
ithai,0.000
ithnan,0.000
ithream,0.000
ithrites,0.000
izehar,0.000
jaakobah,0.000
jaan,0.000
jaare,0.000
jaareshiah,0.000
jaasai,0.000
jaasiel,0.000
jaaziel,0.000
jabal,0.000
jachan,0.000
jachinites,0.000
jaddai,0.000
jaddua,0.000
jagur,0.000
jahaziah,0.000
jahdai,0.000
jahdiel,0.000
jahdo,0.000
jahleelites,0.000
jahmai,0.000
jahzeel,0.000
jahzerah,0.000
jahziel,0.000
jairite,0.000
jakeh,0.000
jalon,0.000
jaminites,0.000
jamlech,0.000
janoah,0.000
janum,0.000
jareb,0.000
jarkon,0.000
jaroah,0.000
jashen,0.000
jashobeam,0.000
jashubites,0.000
jathniel,0.000
jaw,0.000
jeatherai,0.000
jeberechiah,0.000
jecamiah,0.000
jedidah,0.000
jedidiah,0.000
jeering,0.000
jeezer,0.000
jeezerites,0.000
jegar,0.000
jehezekel,0.000
jehiah,0.000
jehoaddah,0.000
jehoaddan,0.000
jehoshabeath,0.000
jehosheba,0.000
jehubbah,0.000
jehucal,0.000
jehud,0.000
jehudijah,0.000
jekabzeel,0.000
jekamiah,0.000
jekuthiel,0.000
jemimah,0.000
jeopardized,0.000
jerah,0.000
jered,0.000
jeremai,0.000
jeriel,0.000
jerijah,0.000
jerioth,0.000
jerubbesheth,0.000
jeruel,0.000
jerusha,0.000
jerushah,0.000
jeshanah,0.000
jesharelah,0.000
jeshebeab,0.000
jesher,0.000
jeshishai,0.000
jeshohaiah,0.000
jesimiel,0.000
jesimoth,0.000
jesshiah,0.000
jesui,0.000
jesuites,0.000
jetheth,0.000
jethlah,0.000
jeuel,0.000
jeuz,0.000
jezerites,0.000
jeziah,0.000
jeziel,0.000
jezrahiah,0.000
jibsam,0.000
jidlaph,0.000
jimna,0.000
jimnah,0.000
jimnites,0.000
jithra,0.000
jithran,0.000
jizliah,0.000
jizri,0.000
joahaz,0.000
joed,0.000
jogbehah,0.000
jogli,0.000
joiakim,0.000
jointed,0.000
jokdeam,0.000
jokmeam,0.000
joktheel,0.000
jorah,0.000
jorai,0.000
jorkoam,0.000
joshah,0.000
joshibiah,0.000
jostle,0.000
jotbah,0.000
joyously,0.000
jubal,0.000
jubilation,0.000
jucal,0.000
judean,0.000
juniper,0.000
jushab,0.000
justifying,0.000
kab,0.000
kadmonites,0.000
kallai,0.000
kamai,0.000
karkaa,0.000
karkor,0.000
kartah,0.000
kartan,0.000
kattath,0.000
kazin,0.000
kelaiah,0.000
kenezzites,0.000
keramim,0.000
keren,0.000
kettle,0.000
keziah,0.000
keziz,0.000
kibzaim,0.000
kidnapper,0.000
kidnapping,0.000
kidnaps,0.000
kiln,0.000
kinah,0.000
kingly,0.000
kiriathaim,0.000
kishi,0.000
kitchens,0.000
kithlish,0.000
kitron,0.000
knocked,0.000
koa,0.000
kor,0.000
korahite,0.000
korathites,0.000
laadah,0.000
ladies,0.000
lads,0.000
lael,0.000
lahad,0.000
lahmas,0.000
lair,0.000
lakkum,0.000
lamentations,0.000
laments,0.000
lance,0.000
lances,0.000
languished,0.000
lap,0.000
lapful,0.000
lapidoth,0.000
laps,0.000
largeness,0.000
lasha,0.000
lasharon,0.000
latch,0.000
launderers,0.000
layer,0.000
laziness,0.000
league,0.000
leaps,0.000
leb,0.000
lebana,0.000
lebanah,0.000
lebaoth,0.000
lebonah,0.000
lecah,0.000
leech,0.000
lees,0.000
leg,0.000
lemuel,0.000
lending,0.000
lengthened,0.000
lengthens,0.000
leopards,0.000
leshem,0.000
letushim,0.000
leummim,0.000
leveled,0.000
levels,0.000
levy,0.000
lewdly,0.000
liberally,0.000
libnites,0.000
licks,0.000
lid,0.000
lifeblood,0.000
lifeless,0.000
likely,0.000
likhi,0.000
limped,0.000
link,0.000
lionesses,0.000
listless,0.000
literature,0.000
lively,0.000
lizard,0.000
loading,0.000
loathing,0.000
loftily,0.000
lonely,0.000
looming,0.000
loosened,0.000
loosens,0.000
looter,0.000
lop,0.000
lordly,0.000
losses,0.000
louder,0.000
loveliest,0.000
loveliness,0.000
lovingly,0.000
lowliest,0.000
lucifer,0.000
lulled,0.000
lurked,0.000
lusty,0.000
lydians,0.000
lye,0.000
maadai,0.000
maai,0.000
maarath,0.000
maasai,0.000
machbanai,0.000
machbenah,0.000
machirites,0.000
machnadebai,0.000
madmenah,0.000
madon,0.000
magbish,0.000
maggot,0.000
magnificent,0.000
magor,0.000
mahol,0.000
maim,0.000
mainstay,0.000
makaz,0.000
makers,0.000
makheloth,0.000
maktesh,0.000
malachi,0.000
malady,0.000
malcam,0.000
malchielites,0.000
malchiram,0.000
malign,0.000
mallow,0.000
manahethites,0.000
mantles,0.000
manuhoth,0.000
maoch,0.000
maonites,0.000
mara,0.000
maralah,0.000
marker,0.000
maroth,0.000
marsh,0.000
marvels,0.000
mashal,0.000
massacred,0.000
mates,0.000
mating,0.000
matri,0.000
matrix,0.000
mattattah,0.000
mattock,0.000
mattocks,0.000
mauled,0.000
mazzaroth,0.000
meadow,0.000
meadows,0.000
mealtime,0.000
mearah,0.000
mebunnai,0.000
mecherathite,0.000
meconah,0.000
meddles,0.000
meddling,0.000
mediators,0.000
medicine,0.000
meditating,0.000
mehir,0.000
mehujael,0.000
mehuman,0.000
melchiah,0.000
melichu,0.000
melting,0.000
memorable,0.000
memphis,0.000
mended,0.000
meni,0.000
meonothai,0.000
meraiah,0.000
merarites,0.000
merathaim,0.000
mercenaries,0.000
merchandisers,0.000
merib,0.000
meron,0.000
meronothite,0.000
meroz,0.000
merrily,0.000
meshezabel,0.000
meshillemith,0.000
meshillemoth,0.000
meshobab,0.000
meshullemeth,0.000
methushael,0.000
meunim,0.000
mibhar,0.000
michmethath,0.000
michri,0.000
middin,0.000
midway,0.000
migdal,0.000
mikneiah,0.000
milalai,0.000
mild,0.000
mincing,0.000
mingle,0.000
miniamin,0.000
minjamin,0.000
minni,0.000
miphkad,0.000
mirmah,0.000
miry,0.000
miscarried,0.000
miscarrying,0.000
mishal,0.000
misham,0.000
mishmannah,0.000
mishraites,0.000
mispar,0.000
missabib,0.000
misses,0.000
misunderstand,0.000
mithnite,0.000
mixing,0.000
mizar,0.000
moan,0.000
mocker,0.000
moisten,0.000
moldy,0.000
mole,0.000
molid,0.000
moneylender,0.000
monitor,0.000
monkeys,0.000
monthly,0.000
monument,0.000
moorings,0.000
moriah,0.000
morsels,0.000
mortgaged,0.000
mosaic,0.000
moserah,0.000
mountaineers,0.000
mountings,0.000
mourner,0.000
mournful,0.000
movement,0.000
mowing,0.000
mowings,0.000
mozah,0.000
muppim,0.000
murky,0.000
muscle,0.000
muscles,0.000
muse,0.000
musing,0.000
musters,0.000
muttered,0.000
mysterious,0.000
naam,0.000
naamites,0.000
naarai,0.000
naaran,0.000
nachon,0.000
nahalal,0.000
nahaliel,0.000
nahallal,0.000
nahalol,0.000
naham,0.000
nahbi,0.000
neah,0.000
nearly,0.000
nebaioth,0.000
neballat,0.000
nebushasban,0.000
nedabiah,0.000
nehushta,0.000
nehushtan,0.000
neiel,0.000
neighed,0.000
neighing,0.000
neighings,0.000
nekeb,0.000
nemuelites,0.000
nephishesim,0.000
nestled,0.000
netaim,0.000
netophah,0.000
nevermore,0.000
newly,0.000
nibhaz,0.000
nibshan,0.000
nimrim,0.000
nobah,0.000
nobility,0.000
nod,0.000
nodab,0.000
nohah,0.000
noisily,0.000
nonexistent,0.000
noontime,0.000
noose,0.000
nophah,0.000
noses,0.000
nourisher,0.000
nourishment,0.000
nudity,0.000
numbering,0.000
oar,0.000
obal,0.000
obese,0.000
obil,0.000
obnoxious,0.000
obscure,0.000
obscurity,0.000
observer,0.000
obstinate,0.000
occasionally,0.000
occupy,0.000
occurs,0.000
offensive,0.000
ohel,0.000
omers,0.000
onager,0.000
oni,0.000
onycha,0.000
ophni,0.000
opinions,0.000
oppressing,0.000
orchard,0.000
orchards,0.000
ordinary,0.000
oregim,0.000
origin,0.000
osnapper,0.000
othni,0.000
outgoings,0.000
outlet,0.000
outpost,0.000
outrage,0.000
outwit,0.000
overcoming,0.000
overflows,0.000
overgrown,0.000
overlooking,0.000
overrule,0.000
overruled,0.000
overrules,0.000
overrun,0.000
overspread,0.000
overspreads,0.000
overtaking,0.000
overthrowing,0.000
overwork,0.000
owls,0.000
ozem,0.000
ozni,0.000
oznites,0.000
paaneah,0.000
paarai,0.000
paces,0.000
pai,0.000
pails,0.000
paint,0.000
painted,0.000
painting,0.000
palal,0.000
palanquin,0.000
palate,0.000
palluites,0.000
palti,0.000
paltite,0.000
pampers,0.000
paneling,0.000
panic,0.000
panicked,0.000
panted,0.000
parah,0.000
paramours,0.000
parapet,0.000
parbar,0.000
parcel,0.000
parmashta,0.000
parnach,0.000
parshandatha,0.000
partitioned,0.000
parvaim,0.000
parzites,0.000
pasach,0.000
pasdammim,0.000
pashur,0.000
pastured,0.000
patched,0.000
pathless,0.000
patrol,0.000
pau,0.000
pause,0.000
paused,0.000
paw,0.000
paws,0.000
payments,0.000
pays,0.000
pazzez,0.000
peacetime,0.000
pedahel,0.000
peeled,0.000
peep,0.000
pelaliah,0.000
peleth,0.000
penetrated,0.000
peniel,0.000
penitents,0.000
perceives,0.000
perception,0.000
perceptive,0.000
peresh,0.000
perfumers,0.000
perida,0.000
perjurer,0.000
perpetuate,0.000
persecutes,0.000
perturbed,0.000
peruda,0.000
perverseness,0.000
pestered,0.000
pestle,0.000
pethuel,0.000
peulthai,0.000
pharpar,0.000
pigeon,0.000
pildash,0.000
pilgrim,0.000
pilha,0.000
pillaged,0.000
pim,0.000
pined,0.000
pins,0.000
pipings,0.000
piram,0.000
pirathon,0.000
pispah,0.000
pistachio,0.000
pithom,0.000
pities,0.000
placenta,0.000
plaited,0.000
plane,0.000
planters,0.000
plate,0.000
plateau,0.000
platitudes,0.000
plays,0.000
plea,0.000
pleadings,0.000
pleasantness,0.000
pledges,0.000
plowers,0.000
plowshare,0.000
plummet,0.000
plump,0.000
pointedly,0.000
pointing,0.000
polish,0.000
pollute,0.000
ponders,0.000
poplars,0.000
populous,0.000
poratha,0.000
portico,0.000
portray,0.000
posed,0.000
possessing,0.000
possibly,0.000
posted,0.000
potsherds,0.000
potters,0.000
pouch,0.000
poultice,0.000
powders,0.000
powerless,0.000
prattle,0.000
prattler,0.000
pregnancy,0.000
prematurely,0.000
premeditation,0.000
presentation,0.000
presumed,0.000
presumes,0.000
pretty,0.000
preys,0.000
pricking,0.000
primal,0.000
prime,0.000
princess,0.000
princesses,0.000
prized,0.000
problems,0.000
procession,0.000
procured,0.000
profaneness,0.000
profound,0.000
prognosticators,0.000
projects,0.000
promote,0.000
promptly,0.000
pronged,0.000
proportions,0.000
prosecutor,0.000
prospering,0.000
prosperously,0.000
proves,0.000
prowl,0.000
pruned,0.000
psalmist,0.000
pulverized,0.000
punites,0.000
punon,0.000
purchases,0.000
purer,0.000
purest,0.000
purifier,0.000
purse,0.000
purses,0.000
pursuer,0.000
pushes,0.000
pushing,0.000
puthites,0.000
putiel,0.000
putrefy,0.000
putrefying,0.000
puvah,0.000
quaking,0.000
quarries,0.000
quartermaster,0.000
quartz,0.000
quiets,0.000
quivered,0.000
quotes,0.000
raama,0.000
raamses,0.000
rabbim,0.000
rabbith,0.000
rabble,0.000
rachal,0.000
raddai,0.000
radiating,0.000
rafters,0.000
raham,0.000
raids,0.000
rakem,0.000
rakkath,0.000
rakkon,0.000
rally,0.000
ramath,0.000
ramathaim,0.000
ramathite,0.000
ramiah,0.000
rapha,0.000
raphah,0.000
rapidly,0.000
rattles,0.000
raving,0.000
raze,0.000
rearing,0.000
reasonings,0.000
rebuker,0.000
receptacles,0.000
recess,0.000
reckless,0.000
recklessness,0.000
reconsider,0.000
recount,0.000
recruited,0.000
recruiter,0.000
recruiting,0.000
rectangular,0.000
reelaiah,0.000
refiner,0.000
refines,0.000
refining,0.000
reflects,0.000
refrained,0.000
refreshes,0.000
refugee,0.000
register,0.000
registers,0.000
rei,0.000
reinforced,0.000
relenting,0.000
relents,0.000
relieves,0.000
remeth,0.000
removing,0.000
rend,0.000
rending,0.000
renounces,0.000
repairer,0.000
rephael,0.000
rephah,0.000
replica,0.000
representing,0.000
reprisal,0.000
reproofs,0.000
reproves,0.000
reputed,0.000
requires,0.000
rescues,0.000
resemblance,0.000
resembled,0.000
resen,0.000
reservoir,0.000
resheph,0.000
reside,0.000
residence,0.000
resides,0.000
resolves,0.000
resort,0.000
resorted,0.000
resound,0.000
resounding,0.000
responsively,0.000
restricted,0.000
retains,0.000
revealer,0.000
revenues,0.000
review,0.000
reviles,0.000
revival,0.000
revolters,0.000
rezon,0.000
rib,0.000
richer,0.000
richest,0.000
riddance,0.000
riddles,0.000
ridge,0.000
ridges,0.000
rifled,0.000
righteousnesses,0.000
rinnah,0.000
ripening,0.000
riphath,0.000
risk,0.000
rite,0.000
ritually,0.000
riverbank,0.000
riverbeds,0.000
riverheads,0.000
rivulets,0.000
rizia,0.000
roadside,0.000
roaming,0.000
roast,0.000
roasting,0.000
robbing,0.000
robs,0.000
rodanim,0.000
roe,0.000
roebucks,0.000
rogue,0.000
rogues,0.000
rohgah,0.000
rolling,0.000
rolls,0.000
roofs,0.000
roosts,0.000
roundabout,0.000
rounded,0.000
route,0.000
rove,0.000
rugged,0.000
rumah,0.000
runner,0.000
rural,0.000
ruthless,0.000
sabta,0.000
sabtah,0.000
sabtecha,0.000
sabtechah,0.000
sachiah,0.000
safekeeping,0.000
saffron,0.000
sahadutha,0.000
sallai,0.000
salmai,0.000
salted,0.000
saltpits,0.000
salu,0.000
samgar,0.000
sanctifying,0.000
sannah,0.000
sansannah,0.000
sardites,0.000
sarezer,0.000
sargon,0.000
sarsechim,0.000
satiate,0.000
satisfying,0.000
saturated,0.000
saturates,0.000
saviors,0.000
savor,0.000
scabbard,0.000
scabs,0.000
scalp,0.000
scaly,0.000
scan,0.000
scarcity,0.000
scare,0.000
scarves,0.000
scepters,0.000
schemed,0.000
scoffed,0.000
scoffing,0.000
scoundrel,0.000
scoured,0.000
scraped,0.000
scraps,0.000
scratched,0.000
sculptured,0.000
seafaring,0.000
seams,0.000
searchings,0.000
secacah,0.000
sechu,0.000
seclusion,0.000
secures,0.000
seedlings,0.000
seirah,0.000
seldom,0.000
selected,0.000
seled,0.000
sellers,0.000
selvedge,0.000
semachiah,0.000
seneh,0.000
sensibly,0.000
sensitivity,0.000
senuah,0.000
seorim,0.000
sephar,0.000
sepharvites,0.000
sepulcher,0.000
seraphim,0.000
servings,0.000
servitude,0.000
sethur,0.000
settling,0.000
sewn,0.000
shaalabbin,0.000
shaalbonite,0.000
shaalim,0.000
shaashgaz,0.000
shaded,0.000
shadowed,0.000
shafts,0.000
shageh,0.000
shahar,0.000
shaharaim,0.000
shahazimah,0.000
shallecheth,0.000
shallun,0.000
shalmai,0.000
shalman,0.000
shama,0.000
shamariah,0.000
shambles,0.000
shamefaced,0.000
shamelessly,0.000
shamer,0.000
shames,0.000
shamgar,0.000
shamma,0.000
shamsherai,0.000
shaphir,0.000
sharai,0.000
sharaim,0.000
sharar,0.000
shard,0.000
shards,0.000
sharonite,0.000
sharpening,0.000
sharuhen,0.000
shashai,0.000
shatter,0.000
shaulites,0.000
shavsha,0.000
shawl,0.000
shebah,0.000
shebam,0.000
shebarim,0.000
sheber,0.000
shebeth,0.000
shechemites,0.000
shedder,0.000
sheepbreeders,0.000
sheerah,0.000
sheets,0.000
shehariah,0.000
shelanites,0.000
sheleph,0.000
shelesh,0.000
shelomi,0.000
shelomoth,0.000
shemaah,0.000
shemeber,0.000
shemed,0.000
shen,0.000
shenazzar,0.000
shepham,0.000
shepherded,0.000
shepherdess,0.000
shephi,0.000
shepho,0.000
shephuphan,0.000
sheresh,0.000
sherezer,0.000
shibmah,0.000
shicron,0.000
shifts,0.000
shigionoth,0.000
shilhi,0.000
shillemites,0.000
shiloah,0.000
shiloni,0.000
shilonites,0.000
shilshah,0.000
shimeam,0.000
shimeath,0.000
shimeathites,0.000
shimeon,0.000
shimi,0.000
shimon,0.000
shimrath,0.000
shimrith,0.000
shimronites,0.000
shinab,0.000
shined,0.000
shion,0.000
shiphi,0.000
shiphmite,0.000
shiphrah,0.000
shiphtan,0.000
shisha,0.000
shitrai,0.000
shoa,0.000
shobek,0.000
shobi,0.000
shocks,0.000
shoham,0.000
shomer,0.000
shophan,0.000
shores,0.000
shovel,0.000
shrank,0.000
shriek,0.000
shrivels,0.000
shrub,0.000
shrubs,0.000
shuffles,0.000
shuhah,0.000
shuham,0.000
shuhamites,0.000
shulamite,0.000
shumathites,0.000
shunites,0.000
shupham,0.000
shuphamites,0.000
shuthalhites,0.000
shuttle,0.000
sia,0.000
siaha,0.000
sibraim,0.000
sifted,0.000
sifts,0.000
signify,0.000
signposts,0.000
sihor,0.000
sikkuth,0.000
silencing,0.000
silla,0.000
simmer,0.000
singed,0.000
singleness,0.000
singular,0.000
sinim,0.000
sinks,0.000
sion,0.000
siphmoth,0.000
sippai,0.000
sirah,0.000
sismai,0.000
sistrums,0.000
sitnah,0.000
sivan,0.000
skillfulness,0.000
skip,0.000
skipped,0.000
skipping,0.000
skirt,0.000
slabs,0.000
slacken,0.000
slanders,0.000
slash,0.000
slavery,0.000
sledge,0.000
sleeper,0.000
sleepers,0.000
sleeve,0.000
sleeves,0.000
sliced,0.000
slidden,0.000
slide,0.000
slighted,0.000
slingers,0.000
sloops,0.000
slothful,0.000
slumbering,0.000
slung,0.000
smells,0.000
smelted,0.000
smelter,0.000
smite,0.000
smitten,0.000
smooths,0.000
snail,0.000
snakes,0.000
sneer,0.000
sneers,0.000
sneezed,0.000
sneezings,0.000
sniffed,0.000
sniffs,0.000
snout,0.000
soaked,0.000
socoh,0.000
soda,0.000
sodi,0.000
softer,0.000
sojourn,0.000
soldering,0.000
solicited,0.000
solitarily,0.000
solved,0.000
solving,0.000
soot,0.000
soothed,0.000
soothing,0.000
sorek,0.000
sorrel,0.000
sorts,0.000
sovereignty,0.000
spanned,0.000
spark,0.000
sparkled,0.000
sparkles,0.000
spattered,0.000
spearhead,0.000
specifically,0.000
spectacular,0.000
speedy,0.000
spells,0.000
spice,0.000
spiced,0.000
spiritist,0.000
spits,0.000
spitting,0.000
splint,0.000
splintered,0.000
splinters,0.000
splits,0.000
spokes,0.000
spout,0.000
sprigs,0.000
sprinkles,0.000
spur,0.000
spying,0.000
squanders,0.000
squares,0.000
squeezed,0.000
stable,0.000
stacked,0.000
stacte,0.000
staggered,0.000
staggers,0.000
stairway,0.000
stalks,0.000
stallions,0.000
stammerers,0.000
stamped,0.000
stamping,0.000
standstill,0.000
stargazers,0.000
starting,0.000
starved,0.000
starving,0.000
stately,0.000
staves,0.000
stead,0.000
steady,0.000
stealing,0.000
stem,0.000
sternness,0.000
stoops,0.000
storerooms,0.000
stout,0.000
stoutest,0.000
stove,0.000
stragglers,0.000
strata,0.000
streaming,0.000
strenuously,0.000
stripe,0.000
stubbornly,0.000
student,0.000
studs,0.000
stuff,0.000
sturdy,0.000
style,0.000
suah,0.000
subside,0.000
succeeding,0.000
succeeds,0.000
succulent,0.000
suchathites,0.000
suckling,0.000
sukkiim,0.000
sumptuous,0.000
sunshine,0.000
supervise,0.000
supervised,0.000
suph,0.000
suphah,0.000
supplant,0.000
supplanted,0.000
supplying,0.000
supporting,0.000
sur,0.000
surpass,0.000
surpassing,0.000
susah,0.000
susi,0.000
susim,0.000
sustains,0.000
swamps,0.000
swarm,0.000
sweep,0.000
sweeps,0.000
sweetly,0.000
swimmer,0.000
swing,0.000
swings,0.000
swirl,0.000
swirls,0.000
swollen,0.000
swoon,0.000
swoop,0.000
swooping,0.000
sympathy,0.000
taanath,0.000
tabbath,0.000
tahanites,0.000
tahrea,0.000
tahtim,0.000
tammuz,0.000
tanach,0.000
tangled,0.000
taphath,0.000
taralah,0.000
tarea,0.000
tarpelites,0.000
tarshishah,0.000
tartak,0.000
tassel,0.000
tastes,0.000
tattoo,0.000
taunt,0.000
taunts,0.000
taxed,0.000
tebaliah,0.000
teeming,0.000
tehaphnehes,0.000
telah,0.000
telaim,0.000
temanites,0.000
temeni,0.000
tenor,0.000
teraphim,0.000
terebinths,0.000
termed,0.000
thanking,0.000
tharshish,0.000
theme,0.000
thinner,0.000
thirsted,0.000
thirtieth,0.000
thoughtlessly,0.000
threads,0.000
threefold,0.000
thresholds,0.000
thunderous,0.000
tibhath,0.000
tibni,0.000
tiers,0.000
tigris,0.000
tiller,0.000
tilon,0.000
timbers,0.000
timnite,0.000
tinder,0.000
tirathites,0.000
tirhanah,0.000
tiria,0.000
tithing,0.000
tizite,0.000
toah,0.000
tobadonijah,0.000
tohu,0.000
toi,0.000
token,0.000
tokhath,0.000
tolad,0.000
tolaites,0.000
tophel,0.000
topheth,0.000
torrents,0.000
torso,0.000
toss,0.000
tossing,0.000
tottering,0.000
towered,0.000
trace,0.000
tracked,0.000
tract,0.000
trader,0.000
trains,0.000
tramp,0.000
trampling,0.000
transfer,0.000
travelers,0.000
traverse,0.000
traversing,0.000
treader,0.000
treats,0.000
tresses,0.000
trickling,0.000
trim,0.000
troublemaking,0.000
trudging,0.000
turncoat,0.000
tusks,0.000
twigs,0.000
twists,0.000
ucal,0.000
uel,0.000
ugliness,0.000
ulcer,0.000
ulla,0.000
ummah,0.000
uncleannesses,0.000
uncovering,0.000
underground,0.000
undermine,0.000
undersides,0.000
undertake,0.000
undesirable,0.000
undignified,0.000
undo,0.000
unduly,0.000
unfanned,0.000
unformed,0.000
unintended,0.000
unintentional,0.000
unique,0.000
unit,0.000
unloaded,0.000
unmindful,0.000
unrecognized,0.000
unreliable,0.000
unrighteously,0.000
unsavory,0.000
unshod,0.000
unstopped,0.000
untrue,0.000
unturned,0.000
upharsin,0.000
upraised,0.000
uproots,0.000
upstairs,0.000
usually,0.000
uttering,0.000
uzai,0.000
uzzen,0.000
uzzia,0.000
uzzielites,0.000
vagabonds,0.000
vajezatha,0.000
valuable,0.000
values,0.000
vaniah,0.000
vat,0.000
vengefully,0.000
vent,0.000
vents,0.000
verdure,0.000
verified,0.000
verity,0.000
vestibules,0.000
vestments,0.000
victories,0.000
vigil,0.000
vigorous,0.000
vileness,0.000
vindicates,0.000
violates,0.000
visage,0.000
vitality,0.000
volume,0.000
voluntarily,0.000
volunteer,0.000
volunteers,0.000
vomits,0.000
vophsi,0.000
vowing,0.000
waheb,0.000
waifs,0.000
walkways,0.000
walled,0.000
wanderers,0.000
wanderings,0.000
warms,0.000
warred,0.000
wary,0.000
watercourses,0.000
waterfalls,0.000
waterless,0.000
wavered,0.000
waving,0.000
wavy,0.000
wayfaring,0.000
wears,0.000
webs,0.000
wedge,0.000
weeps,0.000
wellsprings,0.000
wend,0.000
whelps,0.000
whet,0.000
whirls,0.000
whisperer,0.000
whitewash,0.000
wholehearted,0.000
wider,0.000
wield,0.000
wielded,0.000
wielding,0.000
willow,0.000
wilts,0.000
windy,0.000
winebibbers,0.000
wines,0.000
wineskin,0.000
winnowed,0.000
winnowers,0.000
wins,0.000
wisest,0.000
wits,0.000
wizards,0.000
wonderfully,0.000
wondering,0.000
woodcutters,0.000
wooded,0.000
woodland,0.000
woodsman,0.000
woolen,0.000
workings,0.000
wounding,0.000
wreath,0.000
wrestlings,0.000
wretchedness,0.000
wringing,0.000
writhe,0.000
writhes,0.000
wrongs,0.000
wrung,0.000
yearning,0.000
yonder,0.000
zaanaim,0.000
zaanan,0.000
zaanannim,0.000
zabbud,0.000
zabud,0.000
zaccai,0.000
zacchur,0.000
zaham,0.000
zair,0.000
zalaph,0.000
zalmonah,0.000
zamzummim,0.000
zaphnath,0.000
zaphon,0.000
zaza,0.000
zebina,0.000
zebudah,0.000
zebulunites,0.000
zecher,0.000
zelzah,0.000
zemirah,0.000
zenan,0.000
zephath,0.000
zephathah,0.000
zephonites,0.000
zer,0.000
zereda,0.000
zeredah,0.000
zererah,0.000
zeri,0.000
zeror,0.000
zeruah,0.000
zetham,0.000
zethan,0.000
zethar,0.000
zia,0.000
zibia,0.000
ziddim,0.000
zina,0.000
zior,0.000
ziphah,0.000
ziphion,0.000
ziphron,0.000
zithri,0.000
ziz,0.000
zizah,0.000
zoheleth,0.000
zoheth,0.000
zophai,0.000
zorites,0.000
zuriel,0.000
zuzim,0.000
away,0.000
hunger,0.000
bought,0.000
caught,0.000
gracious,0.000
sides,0.000
gave,0.000
abundant,0.000
dreams,0.000
eden,0.000
alive,0.000
cyprus,0.000
divorced,0.000
preacher,0.000
spouse,0.000
following,0.000
placed,0.000
kindness,0.000
tears,0.000
lots,0.000
pluck,0.000
rocks,0.000
beautiful,0.000
proud,0.000
destroyed,0.000
acquitted,0.000
aloes,0.000
alter,0.000
begets,0.000
beheld,0.000
berechiah,0.000
blossoms,0.000
breadth,0.000
concerns,0.000
construction,0.000
controversy,0.000
cunning,0.000
dancing,0.000
deals,0.000
dedicate,0.000
delicate,0.000
dens,0.000
distinguish,0.000
dividing,0.000
drunkard,0.000
erected,0.000
events,0.000
fasten,0.000
fights,0.000
forms,0.000
general,0.000
hardens,0.000
harsh,0.000
hastily,0.000
headed,0.000
hedge,0.000
insolent,0.000
instant,0.000
joyous,0.000
leaned,0.000
lentils,0.000
lice,0.000
loads,0.000
meek,0.000
mulberry,0.000
notable,0.000
numbers,0.000
ornament,0.000
overpowered,0.000
pomp,0.000
prospers,0.000
pushed,0.000
raid,0.000
reckon,0.000
roars,0.000
searching,0.000
serug,0.000
shaking,0.000
slaying,0.000
sojourners,0.000
spares,0.000
stays,0.000
stench,0.000
storage,0.000
tamarisk,0.000
tend,0.000
toiled,0.000
topaz,0.000
trumpeters,0.000
underneath,0.000
veils,0.000
victims,0.000
visiting,0.000
web,0.000
wolf,0.000
yarn,0.000
lest,0.000
increase,0.000
approached,0.000
block,0.000
difference,0.000
discerning,0.000
footsteps,0.000
future,0.000
ministering,0.000
pair,0.000
quarrel,0.000
saves,0.000
sickle,0.000
wrapped,0.000
ascend,0.000
locusts,0.000
neighbors,0.000
ornaments,0.000
rules,0.000
thirsty,0.000
stands,0.000
friend,0.000
seed,0.000
hidden,0.000
home,0.000
acceptable,0.000
follows,0.000
proceed,0.000
board,0.000
doves,0.000
eunuch,0.000
guarded,0.000
hasty,0.000
helpers,0.000
justify,0.000
late,0.000
magog,0.000
millstone,0.000
minas,0.000
mingled,0.000
pilgrimage,0.000
refreshed,0.000
returns,0.000
reverence,0.000
sorry,0.000
treat,0.000
unrighteous,0.000
cain,0.000
descended,0.000
acquire,0.000
adorn,0.000
alabaster,0.000
altered,0.000
ant,0.000
arguments,0.000
arrival,0.000
ascribing,0.000
attending,0.000
attracted,0.000
avails,0.000
battlefield,0.000
beggar,0.000
behaves,0.000
beseech,0.000
birthday,0.000
calamities,0.000
capable,0.000
cargo,0.000
carve,0.000
climbed,0.000
coats,0.000
commotion,0.000
compels,0.000
conceives,0.000
conflict,0.000
confuse,0.000
continues,0.000
convenient,0.000
deceiving,0.000
declaring,0.000
decrees,0.000
delightful,0.000
demands,0.000
demolished,0.000
departure,0.000
disappointed,0.000
discipline,0.000
disciplined,0.000
dishonors,0.000
displayed,0.000
distinctly,0.000
doorkeeper,0.000
egg,0.000
engage,0.000
enlightened,0.000
equipped,0.000
eternally,0.000
excuse,0.000
exemption,0.000
exercising,0.000
exhorted,0.000
facts,0.000
fertile,0.000
fewer,0.000
flashes,0.000
forgetfulness,0.000
fraud,0.000
gazing,0.000
glistening,0.000
goddess,0.000
governing,0.000
grazed,0.000
hating,0.000
hay,0.000
hen,0.000
hoopoe,0.000
horde,0.000
horizon,0.000
interpretations,0.000
issues,0.000
kick,0.000
laughing,0.000
leased,0.000
lesser,0.000
lingered,0.000
lustful,0.000
manger,0.000
meantime,0.000
moral,0.000
noted,0.000
observes,0.000
orderly,0.000
parting,0.000
passage,0.000
petitioned,0.000
populated,0.000
practicing,0.000
presumptuous,0.000
prophecies,0.000
protest,0.000
pulls,0.000
purposely,0.000
quails,0.000
quake,0.000
qualified,0.000
reaping,0.000
reaps,0.000
reduced,0.000
regretted,0.000
relation,0.000
releasing,0.000
reproachfully,0.000
resolved,0.000
rights,0.000
risked,0.000
rooted,0.000
roused,0.000
rumors,0.000
scholars,0.000
scorch,0.000
scorching,0.000
scornfully,0.000
sever,0.000
sharing,0.000
shooting,0.000
situation,0.000
smelling,0.000
sorcerer,0.000
sport,0.000
struggle,0.000
succeeded,0.000
sufficiency,0.000
suggested,0.000
summoned,0.000
swearing,0.000
tails,0.000
tasks,0.000
tends,0.000
theft,0.000
thronged,0.000
throwing,0.000
traveled,0.000
untrained,0.000
unusual,0.000
uttermost,0.000
vanished,0.000
weather,0.000
worrying,0.000
apart,0.000
staff,0.000
utter,0.000
devised,0.000
forsook,0.000
groaning,0.000
robes,0.000
severely,0.000
acquaintances,0.000
blowing,0.000
capital,0.000
caves,0.000
censer,0.000
costly,0.000
dash,0.000
departs,0.000
directed,0.000
giant,0.000
holes,0.000
magnified,0.000
nahshon,0.000
opening,0.000
playing,0.000
poison,0.000
raises,0.000
remembers,0.000
sacrificing,0.000
shaved,0.000
span,0.000
trample,0.000
uprooted,0.000
witchcraft,0.000
withers,0.000
addition,0.000
bite,0.000
brood,0.000
charges,0.000
childhood,0.000
circumcise,0.000
cool,0.000
crop,0.000
drunkenness,0.000
examined,0.000
fearful,0.000
felt,0.000
filth,0.000
greedy,0.000
hoped,0.000
implored,0.000
leaped,0.000
liken,0.000
loving,0.000
peaceful,0.000
practiced,0.000
proceeded,0.000
rushed,0.000
seduced,0.000
sorcery,0.000
tied,0.000
trials,0.000
unknown,0.000
wayside,0.000
wineskins,0.000
wolves,0.000
driven,0.000
answers,0.000
behaved,0.000
continual,0.000
enoch,0.000
esteemed,0.000
floods,0.000
inclined,0.000
inward,0.000
leper,0.000
loins,0.000
merchandise,0.000
misery,0.000
proudly,0.000
slumber,0.000
substance,0.000
sold,0.000
circumcised,0.000
determined,0.000
making,0.000
accumulated,0.000
acting,0.000
art,0.000
associate,0.000
beating,0.000
comprehend,0.000
constellations,0.000
consummation,0.000
cured,0.000
debt,0.000
debtor,0.000
devices,0.000
doubled,0.000
edged,0.000
enriched,0.000
eve,0.000
event,0.000
evildoer,0.000
expected,0.000
freedom,0.000
goodwill,0.000
grasp,0.000
illness,0.000
innumerable,0.000
intentions,0.000
knocks,0.000
knowledgeable,0.000
lit,0.000
load,0.000
locked,0.000
manifold,0.000
mutual,0.000
needed,0.000
occurred,0.000
offend,0.000
outward,0.000
overturned,0.000
parted,0.000
penalty,0.000
persisted,0.000
prays,0.000
psalm,0.000
quantity,0.000
quite,0.000
radiant,0.000
reads,0.000
renewed,0.000
repel,0.000
retaliation,0.000
rush,0.000
scale,0.000
scorpions,0.000
shared,0.000
shares,0.000
slanderers,0.000
smoothly,0.000
soft,0.000
sounding,0.000
spoils,0.000
stare,0.000
strap,0.000
strayed,0.000
striking,0.000
supports,0.000
survive,0.000
throws,0.000
unity,0.000
urgent,0.000
vegetables,0.000
vipers,0.000
whispering,0.000
black,0.000
drinks,0.000
hatred,0.000
mean,0.000
needs,0.000
render,0.000
stumbling,0.000
transgress,0.000
ungodly,0.000
listened,0.000
younger,0.000
governor,0.000
clouds,0.000
moon,0.000
multitude,0.000
desert,0.000
dwellings,0.000
finds,0.000
legs,0.000
rejoicing,0.000
thirst,0.000
order,0.000
kept,0.000
grows,0.000
leaven,0.000
glory,0.000
falls,0.000
sell,0.000
attack,0.000
beaten,0.000
division,0.000
swallowed,0.000
willingly,0.000
exalted,0.000
exceedingly,0.000
blameless,0.000
stumble,0.000
treasures,0.000
honor,0.000
room,0.000
kiss,0.000
preserved,0.000
nation,0.000
thief,0.000
sought,0.000
remain,0.000
remained,0.000
accursed,0.000
nights,0.000
resting,0.000
stomach,0.000
street,0.000
assembled,0.000
ninth,0.000
ruler,0.000
committed,0.000
brother,0.000
jonah,0.000
obeyed,0.000
cows,0.000
gird,0.000
killing,0.000
measuring,0.000
shouted,0.000
sickness,0.000
wear,0.000
light,0.000
brimstone,0.000
course,0.000
darkened,0.000
diligent,0.000
forgot,0.000
healing,0.000
offended,0.000
reserved,0.000
steward,0.000
terrified,0.000
reached,0.000
surrounding,0.000
letters,0.000
trembling,0.000
cried,0.000
vineyard,0.000
used,0.000
weep,0.000
running,0.000
day,0.000
beat,0.000
abroad,0.000
consent,0.000
design,0.000
discern,0.000
flute,0.000
regarding,0.000
shook,0.000
stream,0.000
void,0.000
watching,0.000
compassion,0.000
heed,0.000
defense,0.000
sandals,0.000
thanksgiving,0.000
visit,0.000
fasting,0.000
perceived,0.000
shade,0.000
adorned,0.000
plots,0.000
dark,0.000
cleansed,0.000
flowing,0.000
price,0.000
sidon,0.000
bound,0.000
burden,0.000
road,0.000
accomplish,0.000
attain,0.000
avenged,0.000
corrupted,0.000
dispersed,0.000
frighten,0.000
mightily,0.000
refuses,0.000
sandal,0.000
sort,0.000
tabernacles,0.000
underfoot,0.000
vintage,0.000
warm,0.000
worm,0.000
dwelling,0.000
favor,0.000
chose,0.000
heal,0.000
come,0.000
raise,0.000
breaking,0.000
burdens,0.000
prisoners,0.000
rebel,0.000
zeal,0.000
feet,0.000
remains,0.000
trumpet,0.000
arabia,0.000
arrogance,0.000
belongings,0.000
chase,0.000
chasten,0.000
chastise,0.000
cheek,0.000
consult,0.000
contentious,0.000
creep,0.000
divides,0.000
enduring,0.000
expert,0.000
faded,0.000
flight,0.000
fold,0.000
foul,0.000
foxes,0.000
horrible,0.000
housetops,0.000
infants,0.000
jeconiah,0.000
laughter,0.000
magnify,0.000
mesopotamia,0.000
moth,0.000
naturally,0.000
occasion,0.000
occupation,0.000
overseers,0.000
pen,0.000
plow,0.000
rob,0.000
soil,0.000
stairs,0.000
swept,0.000
tablet,0.000
treachery,0.000
uses,0.000
wasted,0.000
won,0.000
adulteries,0.000
agreements,0.000
ain,0.000
allotment,0.000
arab,0.000
areas,0.000
assistant,0.000
bees,0.000
borrow,0.000
bounds,0.000
brighter,0.000
bruised,0.000
bundle,0.000
cage,0.000
cinnamon,0.000
circuit,0.000
composition,0.000
contemptible,0.000
creditor,0.000
cruelty,0.000
deceptive,0.000
designs,0.000
discernment,0.000
disdained,0.000
dismissed,0.000
dreadfully,0.000
dressed,0.000
eggs,0.000
encircled,0.000
enticed,0.000
entirely,0.000
ewes,0.000
exaltation,0.000
excel,0.000
fattened,0.000
forgets,0.000
grandchildren,0.000
grope,0.000
howl,0.000
impute,0.000
increasingly,0.000
inflicted,0.000
lends,0.000
libya,0.000
licked,0.000
lighter,0.000
lightly,0.000
likened,0.000
marble,0.000
marrow,0.000
melody,0.000
million,0.000
mistreated,0.000
mockers,0.000
obeying,0.000
performs,0.000
petitions,0.000
picked,0.000
pleads,0.000
posts,0.000
proposed,0.000
provoking,0.000
quarters,0.000
quieted,0.000
rains,0.000
ransomed,0.000
ravens,0.000
receded,0.000
reduce,0.000
retained,0.000
rubbish,0.000
scent,0.000
scourges,0.000
seacoast,0.000
seller,0.000
sentence,0.000
separation,0.000
shouts,0.000
smoking,0.000
spider,0.000
spikenard,0.000
stalk,0.000
sway,0.000
thundered,0.000
tie,0.000
trimmed,0.000
uninhabited,0.000
uppermost,0.000
uproot,0.000
victim,0.000
view,0.000
wanders,0.000
watcher,0.000
yearns,0.000
worked,0.000
count,0.000
added,0.000
enters,0.000
persecute,0.000
spot,0.000
watched,0.000
turns,0.000
afford,0.000
colors,0.000
dishonest,0.000
distributed,0.000
dull,0.000
firmly,0.000
lacking,0.000
lampstands,0.000
listening,0.000
midnight,0.000
mindful,0.000
rolled,0.000
supplies,0.000
tidings,0.000
keeps,0.000
afflicted,0.000
approach,0.000
sown,0.000
counted,0.000
fig,0.000
treasury,0.000
comfort,0.000
provisions,0.000
sound,0.000
stayed,0.000
alike,0.000
backs,0.000
breathed,0.000
highest,0.000
calf,0.000
touch,0.000
escape,0.000
burning,0.000
passover,0.000
adulterers,0.000
advise,0.000
blindness,0.000
childless,0.000
deadly,0.000
departing,0.000
envious,0.000
favorable,0.000
hinder,0.000
lacked,0.000
luxury,0.000
magistrates,0.000
purchased,0.000
rituals,0.000
sanctifies,0.000
serves,0.000
shameful,0.000
smaller,0.000
wandering,0.000
springs,0.000
distressed,0.000
faced,0.000
hunt,0.000
thoroughly,0.000
tithes,0.000
sure,0.000
theirs,0.000
ran,0.000
suddenly,0.000
great,0.000
cup,0.000
ready,0.000
courtyard,0.000
higher,0.000
maidens,0.000
observed,0.000
sakes,0.000
violently,0.000
companions,0.000
naked,0.000
weeping,0.000
corrupt,0.000
taste,0.000
teaches,0.000
daily,0.000
cattle,0.000
departed,0.000
arises,0.000
assigned,0.000
beds,0.000
big,0.000
booty,0.000
burial,0.000
dig,0.000
handle,0.000
hasten,0.000
limits,0.000
tables,0.000
vines,0.000
uncleanness,0.000
abounding,0.000
abuse,0.000
acknowledged,0.000
ascending,0.000
blown,0.000
boastful,0.000
bowing,0.000
ceiling,0.000
certificate,0.000
contentions,0.000
countrymen,0.000
crowned,0.000
dealing,0.000
defiles,0.000
deputy,0.000
devote,0.000
dipped,0.000
doubtless,0.000
esteem,0.000
exceed,0.000
favored,0.000
getting,0.000
graze,0.000
induced,0.000
kindles,0.000
knit,0.000
leaning,0.000
learning,0.000
linger,0.000
mad,0.000
measures,0.000
nourished,0.000
overshadowed,0.000
pains,0.000
partly,0.000
perfection,0.000
porch,0.000
raging,0.000
rope,0.000
ruling,0.000
scarcely,0.000
sinning,0.000
stooped,0.000
swiftly,0.000
temples,0.000
threats,0.000
touching,0.000
trained,0.000
wage,0.000
worships,0.000
air,0.000
joy,0.000
night,0.000
sharp,0.000
virgins,0.000
goods,0.000
clothed,0.000
sacred,0.000
bringing,0.000
speaks,0.000
stars,0.000
rulers,0.000
people,0.000
business,0.000
fullness,0.000
increases,0.000
pagan,0.000
cloth,0.000
confirm,0.000
embraced,0.000
hiding,0.000
prosperous,0.000
setting,0.000
paid,0.000
poverty,0.000
fell,0.000
eats,0.000
burst,0.000
chastened,0.000
clusters,0.000
flaming,0.000
fountains,0.000
futile,0.000
groan,0.000
harlots,0.000
hearted,0.000
hem,0.000
highways,0.000
inform,0.000
intent,0.000
journeys,0.000
lain,0.000
lightnings,0.000
lights,0.000
prize,0.000
prophesying,0.000
prostrated,0.000
rebels,0.000
retain,0.000
scatters,0.000
shadows,0.000
stray,0.000
sum,0.000
cries,0.000
dishonor,0.000
fingers,0.000
honored,0.000
manna,0.000
ruined,0.000
commandment,0.000
happen,0.000
established,0.000
parts,0.000
abolished,0.000
abounded,0.000
accordingly,0.000
adding,0.000
administered,0.000
alienated,0.000
announced,0.000
appease,0.000
assured,0.000
bags,0.000
brotherhood,0.000
buys,0.000
calm,0.000
carving,0.000
cheated,0.000
class,0.000
cost,0.000
daybreak,0.000
delivering,0.000
delivery,0.000
dense,0.000
deputies,0.000
devising,0.000
dine,0.000
discharged,0.000
dishes,0.000
distinguished,0.000
disturbed,0.000
dropped,0.000
eternity,0.000
excluded,0.000
expense,0.000
failing,0.000
favorably,0.000
float,0.000
glutton,0.000
goads,0.000
grieves,0.000
grinding,0.000
growth,0.000
guiding,0.000
heated,0.000
hunting,0.000
injury,0.000
inquiry,0.000
intestines,0.000
kneel,0.000
lied,0.000
loathsome,0.000
longed,0.000
lydia,0.000
maintained,0.000
miss,0.000
missed,0.000
nests,0.000
owners,0.000
performing,0.000
proven,0.000
pursuit,0.000
raising,0.000
redeeming,0.000
related,0.000
salem,0.000
seizes,0.000
selling,0.000
shines,0.000
shoots,0.000
sicknesses,0.000
sleeps,0.000
smallest,0.000
snatch,0.000
soothsayer,0.000
sorceries,0.000
sounds,0.000
springing,0.000
steep,0.000
stormy,0.000
stumbles,0.000
sudden,0.000
suggest,0.000
suit,0.000
sung,0.000
thunders,0.000
ties,0.000
triumphed,0.000
unwise,0.000
vanishes,0.000
vehement,0.000
verge,0.000
wake,0.000
watering,0.000
withstood,0.000
wondered,0.000
foolish,0.000
mouths,0.000
companion,0.000
joined,0.000
confusion,0.000
foolishness,0.000
instructed,0.000
ministered,0.000
carrying,0.000
guards,0.000
priesthood,0.000
serving,0.000
concerning,0.000
quickly,0.000
women,0.000
bond,0.000
cow,0.000
encouraged,0.000
expectation,0.000
feeding,0.000
pattern,0.000
proceeds,0.000
shone,0.000
toil,0.000
washing,0.000
deceit,0.000
declared,0.000
lying,0.000
bar,0.000
bath,0.000
bricks,0.000
busy,0.000
catches,0.000
center,0.000
cheerful,0.000
concealed,0.000
delayed,0.000
dignity,0.000
dissolved,0.000
drunkards,0.000
embrace,0.000
encouragement,0.000
flask,0.000
fulfillment,0.000
generosity,0.000
graciously,0.000
heavily,0.000
humiliated,0.000
infant,0.000
intended,0.000
joints,0.000
judging,0.000
limit,0.000
lineage,0.000
listens,0.000
mail,0.000
nursed,0.000
pouring,0.000
profits,0.000
rainbow,0.000
relied,0.000
rests,0.000
rooms,0.000
shuts,0.000
sorcerers,0.000
survived,0.000
survivors,0.000
tarry,0.000
tooth,0.000
weighs,0.000
withholds,0.000
appears,0.000
bride,0.000
crooked,0.000
mightier,0.000
nursing,0.000
older,0.000
purification,0.000
stature,0.000
talent,0.000
choose,0.000
faces,0.000
bright,0.000
yield,0.000
excellent,0.000
golden,0.000
throne,0.000
foundation,0.000
issued,0.000
strikes,0.000
establish,0.000
disgraced,0.000
solemn,0.000
carefully,0.000
ceased,0.000
lead,0.000
accompanying,0.000
accuser,0.000
adjoining,0.000
adulteresses,0.000
advisors,0.000
afflicting,0.000
afternoon,0.000
aloof,0.000
ambassador,0.000
amethyst,0.000
amounts,0.000
ankles,0.000
ants,0.000
appoints,0.000
asps,0.000
associated,0.000
awaiting,0.000
bandaged,0.000
banishment,0.000
bay,0.000
beats,0.000
blade,0.000
blamelessly,0.000
blaze,0.000
boasted,0.000
boastfully,0.000
brand,0.000
bribery,0.000
brow,0.000
brutal,0.000
bucket,0.000
calmed,0.000
chair,0.000
chargers,0.000
charging,0.000
chastens,0.000
chests,0.000
childbearing,0.000
circulate,0.000
claims,0.000
clearing,0.000
climbs,0.000
coarse,0.000
collecting,0.000
colored,0.000
communicated,0.000
communities,0.000
concluded,0.000
confer,0.000
conquer,0.000
contemptuously,0.000
continuously,0.000
contribution,0.000
conversation,0.000
crimes,0.000
cruelly,0.000
cucumbers,0.000
cultivate,0.000
cummin,0.000
darken,0.000
deaths,0.000
decline,0.000
decorated,0.000
decrease,0.000
defender,0.000
defiant,0.000
delusion,0.000
denounced,0.000
depression,0.000
detain,0.000
directing,0.000
disappeared,0.000
discover,0.000
disfigure,0.000
dismiss,0.000
displace,0.000
distributes,0.000
ditch,0.000
diverted,0.000
dominions,0.000
drowsiness,0.000
eased,0.000
elamites,0.000
eldest,0.000
elevation,0.000
eloquent,0.000
emptiness,0.000
encompass,0.000
enjoying,0.000
escaping,0.000
exchanges,0.000
exchanging,0.000
exiles,0.000
expanded,0.000
expired,0.000
explaining,0.000
expressing,0.000
extensively,0.000
extinguish,0.000
extortioner,0.000
fantasy,0.000
farming,0.000
festival,0.000
fiercely,0.000
finishing,0.000
fires,0.000
fishing,0.000
fitted,0.000
flooded,0.000
foal,0.000
forged,0.000
foster,0.000
fox,0.000
frail,0.000
freed,0.000
gentile,0.000
gestures,0.000
gnashed,0.000
gored,0.000
gorgeously,0.000
grapevine,0.000
gratify,0.000
gravely,0.000
greedily,0.000
groaned,0.000
handled,0.000
hangs,0.000
harbor,0.000
harmonious,0.000
haters,0.000
haughtily,0.000
heaped,0.000
hinders,0.000
imagination,0.000
imprisonment,0.000
indicate,0.000
individual,0.000
inquires,0.000
insisted,0.000
instructor,0.000
insult,0.000
intents,0.000
interpreter,0.000
interpreting,0.000
interprets,0.000
jacinth,0.000
justifies,0.000
ladder,0.000
lasted,0.000
lately,0.000
laud,0.000
lavish,0.000
layers,0.000
leash,0.000
limbs,0.000
limited,0.000
lotus,0.000
malicious,0.000
mash,0.000
matured,0.000
measurement,0.000
meetings,0.000
menservants,0.000
metal,0.000
mixture,0.000
moist,0.000
moisture,0.000
musicians,0.000
mutilation,0.000
nahum,0.000
negligent,0.000
nourishes,0.000
observance,0.000
obviously,0.000
occasions,0.000
offender,0.000
offscouring,0.000
omens,0.000
outran,0.000
overlook,0.000
particular,0.000
partition,0.000
passages,0.000
perjurers,0.000
permanent,0.000
personally,0.000
piles,0.000
plows,0.000
plunge,0.000
plus,0.000
pocket,0.000
pondered,0.000
porches,0.000
positioned,0.000
pound,0.000
prating,0.000
pressing,0.000
prevailing,0.000
probably,0.000
proportion,0.000
punishments,0.000
quakes,0.000
quantities,0.000
rays,0.000
readily,0.000
rebelling,0.000
recently,0.000
recovery,0.000
reformed,0.000
refreshing,0.000
reigning,0.000
renounced,0.000
replenished,0.000
reserve,0.000
retaliate,0.000
retreated,0.000
revere,0.000
reverted,0.000
rewarding,0.000
ribs,0.000
richness,0.000
rip,0.000
ripens,0.000
rites,0.000
rowed,0.000
scourging,0.000
seam,0.000
seared,0.000
sharpens,0.000
sharper,0.000
sheltered,0.000
shorn,0.000
shorter,0.000
shrewdly,0.000
shunned,0.000
sickbed,0.000
slanderer,0.000
snatches,0.000
splendidly,0.000
sprout,0.000
sprouted,0.000
stability,0.000
stained,0.000
stamp,0.000
station,0.000
status,0.000
stings,0.000
stomachs,0.000
stoning,0.000
stoop,0.000
streaks,0.000
stretching,0.000
strips,0.000
studied,0.000
studies,0.000
suitable,0.000
swayed,0.000
talkers,0.000
tempered,0.000
tending,0.000
thanked,0.000
thanksgivings,0.000
tilling,0.000
tips,0.000
training,0.000
treasurer,0.000
truthfully,0.000
tumbled,0.000
tumults,0.000
twist,0.000
unwilling,0.000
venture,0.000
vindication,0.000
violate,0.000
voluntary,0.000
wailed,0.000
wallowed,0.000
wanton,0.000
warped,0.000
warring,0.000
waterpots,0.000
weakest,0.000
weariness,0.000
wedlock,0.000
weighty,0.000
wholesome,0.000
wiping,0.000
worried,0.000
writes,0.000
wrongdoing,0.000
yielding,0.000
yoked,0.000
heard,0.000
betrothed,0.000
chest,0.000
complain,0.000
custody,0.000
elder,0.000
fit,0.000
flying,0.000
fragrance,0.000
harden,0.000
individually,0.000
loaded,0.000
murderer,0.000
nets,0.000
repaid,0.000
tunics,0.000
wars,0.000
watches,0.000
western,0.000
wonder,0.000
flood,0.000
banished,0.000
burdensome,0.000
immoral,0.000
imposed,0.000
lean,0.000
prominent,0.000
prophesies,0.000
roads,0.000
robbers,0.000
special,0.000
throat,0.000
wearing,0.000
yields,0.000
profit,0.000
filled,0.000
send,0.000
hebrew,0.000
breast,0.000
distance,0.000
stirred,0.000
accordance,0.000
adjacent,0.000
adulteress,0.000
allure,0.000
amiss,0.000
annul,0.000
arabian,0.000
arisen,0.000
arrangement,0.000
assign,0.000
attempts,0.000
bathed,0.000
beginnings,0.000
blocks,0.000
box,0.000
bramble,0.000
breed,0.000
brokenhearted,0.000
bundles,0.000
carrion,0.000
cases,0.000
celebrated,0.000
cliff,0.000
clung,0.000
coffin,0.000
coins,0.000
col,0.000
comparable,0.000
cooking,0.000
corrected,0.000
damaged,0.000
daylight,0.000
dearly,0.000
defects,0.000
defended,0.000
denounce,0.000
designer,0.000
differing,0.000
disappears,0.000
discourse,0.000
disdains,0.000
diseased,0.000
displeasing,0.000
districts,0.000
dragnet,0.000
eager,0.000
elderly,0.000
entirety,0.000
estranged,0.000
excels,0.000
exhausted,0.000
exile,0.000
exploit,0.000
expressly,0.000
extortion,0.000
extreme,0.000
ezekiel,0.000
fan,0.000
figure,0.000
fills,0.000
flourishing,0.000
galloping,0.000
gaps,0.000
gloom,0.000
gnashes,0.000
grandmother,0.000
grandsons,0.000
halted,0.000
harness,0.000
hedges,0.000
helps,0.000
history,0.000
hosea,0.000
immanuel,0.000
incident,0.000
incited,0.000
leafy,0.000
leaping,0.000
letting,0.000
lifting,0.000
lines,0.000
lip,0.000
loudly,0.000
marching,0.000
meets,0.000
mist,0.000
mortally,0.000
muzzle,0.000
nineteen,0.000
noisy,0.000
occur,0.000
owned,0.000
owns,0.000
pale,0.000
parade,0.000
perplexity,0.000
pile,0.000
players,0.000
pointed,0.000
ponder,0.000
postponed,0.000
pretended,0.000
proclaiming,0.000
propose,0.000
propped,0.000
purged,0.000
quarreled,0.000
quick,0.000
ravenous,0.000
realizes,0.000
reared,0.000
regain,0.000
remote,0.000
repeated,0.000
reptile,0.000
respected,0.000
restores,0.000
restrains,0.000
rightful,0.000
riverside,0.000
roam,0.000
rough,0.000
rouse,0.000
saliva,0.000
scoff,0.000
scoffers,0.000
sense,0.000
senseless,0.000
services,0.000
shamefully,0.000
sheepfold,0.000
shrewd,0.000
sift,0.000
silenced,0.000
silently,0.000
silversmith,0.000
slack,0.000
snorting,0.000
soundness,0.000
speed,0.000
spots,0.000
stall,0.000
steals,0.000
stirring,0.000
stock,0.000
stores,0.000
strivings,0.000
stuck,0.000
subvert,0.000
successfully,0.000
swaddling,0.000
swallows,0.000
sweat,0.000
sycamore,0.000
tempestuous,0.000
thistles,0.000
threat,0.000
throng,0.000
thunderbolt,0.000
tilled,0.000
total,0.000
trading,0.000
train,0.000
tribal,0.000
tunnel,0.000
twig,0.000
undone,0.000
unexpectedly,0.000
usual,0.000
utmost,0.000
vainly,0.000
wasting,0.000
wealthy,0.000
whip,0.000
wink,0.000
winnowing,0.000
wring,0.000
wrought,0.000
youthful,0.000
zarephath,0.000
shown,0.000
righteous,0.000
chosen,0.000
going,0.000
sign,0.000
ascended,0.000
gathering,0.000
note,0.000
seeks,0.000
giving,0.000
divided,0.000
drinking,0.000
case,0.000
ships,0.000
sixth,0.000
turn,0.000
strike,0.000
begun,0.000
behavior,0.000
serpents,0.000
staying,0.000
tombs,0.000
teach,0.000
presence,0.000
cross,0.000
bondage,0.000
generation,0.000
partiality,0.000
report,0.000
silent,0.000
speech,0.000
grief,0.000
washed,0.000
befall,0.000
chastening,0.000
discouraged,0.000
disgraceful,0.000
establishes,0.000
flattering,0.000
foolishly,0.000
frightened,0.000
goliath,0.000
gushed,0.000
heels,0.000
honors,0.000
hypocrite,0.000
israelite,0.000
joyfully,0.000
longing,0.000
mocks,0.000
narrow,0.000
perishes,0.000
pierced,0.000
provision,0.000
requested,0.000
searches,0.000
seated,0.000
slept,0.000
spit,0.000
wandered,0.000
whisper,0.000
worshipers,0.000
yesterday,0.000
fight,0.000
large,0.000
isaiah,0.000
behalf,0.000
defend,0.000
inasmuch,0.000
understood,0.000
covet,0.000
deserts,0.000
determine,0.000
distribute,0.000
fatted,0.000
filthiness,0.000
harmful,0.000
helping,0.000
revived,0.000
traded,0.000
bear,0.000
pride,0.000
accomplished,0.000
avenge,0.000
binding,0.000
gog,0.000
moves,0.000
pleaded,0.000
utterance,0.000
remembrance,0.000
sanctified,0.000
girded,0.000
labored,0.000
lewdness,0.000
marvelous,0.000
plot,0.000
supply,0.000
dogs,0.000
bracelets,0.000
builders,0.000
chain,0.000
consuming,0.000
finish,0.000
fresh,0.000
game,0.000
labors,0.000
realm,0.000
shaped,0.000
watered,0.000
weigh,0.000
custom,0.000
reap,0.000
produce,0.000
law,0.000
consume,0.000
palm,0.000
vain,0.000
complained,0.000
required,0.000
shelter,0.000
worshiped,0.000
abundantly,0.000
slaughtered,0.000
stronger,0.000
run,0.000
root,0.000
caused,0.000
rejoiced,0.000
endure,0.000
wrote,0.000
sees,0.000
met,0.000
hungry,0.000
humble,0.000
comforted,0.000
married,0.000
sits,0.000
waves,0.000
puts,0.000
necks,0.000
ahead,0.000
bag,0.000
catch,0.000
confirmed,0.000
handed,0.000
herbs,0.000
laugh,0.000
lowest,0.000
ministers,0.000
similar,0.000
treacherous,0.000
urged,0.000
months,0.000
boy,0.000
casts,0.000
disease,0.000
encourage,0.000
feeds,0.000
fuel,0.000
instruct,0.000
office,0.000
recognized,0.000
registered,0.000
ripe,0.000
sunrise,0.000
swears,0.000
swelling,0.000
understands,0.000
darkness,0.000
adulterous,0.000
allies,0.000
announce,0.000
apiece,0.000
arrest,0.000
associates,0.000
barns,0.000
belonging,0.000
blackness,0.000
boasts,0.000
boys,0.000
causing,0.000
collection,0.000
commanders,0.000
compare,0.000
condemns,0.000
cutting,0.000
danced,0.000
deceiver,0.000
directions,0.000
drops,0.000
emerald,0.000
farmer,0.000
fishermen,0.000
graceful,0.000
grind,0.000
heals,0.000
hesitate,0.000
joint,0.000
main,0.000
mix,0.000
pardoned,0.000
physicians,0.000
points,0.000
powder,0.000
precept,0.000
quietly,0.000
reaped,0.000
removes,0.000
rushing,0.000
sardius,0.000
saving,0.000
slander,0.000
sores,0.000
sparks,0.000
swim,0.000
thirsts,0.000
unholy,0.000
unsearchable,0.000
unstable,0.000
vapor,0.000
save,0.000
